"ID";"Status";"Name";"Art";"Familie";"Assetpfad";"GUID";"Tris";"Renderer";"Aktive Renderer";"Meshes";"Materialslots";"Materialien";"Collider";"Bones";"Root Bones";"Animator Controller";"Clips";"Prefab-Referenzen";"Daten-Referenzen";"Szenen";"Builder-Kandidaten";"Root Transform";"Bounds Center";"Bounds Size";"Standard-Low";"Gameplay-Low";"Capture-Fehler"
"MP0-0001";"fallback";"AshRunner";"Importiertes Modell";"Figuren/Kreaturen";"Assets/_Game/Art/Actors/AshRunner/AshRunner3D/AshRunner.glb";"b932d02d318892c49b20d226df0d2b3b";"1698";"1";"1";"1";"1";"Assets/_Game/Art/Actors/AshRunner/AshRunner3D/AshRunner.glb";"";"chest | footFL | footFR | footRL | footRR | head | hips | jaw | legFL_lo | legFL_up | legFR_lo | legFR_up | legRL_lo | legRL_up | legRR_lo | legRR_up | neck | root | spine | tail1 | tail2 | tail3";"root";"";"Angriff | Erscheinen | Gehen | Ruhe | Taumeln | Telegraph | Tod | Treffer";"Assets/_Game/Prefabs/Actors/3D/AshRunner_3D.prefab | Assets/_Game/Prefabs/Enemies/Forge/AshRunner.prefab";"Assets/_Game/Data/Enemies/Forge/AshRunner.asset";"Assets/_Game/Scenes/EidraForge.unity";"Assets/_Game/Editor/CreatureMeshBuilder.cs";"position=(0,0,0) rotation=(0,0,0) scale=(1,1,1)";"(0,0.916893,-0.300313)";"(1.071741,1.8,2.570678)";"Captures/Standard_Low/MP0-0001_AshRunner.png";"Captures/Gameplay_Low/MP0-0001_AshRunner.png";""
"MP0-0002";"fallback";"CoreGuardian";"Importiertes Modell";"Figuren/Kreaturen";"Assets/_Game/Art/Actors/CoreGuardian/CoreGuardian3D/CoreGuardian.glb";"9f9caf10cd5ad2d4d815561b1e569cc9";"1288";"1";"1";"1";"1";"Assets/_Game/Art/Actors/CoreGuardian/CoreGuardian3D/CoreGuardian.glb";"";"armL_fore | armL_up | armR_fore | armR_up | chest | footL | footR | handL | handR | head | hips | root | shinL | shinR | spine | thighL | thighR";"root";"";"Angriff | Erscheinen | Gehen | Ruhe | Taumeln | Telegraph | Tod | Treffer";"Assets/_Game/Prefabs/Actors/3D/CoreGuardian_3D.prefab | Assets/_Game/Prefabs/Enemies/Forge/CoreGuardian.prefab";"";"Assets/_Game/Scenes/EidraForge.unity";"Assets/_Game/Editor/CreatureMeshBuilder.cs";"position=(0,0,0) rotation=(0,0,0) scale=(1,1,1)";"(0,2.293689,0.320388)";"(3.029126,4.5,2.097087)";"Captures/Standard_Low/MP0-0002_CoreGuardian.png";"Captures/Gameplay_Low/MP0-0002_CoreGuardian.png";""
"MP0-0003";"fallback";"EmberEater";"Importiertes Modell";"Figuren/Kreaturen";"Assets/_Game/Art/Actors/EmberEater/EmberEater3D/EmberEater.glb";"27aba9d977ff0e34982f0ae1176c507c";"1450";"1";"1";"1";"1";"Assets/_Game/Art/Actors/EmberEater/EmberEater3D/EmberEater.glb";"";"armL_fore | armL_up | armR_fore | armR_up | chest | footL | footR | handL | handR | head | hips | root | shinL | shinR | spine | thighL | thighR";"root";"";"Angriff | Erscheinen | Gehen | Ruhe | Taumeln | Telegraph | Tod | Treffer";"Assets/_Game/Prefabs/Actors/3D/EmberEater_3D.prefab | Assets/_Game/Prefabs/Enemies/Forge/EmberEater.prefab";"Assets/_Game/Data/Enemies/Forge/EmberEater.asset";"Assets/_Game/Scenes/EidraForge.unity";"Assets/_Game/Editor/CreatureMeshBuilder.cs";"position=(0,0,0) rotation=(0,0,0) scale=(1,1,1)";"(0,0.815238,0.155619)";"(1.313829,1.6,1.585143)";"Captures/Standard_Low/MP0-0003_EmberEater.png";"Captures/Gameplay_Low/MP0-0003_EmberEater.png";""
"MP0-0004";"fallback";"ForgeGuardian";"Importiertes Modell";"Figuren/Kreaturen";"Assets/_Game/Art/Actors/ForgeGuardian/ForgeGuardian3D/ForgeGuardian.glb";"469cdc0e26cdff64286fe38fe24fe50f";"1296";"1";"1";"1";"1";"Assets/_Game/Art/Actors/ForgeGuardian/ForgeGuardian3D/ForgeGuardian.glb";"";"armL_fore | armL_up | armR_fore | armR_up | chest | footL | footR | handL | handR | head | hips | root | shinL | shinR | spine | thighL | thighR";"root";"";"Angriff | Erscheinen | Gehen | Ruhe | Taumeln | Telegraph | Tod | Treffer";"Assets/_Game/Prefabs/Actors/3D/ForgeGuardian_3D.prefab | Assets/_Game/Prefabs/Enemies/Forge/ForgeGuardian.prefab";"Assets/_Game/Data/Enemies/Forge/ForgeGuardian.asset";"Assets/_Game/Scenes/EidraForge.unity";"Assets/_Game/Editor/EidraForgeEnemyContentBuilder.cs | Assets/_Game/Editor/EidraForgeGeometryBuilder.cs | Assets/_Game/Editor/EidraForgeLichtBuilder.cs | Assets/_Game/Editor/EidraForgeLootAssetBuilder.cs | Assets/_Game/Editor/EidraForgePropBuilder.cs | Assets/_Game/Editor/EidraForgeSceneBuilder.cs | Assets/_Game/Editor/ForgeContainerVisualBuilder.cs | Assets/_Game/Editor/ForgeVisualAssetBuilder.cs";"position=(0,0,0) rotation=(0,0,0) scale=(1,1,1)";"(-0.061738,1.272866,0.045732)";"(1.571646,2.5,0.853659)";"Captures/Standard_Low/MP0-0004_ForgeGuardian.png";"Captures/Gameplay_Low/MP0-0004_ForgeGuardian.png";""
"MP0-0005";"fallback";"Garon";"Importiertes Modell";"Figuren/Kreaturen";"Assets/_Game/Art/Actors/Garon/Garon3D/Garon.glb";"61b3a9b8d3efbf44d96406ababd8d434";"2000";"1";"1";"1";"1";"Assets/_Game/Art/Actors/Garon/Garon3D/Garon.glb";"";"chest | footFL | footFR | footRL | footRR | head | hips | jaw | legFL_lo | legFL_up | legFR_lo | legFR_up | legRL_lo | legRL_up | legRR_lo | legRR_up | neck | root | spine | tail1 | tail2 | tail3";"root";"";"Ansturm | Frontschlag | Gehen | Rueckkehr | Ruhe | Taumeln | Tod | Treffer | Wirbel";"Assets/_Game/Prefabs/Actors/3D/Garon_3D.prefab | Assets/_Game/Prefabs/Bosses/Garon.prefab";"";"Assets/_Game/Scenes/EidraForge.unity | Assets/_Game/Scenes/Zone_EmberRuins.unity";"Assets/_Game/Editor/CreatureMeshBuilder.cs";"position=(0,0,0) rotation=(0,0,0) scale=(1,1,1)";"(0.086135,2.282208,0.345092)";"(3.761227,4.5,6.855828)";"Captures/Standard_Low/MP0-0005_Garon.png";"Captures/Gameplay_Low/MP0-0005_Garon.png";""
"MP0-0006";"fallback";"GraniteShell";"Importiertes Modell";"Figuren/Kreaturen";"Assets/_Game/Art/Actors/GraniteShell/GraniteShell3D/GraniteShell.glb";"2c62d83b05e79574086f340fd32b2e1f";"1756";"1";"1";"1";"1";"Assets/_Game/Art/Actors/GraniteShell/GraniteShell3D/GraniteShell.glb";"";"chest | footFL | footFR | footRL | footRR | head | hips | jaw | legFL_lo | legFL_up | legFR_lo | legFR_up | legRL_lo | legRL_up | legRR_lo | legRR_up | neck | root | spine";"root";"";"Angriff | Erscheinen | Gehen | Ruhe | Taumeln | Telegraph | Tod | Treffer";"Assets/_Game/Prefabs/Actors/3D/GraniteShell_3D.prefab | Assets/_Game/Prefabs/Enemies/TierTwo/GraniteShell.prefab";"Assets/_Game/Data/Enemies/GraniteShell.asset | Assets/_Game/Data/Zones/Zone_EmberRuins.asset | Assets/_Game/Data/Zones/Zone_GreyRifts.asset | Assets/_Game/Data/Zones/Zone_TwilightGrove.asset | Assets/_Game/Data/Zones/Zone_VeilMarsh.asset";"Assets/_Game/Scenes/Zone_EmberRuins.unity | Assets/_Game/Scenes/Zone_GreyRifts.unity | Assets/_Game/Scenes/Zone_TwilightGrove.unity | Assets/_Game/Scenes/Zone_VeilMarsh.unity";"Assets/_Game/Editor/CreatureMeshBuilder.cs";"position=(0,0,0) rotation=(0,0,0) scale=(1,1,1)";"(0,1.223343,0.269194)";"(2.303959,2.400089,3.081415)";"Captures/Standard_Low/MP0-0006_GraniteShell.png";"Captures/Gameplay_Low/MP0-0006_GraniteShell.png";""
"MP0-0007";"fallback";"Ignivar";"Importiertes Modell";"Figuren/Kreaturen";"Assets/_Game/Art/Actors/Ignivar/Ignivar3D/Ignivar.glb";"cd31036a7ebc8804bbbef23f12824217";"2114";"1";"1";"1";"1";"Assets/_Game/Art/Actors/Ignivar/Ignivar3D/Ignivar.glb";"";"chest | footFL | footFR | footRL | footRR | head | hips | jaw | legFL_lo | legFL_up | legFR_lo | legFR_up | legRL_lo | legRL_up | legRR_lo | legRR_up | neck | root | spine | tail1 | tail2 | tail3";"root";"";"Angriff | Erscheinen | Gehen | Ruhe | Taumeln | Telegraph | Tod | Treffer";"Assets/_Game/Prefabs/Actors/3D/Ignivar_3D.prefab | Assets/_Game/Resources/Prefabs/Actors/3D/Ignivar_3D.prefab";"";"";"Assets/_Game/Editor/CreatureMeshBuilder.cs | Assets/_Game/Editor/IgnivarContentBuilder.cs";"position=(0,0,0) rotation=(0,0,0) scale=(1,1,1)";"(0,0.506362,-0.150073)";"(0.656905,1.000105,1.30969)";"Captures/Standard_Low/MP0-0007_Ignivar.png";"Captures/Gameplay_Low/MP0-0007_Ignivar.png";""
"MP0-0008";"fallback";"MoorThrower";"Importiertes Modell";"Figuren/Kreaturen";"Assets/_Game/Art/Actors/MoorThrower/MoorThrower3D/MoorThrower.glb";"b2d5f5c7b98fc6b4fbe221742c99a735";"1736";"1";"1";"1";"1";"Assets/_Game/Art/Actors/MoorThrower/MoorThrower3D/MoorThrower.glb";"";"armL_fore | armL_up | armR_fore | armR_up | chest | footL | footR | handL | handR | head | hips | root | shinL | shinR | spine | thighL | thighR";"root";"";"Angriff | Erscheinen | Gehen | Ruhe | Taumeln | Telegraph | Tod | Treffer";"Assets/_Game/Prefabs/Actors/3D/MoorThrower_3D.prefab | Assets/_Game/Prefabs/Enemies/TierTwo/MoorThrower.prefab";"Assets/_Game/Data/Enemies/MoorThrower.asset | Assets/_Game/Data/Loot/WorldChests/GreyRifts.asset | Assets/_Game/Data/Loot/WorldChests/TwilightGrove.asset | Assets/_Game/Data/Loot/WorldChests/VeilMarsh.asset | Assets/_Game/Data/Zones/Zone_EmberRuins.asset | Assets/_Game/Data/Zones/Zone_GreyRifts.asset | Assets/_Game/Data/Zones/Zone_Marsh.asset | Assets/_Game/Data/Zones/Zone_TwilightGrove.asset | Assets/_Game/Data/Zones/Zone_VeilMarsh.asset";"Assets/_Game/Scenes/Zone_EmberRuins.unity | Assets/_Game/Scenes/Zone_GreyRifts.unity | Assets/_Game/Scenes/Zone_Marsh.unity | Assets/_Game/Scenes/Zone_TwilightGrove.unity | Assets/_Game/Scenes/Zone_VeilMarsh.unity";"Assets/_Game/Editor/CreatureMeshBuilder.cs";"position=(0,0,0) rotation=(0,0,0) scale=(1,1,1)";"(0.037624,0.968812,0.173199)";"(1.272937,1.9,0.93908)";"Captures/Standard_Low/MP0-0008_MoorThrower.png";"Captures/Gameplay_Low/MP0-0008_MoorThrower.png";""
"MP0-0009";"fallback";"Noctarion";"Importiertes Modell";"Figuren/Kreaturen";"Assets/_Game/Art/Actors/Noctarion/Noctarion3D/Noctarion.glb";"b7daee05003967a42a70e50d2f4fb05a";"1666";"1";"1";"1";"1";"Assets/_Game/Art/Actors/Noctarion/Noctarion3D/Noctarion.glb";"";"chest | footFL | footFR | footRL | footRR | head | hips | jaw | legFL_lo | legFL_up | legFR_lo | legFR_up | legRL_lo | legRL_up | legRR_lo | legRR_up | neck | root | spine | tail1 | tail2 | tail3";"root";"";"Erscheinen | Flucht | Gehen | Ruhe | Schattenmal | Schattenschritt | Taumeln | Telegraph | Treffer | Wildangriff";"Assets/_Game/Prefabs/Actors/3D/Noctarion_3D.prefab | Assets/_Game/Resources/Prefabs/Actors/3D/Noctarion_3D.prefab";"";"";"Assets/_Game/Editor/CreatureMeshBuilder.cs | Assets/_Game/Editor/Tests/NoctarionSpriteVisualTests.cs";"position=(0,0,0) rotation=(0,0,0) scale=(1,1,1)";"(0,0.508919,-0.183946)";"(0.530123,1,1.817168)";"Captures/Standard_Low/MP0-0009_Noctarion.png";"Captures/Gameplay_Low/MP0-0009_Noctarion.png";""
"MP0-0010";"fallback";"Wanderer";"Importiertes Modell";"Figuren/Kreaturen";"Assets/_Game/Art/Actors/Player/Wanderer3D/Wanderer.glb";"3a8a17a3ea0ef144cb83d049ef83cf7f";"6506";"19";"19";"19";"19";"Assets/_Game/Art/Actors/Player/Wanderer3D/Wanderer.glb";"";"armL_fore | armL_up | armR_fore | armR_up | dagL | dagR | footL | footR | handL | handR | head | hips | root | shinL | shinR | skirt | spine | staff | thighL | thighR";"root";"";"Abbau_Axt | Abbau_Sense | Abbau_Spitzhacke | Angriff_Dolche | Angriff_Hammer | Angriff_Speer | Gehen_Axt | Gehen_Dolche | Gehen_Hammer | Gehen_Sense | Gehen_Speer | Gehen_Spitzhacke | Laufen_Axt | Laufen_Dolche | Laufen_Hammer | Laufen_Sense | Laufen_Speer | Laufen_Spitzhacke | Oeffnen | Ruhe_Axt | Ruhe_Dolche | Ruhe_Hammer | Ruhe_Sense | Ruhe_Speer | Ruhe_Spitzhacke";"Assets/_Game/Prefabs/Actors/3D/Player_3D.prefab | Assets/_Game/Prefabs/Player/Player.prefab";"";"Assets/_Game/Scenes/EidraForge.unity | Assets/_Game/Scenes/HomeBase.unity | Assets/_Game/Scenes/Zone_EmberRuins.unity | Assets/_Game/Scenes/Zone_Greenwood.unity | Assets/_Game/Scenes/Zone_GreyRifts.unity | Assets/_Game/Scenes/Zone_Marsh.unity | Assets/_Game/Scenes/Zone_Quarry.unity | Assets/_Game/Scenes/Zone_TwilightGrove.unity | Assets/_Game/Scenes/Zone_VeilMarsh.unity";"Assets/_Game/Editor/CreatureMeshBuilder.cs | Assets/_Game/Editor/Tests/Wanderer3DAssetTests.cs | Assets/_Game/Editor/Wanderer3DImportDiagnose.cs | Assets/_Game/Editor/Wanderer3DPlayerBuilder.cs";"position=(0,0,0) rotation=(0,0,0) scale=(1,1,1)";"(-0.017,1.097,0.2045)";"(0.672,2.194,0.845)";"Captures/Standard_Low/MP0-0010_Wanderer.png";"Captures/Gameplay_Low/MP0-0010_Wanderer.png";""
"MP0-0011";"fallback";"RiftGuardian";"Importiertes Modell";"Figuren/Kreaturen";"Assets/_Game/Art/Actors/RiftGuardian/RiftGuardian3D/RiftGuardian.glb";"9adae2a5eed7a9445a55ea615a056046";"1128";"1";"1";"1";"1";"Assets/_Game/Art/Actors/RiftGuardian/RiftGuardian3D/RiftGuardian.glb";"";"armL_fore | armL_up | armR_fore | armR_up | chest | footL | footR | handL | handR | head | hips | root | shinL | shinR | spine | thighL | thighR";"root";"";"Angriff | Erscheinen | Gehen | Ruhe | Taumeln | Telegraph | Tod | Treffer";"Assets/_Game/Prefabs/Actors/3D/RiftGuardian_3D.prefab | Assets/_Game/Prefabs/Enemies/TierTwo/RiftGuardian.prefab";"Assets/_Game/Data/Enemies/RiftGuardian.asset | Assets/_Game/Data/Loot/WorldChests/GreyRifts.asset | Assets/_Game/Data/Loot/WorldChests/TwilightGrove.asset | Assets/_Game/Data/Loot/WorldChests/VeilMarsh.asset | Assets/_Game/Data/Zones/Zone_GreyRifts.asset | Assets/_Game/Data/Zones/Zone_TwilightGrove.asset | Assets/_Game/Data/Zones/Zone_VeilMarsh.asset";"Assets/_Game/Scenes/Zone_GreyRifts.unity | Assets/_Game/Scenes/Zone_TwilightGrove.unity | Assets/_Game/Scenes/Zone_VeilMarsh.unity";"Assets/_Game/Editor/CreatureMeshBuilder.cs";"position=(0,0,0) rotation=(0,0,0) scale=(1,1,1)";"(0,1.526706,0.033022)";"(1.687834,3,0.956252)";"Captures/Standard_Low/MP0-0011_RiftGuardian.png";"Captures/Gameplay_Low/MP0-0011_RiftGuardian.png";""
"MP0-0012";"fallback";"Riftling";"Importiertes Modell";"Figuren/Kreaturen";"Assets/_Game/Art/Actors/Riftling/Riftling3D/Riftling.glb";"1ff239ba6bad5b445bf407be01e4bb5d";"1578";"1";"1";"1";"1";"Assets/_Game/Art/Actors/Riftling/Riftling3D/Riftling.glb";"";"armL_fore | armL_up | armR_fore | armR_up | chest | footL | footR | handL | handR | head | hips | root | shinL | shinR | spine | thighL | thighR";"root";"";"Angriff | Erscheinen | Gehen | Ruhe | Taumeln | Telegraph | Tod | Treffer";"Assets/_Game/Prefabs/Actors/3D/Riftling_3D.prefab | Assets/_Game/Prefabs/Enemies/TierTwo/Riftling.prefab";"Assets/_Game/Data/Enemies/Riftling.asset | Assets/_Game/Data/Loot/WorldChests/GreyRifts.asset | Assets/_Game/Data/Loot/WorldChests/TwilightGrove.asset | Assets/_Game/Data/Loot/WorldChests/VeilMarsh.asset | Assets/_Game/Data/Zones/Zone_EmberRuins.asset | Assets/_Game/Data/Zones/Zone_GreyRifts.asset | Assets/_Game/Data/Zones/Zone_Quarry.asset | Assets/_Game/Data/Zones/Zone_TwilightGrove.asset | Assets/_Game/Data/Zones/Zone_VeilMarsh.asset";"Assets/_Game/Scenes/Zone_EmberRuins.unity | Assets/_Game/Scenes/Zone_GreyRifts.unity | Assets/_Game/Scenes/Zone_Quarry.unity | Assets/_Game/Scenes/Zone_TwilightGrove.unity | Assets/_Game/Scenes/Zone_VeilMarsh.unity";"Assets/_Game/Editor/CreatureMeshBuilder.cs";"position=(0,0,0) rotation=(0,0,0) scale=(1,1,1)";"(0,0.862194,0.177824)";"(0.810879,1.7,0.741781)";"Captures/Standard_Low/MP0-0012_Riftling.png";"Captures/Gameplay_Low/MP0-0012_Riftling.png";""
"MP0-0013";"fallback";"RootCharger";"Importiertes Modell";"Figuren/Kreaturen";"Assets/_Game/Art/Actors/RootCharger/RootCharger3D/RootCharger.glb";"0300909cf54b3394c9c98206242e6ebe";"2084";"1";"1";"1";"1";"Assets/_Game/Art/Actors/RootCharger/RootCharger3D/RootCharger.glb";"";"chest | footFL | footFR | footRL | footRR | head | hips | jaw | legFL_lo | legFL_up | legFR_lo | legFR_up | legRL_lo | legRL_up | legRR_lo | legRR_up | neck | root | spine";"root";"";"Angriff | Erscheinen | Gehen | Ruhe | Taumeln | Telegraph | Tod | Treffer";"Assets/_Game/Prefabs/Actors/3D/RootCharger_3D.prefab | Assets/_Game/Prefabs/Enemies/TierTwo/RootCharger.prefab";"Assets/_Game/Data/Enemies/RootCharger.asset | Assets/_Game/Data/Zones/Zone_EmberRuins.asset | Assets/_Game/Data/Zones/Zone_GreyRifts.asset | Assets/_Game/Data/Zones/Zone_TwilightGrove.asset | Assets/_Game/Data/Zones/Zone_VeilMarsh.asset";"Assets/_Game/Scenes/Zone_EmberRuins.unity | Assets/_Game/Scenes/Zone_GreyRifts.unity | Assets/_Game/Scenes/Zone_TwilightGrove.unity | Assets/_Game/Scenes/Zone_VeilMarsh.unity";"Assets/_Game/Editor/CreatureMeshBuilder.cs";"position=(0,0,0) rotation=(0,0,0) scale=(1,1,1)";"(0,1.121012,-0.073896)";"(2.060506,2.199689,2.558054)";"Captures/Standard_Low/MP0-0013_RootCharger.png";"Captures/Gameplay_Low/MP0-0013_RootCharger.png";""
"MP0-0014";"fallback";"SealGuardian";"Importiertes Modell";"Figuren/Kreaturen";"Assets/_Game/Art/Actors/SealGuardian/SealGuardian3D/SealGuardian.glb";"f1b0809f71e196e4b846f0cfbc1f71e7";"890";"1";"1";"1";"1";"Assets/_Game/Art/Actors/SealGuardian/SealGuardian3D/SealGuardian.glb";"";"armL_fore | armL_up | armR_fore | armR_up | chest | footL | footR | handL | handR | head | hips | root | shinL | shinR | spine | thighL | thighR";"root";"";"Angriff | Erscheinen | Gehen | Ruhe | Taumeln | Telegraph | Tod | Treffer";"Assets/_Game/Prefabs/Actors/3D/SealGuardian_3D.prefab | Assets/_Game/Prefabs/Enemies/Forge/SealGuardian.prefab";"Assets/_Game/Data/Enemies/Forge/SealGuardian.asset";"Assets/_Game/Scenes/EidraForge.unity";"Assets/_Game/Editor/CreatureMeshBuilder.cs";"position=(0,0,0) rotation=(0,0,0) scale=(1,1,1)";"(0.017452,1.530647,0.200057)";"(1.439557,3,1.234393)";"Captures/Standard_Low/MP0-0014_SealGuardian.png";"Captures/Gameplay_Low/MP0-0014_SealGuardian.png";""
"MP0-0015";"fallback";"Terrock";"Importiertes Modell";"Figuren/Kreaturen";"Assets/_Game/Art/Actors/Terrock/Terrock3D/Terrock.glb";"091ca3185de26b7419d6987e94bc3265";"1916";"1";"1";"1";"1";"Assets/_Game/Art/Actors/Terrock/Terrock3D/Terrock.glb";"";"chest | footFL | footFR | footRL | footRR | head | hips | jaw | legFL_lo | legFL_up | legFR_lo | legFR_up | legRL_lo | legRL_up | legRR_lo | legRR_up | neck | root | spine | tail1 | tail2 | tail3";"root";"";"Erscheinen | Felsbrecher | Flucht | Gehen | Ruhe | Steinhaut | Taumeln | Telegraph | Treffer | Wildangriff";"Assets/_Game/Prefabs/Actors/3D/Terrock_3D.prefab | Assets/_Game/Resources/Prefabs/Actors/3D/Terrock_3D.prefab";"";"";"Assets/_Game/Editor/CreatureMeshBuilder.cs";"position=(0,0,0) rotation=(0,0,0) scale=(1,1,1)";"(0.016613,0.50852,0.026624)";"(0.725453,1,1.246006)";"Captures/Standard_Low/MP0-0015_Terrock.png";"Captures/Gameplay_Low/MP0-0015_Terrock.png";""
"MP0-0016";"fallback";"Wildling";"Importiertes Modell";"Figuren/Kreaturen";"Assets/_Game/Art/Actors/Wildling/Wildling3D/Wildling.glb";"4ec54e7381a5e7e488115de5863703f1";"1512";"1";"1";"1";"1";"Assets/_Game/Art/Actors/Wildling/Wildling3D/Wildling.glb";"";"armL_fore | armL_up | armR_fore | armR_up | chest | footL | footR | handL | handR | head | hips | root | shinL | shinR | spine | thighL | thighR";"root";"";"Angriff | Erscheinen | Gehen | Ruhe | Taumeln | Telegraph | Tod | Treffer";"Assets/_Game/Prefabs/Actors/3D/Wildling_3D.prefab | Assets/_Game/Prefabs/Enemies/Wildling.prefab";"Assets/_Game/Data/Enemies/Wildling.asset | Assets/_Game/Data/Zones/Zone_EmberRuins.asset | Assets/_Game/Data/Zones/Zone_Greenwood.asset | Assets/_Game/Data/Zones/Zone_GreyRifts.asset | Assets/_Game/Data/Zones/Zone_Marsh.asset | Assets/_Game/Data/Zones/Zone_Quarry.asset | Assets/_Game/Data/Zones/Zone_TwilightGrove.asset | Assets/_Game/Data/Zones/Zone_VeilMarsh.asset";"Assets/_Game/Scenes/Zone_EmberRuins.unity | Assets/_Game/Scenes/Zone_Greenwood.unity | Assets/_Game/Scenes/Zone_GreyRifts.unity | Assets/_Game/Scenes/Zone_Marsh.unity | Assets/_Game/Scenes/Zone_Quarry.unity | Assets/_Game/Scenes/Zone_TwilightGrove.unity | Assets/_Game/Scenes/Zone_VeilMarsh.unity";"Assets/_Game/Editor/CreatureMeshBuilder.cs | Assets/_Game/Editor/Tests/WildlingDefinitionTests.cs | Assets/_Game/Editor/WildlingContentBuilder.cs | Assets/_Game/Editor/WildlingSceneRewire.cs";"position=(0,0,0) rotation=(0,0,0) scale=(1,1,1)";"(0,0.8375,0.235)";"(0.92,1.645,0.88)";"Captures/Standard_Low/MP0-0016_Wildling.png";"Captures/Gameplay_Low/MP0-0016_Wildling.png";""
"MP0-0017";"abgenommen";"AshRunner_3D";"Prefab";"Figuren/Kreaturen";"Assets/_Game/Prefabs/Actors/3D/AshRunner_3D.prefab";"58ed61fa5de0ed34e99d3961ba794a15";"1698";"1";"1";"1";"1";"Assets/_Game/Art/Actors/M_Kreatur_VertexLit.mat";"";"chest | footFL | footFR | footRL | footRR | head | hips | jaw | legFL_lo | legFL_up | legFR_lo | legFR_up | legRL_lo | legRL_up | legRR_lo | legRR_up | neck | root | spine | tail1 | tail2 | tail3";"root";"";"";"Assets/_Game/Prefabs/Enemies/Forge/AshRunner.prefab";"Assets/_Game/Data/Enemies/Forge/AshRunner.asset";"Assets/_Game/Scenes/EidraForge.unity";"Assets/_Game/Editor/CreatureMeshBuilder.cs";"position=(0,0,0) rotation=(0,0,0) scale=(1,1,1)";"(0,0.916893,-0.300313)";"(1.071741,1.8,2.570678)";"Captures/Standard_Low/MP0-0017_AshRunner_3D.png";"Captures/Gameplay_Low/MP0-0017_AshRunner_3D.png";""
"MP0-0018";"abgenommen";"CoreGuardian_3D";"Prefab";"Figuren/Kreaturen";"Assets/_Game/Prefabs/Actors/3D/CoreGuardian_3D.prefab";"9db5d40ad344b4449bc989a71c9cac46";"1288";"1";"1";"1";"1";"Assets/_Game/Art/Actors/M_Kreatur_VertexLit.mat";"";"armL_fore | armL_up | armR_fore | armR_up | chest | footL | footR | handL | handR | head | hips | root | shinL | shinR | spine | thighL | thighR";"root";"";"";"Assets/_Game/Prefabs/Enemies/Forge/CoreGuardian.prefab";"";"Assets/_Game/Scenes/EidraForge.unity";"Assets/_Game/Editor/CreatureMeshBuilder.cs";"position=(0,0,0) rotation=(0,0,0) scale=(1,1,1)";"(0,2.293689,0.320388)";"(3.029126,4.5,2.097087)";"Captures/Standard_Low/MP0-0018_CoreGuardian_3D.png";"Captures/Gameplay_Low/MP0-0018_CoreGuardian_3D.png";""
"MP0-0019";"abgenommen";"EmberEater_3D";"Prefab";"Figuren/Kreaturen";"Assets/_Game/Prefabs/Actors/3D/EmberEater_3D.prefab";"b9c735db77a86174cb7f875f91c7bae5";"1450";"1";"1";"1";"1";"Assets/_Game/Art/Actors/M_Kreatur_VertexLit.mat";"";"armL_fore | armL_up | armR_fore | armR_up | chest | footL | footR | handL | handR | head | hips | root | shinL | shinR | spine | thighL | thighR";"root";"";"";"Assets/_Game/Prefabs/Enemies/Forge/EmberEater.prefab";"Assets/_Game/Data/Enemies/Forge/EmberEater.asset";"Assets/_Game/Scenes/EidraForge.unity";"Assets/_Game/Editor/CreatureMeshBuilder.cs";"position=(0,0,0) rotation=(0,0,0) scale=(1,1,1)";"(0,0.815238,0.155619)";"(1.313829,1.6,1.585143)";"Captures/Standard_Low/MP0-0019_EmberEater_3D.png";"Captures/Gameplay_Low/MP0-0019_EmberEater_3D.png";""
"MP0-0020";"abgenommen";"ForgeGuardian_3D";"Prefab";"Figuren/Kreaturen";"Assets/_Game/Prefabs/Actors/3D/ForgeGuardian_3D.prefab";"10f04432d55e7f244927f4ed06e922e2";"1296";"1";"1";"1";"1";"Assets/_Game/Art/Actors/M_Kreatur_VertexLit.mat";"";"armL_fore | armL_up | armR_fore | armR_up | chest | footL | footR | handL | handR | head | hips | root | shinL | shinR | spine | thighL | thighR";"root";"";"";"Assets/_Game/Prefabs/Enemies/Forge/ForgeGuardian.prefab";"Assets/_Game/Data/Enemies/Forge/ForgeGuardian.asset";"Assets/_Game/Scenes/EidraForge.unity";"Assets/_Game/Editor/EidraForgeEnemyContentBuilder.cs | Assets/_Game/Editor/EidraForgeGeometryBuilder.cs | Assets/_Game/Editor/EidraForgeLichtBuilder.cs | Assets/_Game/Editor/EidraForgeLootAssetBuilder.cs | Assets/_Game/Editor/EidraForgePropBuilder.cs | Assets/_Game/Editor/EidraForgeSceneBuilder.cs | Assets/_Game/Editor/ForgeContainerVisualBuilder.cs | Assets/_Game/Editor/ForgeVisualAssetBuilder.cs";"position=(0,0,0) rotation=(0,0,0) scale=(1,1,1)";"(-0.061738,1.272866,0.045732)";"(1.571646,2.5,0.853659)";"Captures/Standard_Low/MP0-0020_ForgeGuardian_3D.png";"Captures/Gameplay_Low/MP0-0020_ForgeGuardian_3D.png";""
"MP0-0021";"abgenommen";"Garon_3D";"Prefab";"Figuren/Kreaturen";"Assets/_Game/Prefabs/Actors/3D/Garon_3D.prefab";"b788d5c7094b868478cef736aad5e9c6";"2000";"1";"1";"1";"1";"Assets/_Game/Art/Actors/M_Kreatur_VertexLit.mat";"";"chest | footFL | footFR | footRL | footRR | head | hips | jaw | legFL_lo | legFL_up | legFR_lo | legFR_up | legRL_lo | legRL_up | legRR_lo | legRR_up | neck | root | spine | tail1 | tail2 | tail3";"root";"";"";"Assets/_Game/Prefabs/Bosses/Garon.prefab";"";"Assets/_Game/Scenes/EidraForge.unity | Assets/_Game/Scenes/Zone_EmberRuins.unity";"Assets/_Game/Editor/CreatureMeshBuilder.cs";"position=(0,0,0) rotation=(0,0,0) scale=(1,1,1)";"(0.086135,2.282208,0.345092)";"(3.761227,4.5,6.855828)";"Captures/Standard_Low/MP0-0021_Garon_3D.png";"Captures/Gameplay_Low/MP0-0021_Garon_3D.png";""
"MP0-0022";"abgenommen";"GraniteShell_3D";"Prefab";"Figuren/Kreaturen";"Assets/_Game/Prefabs/Actors/3D/GraniteShell_3D.prefab";"f4b7c3102920e4749a05285dd981a61c";"1756";"1";"1";"1";"1";"Assets/_Game/Art/Actors/M_Kreatur_VertexLit.mat";"";"chest | footFL | footFR | footRL | footRR | head | hips | jaw | legFL_lo | legFL_up | legFR_lo | legFR_up | legRL_lo | legRL_up | legRR_lo | legRR_up | neck | root | spine";"root";"";"";"Assets/_Game/Prefabs/Enemies/TierTwo/GraniteShell.prefab";"Assets/_Game/Data/Enemies/GraniteShell.asset | Assets/_Game/Data/Zones/Zone_EmberRuins.asset | Assets/_Game/Data/Zones/Zone_GreyRifts.asset | Assets/_Game/Data/Zones/Zone_TwilightGrove.asset | Assets/_Game/Data/Zones/Zone_VeilMarsh.asset";"Assets/_Game/Scenes/Zone_EmberRuins.unity | Assets/_Game/Scenes/Zone_GreyRifts.unity | Assets/_Game/Scenes/Zone_TwilightGrove.unity | Assets/_Game/Scenes/Zone_VeilMarsh.unity";"Assets/_Game/Editor/CreatureMeshBuilder.cs";"position=(0,0,0) rotation=(0,0,0) scale=(1,1,1)";"(0,1.223343,0.269194)";"(2.303959,2.400089,3.081415)";"Captures/Standard_Low/MP0-0022_GraniteShell_3D.png";"Captures/Gameplay_Low/MP0-0022_GraniteShell_3D.png";""
"MP0-0023";"abgenommen";"Ignivar_3D";"Prefab";"Figuren/Kreaturen";"Assets/_Game/Prefabs/Actors/3D/Ignivar_3D.prefab";"7930733b4c603dc489768eefece97e75";"2114";"1";"1";"1";"1";"Assets/_Game/Art/Actors/M_Kreatur_VertexLit.mat";"";"chest | footFL | footFR | footRL | footRR | head | hips | jaw | legFL_lo | legFL_up | legFR_lo | legFR_up | legRL_lo | legRL_up | legRR_lo | legRR_up | neck | root | spine | tail1 | tail2 | tail3";"root";"";"";"Assets/_Game/Resources/Prefabs/Actors/3D/Ignivar_3D.prefab";"";"";"Assets/_Game/Editor/CreatureMeshBuilder.cs | Assets/_Game/Editor/EidraVisual3DBuilder.cs";"position=(0,0,0) rotation=(0,0,0) scale=(1,1,1)";"(0,0.506362,-0.150073)";"(0.656905,1.000105,1.30969)";"Captures/Standard_Low/MP0-0023_Ignivar_3D.png";"Captures/Gameplay_Low/MP0-0023_Ignivar_3D.png";""
"MP0-0024";"abgenommen";"MoorThrower_3D";"Prefab";"Figuren/Kreaturen";"Assets/_Game/Prefabs/Actors/3D/MoorThrower_3D.prefab";"bd92fc1ded2dbad4b8810a6aab560df2";"1736";"1";"1";"1";"1";"Assets/_Game/Art/Actors/M_Kreatur_VertexLit.mat";"";"armL_fore | armL_up | armR_fore | armR_up | chest | footL | footR | handL | handR | head | hips | root | shinL | shinR | spine | thighL | thighR";"root";"";"";"Assets/_Game/Prefabs/Enemies/TierTwo/MoorThrower.prefab";"Assets/_Game/Data/Enemies/MoorThrower.asset | Assets/_Game/Data/Loot/WorldChests/GreyRifts.asset | Assets/_Game/Data/Loot/WorldChests/TwilightGrove.asset | Assets/_Game/Data/Loot/WorldChests/VeilMarsh.asset | Assets/_Game/Data/Zones/Zone_EmberRuins.asset | Assets/_Game/Data/Zones/Zone_GreyRifts.asset | Assets/_Game/Data/Zones/Zone_Marsh.asset | Assets/_Game/Data/Zones/Zone_TwilightGrove.asset | Assets/_Game/Data/Zones/Zone_VeilMarsh.asset";"Assets/_Game/Scenes/Zone_EmberRuins.unity | Assets/_Game/Scenes/Zone_GreyRifts.unity | Assets/_Game/Scenes/Zone_Marsh.unity | Assets/_Game/Scenes/Zone_TwilightGrove.unity | Assets/_Game/Scenes/Zone_VeilMarsh.unity";"Assets/_Game/Editor/CreatureMeshBuilder.cs";"position=(0,0,0) rotation=(0,0,0) scale=(1,1,1)";"(0.037624,0.968812,0.173199)";"(1.272937,1.9,0.93908)";"Captures/Standard_Low/MP0-0024_MoorThrower_3D.png";"Captures/Gameplay_Low/MP0-0024_MoorThrower_3D.png";""
"MP0-0025";"abgenommen";"Noctarion_3D";"Prefab";"Figuren/Kreaturen";"Assets/_Game/Prefabs/Actors/3D/Noctarion_3D.prefab";"4b118cbf760ed724899bb2d9a8ca0b24";"1666";"1";"1";"1";"1";"Assets/_Game/Art/Actors/M_Kreatur_VertexLit.mat";"";"chest | footFL | footFR | footRL | footRR | head | hips | jaw | legFL_lo | legFL_up | legFR_lo | legFR_up | legRL_lo | legRL_up | legRR_lo | legRR_up | neck | root | spine | tail1 | tail2 | tail3";"root";"";"";"Assets/_Game/Resources/Prefabs/Actors/3D/Noctarion_3D.prefab";"";"";"Assets/_Game/Editor/CreatureMeshBuilder.cs | Assets/_Game/Editor/EidraVisual3DBuilder.cs";"position=(0,0,0) rotation=(0,0,0) scale=(1,1,1)";"(0,0.508919,-0.183946)";"(0.530123,1,1.817168)";"Captures/Standard_Low/MP0-0025_Noctarion_3D.png";"Captures/Gameplay_Low/MP0-0025_Noctarion_3D.png";""
"MP0-0026";"abgenommen";"Player_3D";"Prefab";"Figuren/Kreaturen";"Assets/_Game/Prefabs/Actors/3D/Player_3D.prefab";"3ce51e342cf067d40b5175391ab3bbde";"6506";"19";"1";"19";"19";"Assets/_Game/Art/Actors/Player/Wanderer3D/M_Wanderer_VertexLit.mat";"";"armL_fore | armL_up | armR_fore | armR_up | dagL | dagR | footL | footR | handL | handR | head | hips | root | shinL | shinR | skirt | spine | staff | thighL | thighR";"root";"";"";"Assets/_Game/Prefabs/Player/Player.prefab";"";"Assets/_Game/Scenes/EidraForge.unity | Assets/_Game/Scenes/HomeBase.unity | Assets/_Game/Scenes/Zone_EmberRuins.unity | Assets/_Game/Scenes/Zone_Greenwood.unity | Assets/_Game/Scenes/Zone_GreyRifts.unity | Assets/_Game/Scenes/Zone_Marsh.unity | Assets/_Game/Scenes/Zone_Quarry.unity | Assets/_Game/Scenes/Zone_TwilightGrove.unity | Assets/_Game/Scenes/Zone_VeilMarsh.unity";"Assets/_Game/Editor/CreatureMeshBuilder.cs | Assets/_Game/Editor/Wanderer3DPlayerBuilder.cs";"position=(0,0,0) rotation=(0,0,0) scale=(1,1,1)";"(0,0.9,0.004)";"(0.616,1.796,0.282)";"Captures/Standard_Low/MP0-0026_Player_3D.png";"Captures/Gameplay_Low/MP0-0026_Player_3D.png";""
"MP0-0027";"abgenommen";"RiftGuardian_3D";"Prefab";"Figuren/Kreaturen";"Assets/_Game/Prefabs/Actors/3D/RiftGuardian_3D.prefab";"c580a806186185c4f94061fa17b18734";"1128";"1";"1";"1";"1";"Assets/_Game/Art/Actors/M_Kreatur_VertexLit.mat";"";"armL_fore | armL_up | armR_fore | armR_up | chest | footL | footR | handL | handR | head | hips | root | shinL | shinR | spine | thighL | thighR";"root";"";"";"Assets/_Game/Prefabs/Enemies/TierTwo/RiftGuardian.prefab";"Assets/_Game/Data/Enemies/RiftGuardian.asset | Assets/_Game/Data/Loot/WorldChests/GreyRifts.asset | Assets/_Game/Data/Loot/WorldChests/TwilightGrove.asset | Assets/_Game/Data/Loot/WorldChests/VeilMarsh.asset | Assets/_Game/Data/Zones/Zone_GreyRifts.asset | Assets/_Game/Data/Zones/Zone_TwilightGrove.asset | Assets/_Game/Data/Zones/Zone_VeilMarsh.asset";"Assets/_Game/Scenes/Zone_GreyRifts.unity | Assets/_Game/Scenes/Zone_TwilightGrove.unity | Assets/_Game/Scenes/Zone_VeilMarsh.unity";"Assets/_Game/Editor/CreatureMeshBuilder.cs";"position=(0,0,0) rotation=(0,0,0) scale=(1,1,1)";"(0,1.526706,0.033022)";"(1.687834,3,0.956252)";"Captures/Standard_Low/MP0-0027_RiftGuardian_3D.png";"Captures/Gameplay_Low/MP0-0027_RiftGuardian_3D.png";""
"MP0-0028";"abgenommen";"Riftling_3D";"Prefab";"Figuren/Kreaturen";"Assets/_Game/Prefabs/Actors/3D/Riftling_3D.prefab";"99f93ac7e8a4c1949a23b066046844e8";"1578";"1";"1";"1";"1";"Assets/_Game/Art/Actors/M_Kreatur_VertexLit.mat";"";"armL_fore | armL_up | armR_fore | armR_up | chest | footL | footR | handL | handR | head | hips | root | shinL | shinR | spine | thighL | thighR";"root";"";"";"Assets/_Game/Prefabs/Enemies/TierTwo/Riftling.prefab";"Assets/_Game/Data/Enemies/Riftling.asset | Assets/_Game/Data/Loot/WorldChests/GreyRifts.asset | Assets/_Game/Data/Loot/WorldChests/TwilightGrove.asset | Assets/_Game/Data/Loot/WorldChests/VeilMarsh.asset | Assets/_Game/Data/Zones/Zone_EmberRuins.asset | Assets/_Game/Data/Zones/Zone_GreyRifts.asset | Assets/_Game/Data/Zones/Zone_Quarry.asset | Assets/_Game/Data/Zones/Zone_TwilightGrove.asset | Assets/_Game/Data/Zones/Zone_VeilMarsh.asset";"Assets/_Game/Scenes/Zone_EmberRuins.unity | Assets/_Game/Scenes/Zone_GreyRifts.unity | Assets/_Game/Scenes/Zone_Quarry.unity | Assets/_Game/Scenes/Zone_TwilightGrove.unity | Assets/_Game/Scenes/Zone_VeilMarsh.unity";"Assets/_Game/Editor/CreatureMeshBuilder.cs";"position=(0,0,0) rotation=(0,0,0) scale=(1,1,1)";"(0,0.862194,0.177824)";"(0.810879,1.7,0.741781)";"Captures/Standard_Low/MP0-0028_Riftling_3D.png";"Captures/Gameplay_Low/MP0-0028_Riftling_3D.png";""
"MP0-0029";"abgenommen";"RootCharger_3D";"Prefab";"Figuren/Kreaturen";"Assets/_Game/Prefabs/Actors/3D/RootCharger_3D.prefab";"42013866670934843a6e96f462d6a3ed";"2084";"1";"1";"1";"1";"Assets/_Game/Art/Actors/M_Kreatur_VertexLit.mat";"";"chest | footFL | footFR | footRL | footRR | head | hips | jaw | legFL_lo | legFL_up | legFR_lo | legFR_up | legRL_lo | legRL_up | legRR_lo | legRR_up | neck | root | spine";"root";"";"";"Assets/_Game/Prefabs/Enemies/TierTwo/RootCharger.prefab";"Assets/_Game/Data/Enemies/RootCharger.asset | Assets/_Game/Data/Zones/Zone_EmberRuins.asset | Assets/_Game/Data/Zones/Zone_GreyRifts.asset | Assets/_Game/Data/Zones/Zone_TwilightGrove.asset | Assets/_Game/Data/Zones/Zone_VeilMarsh.asset";"Assets/_Game/Scenes/Zone_EmberRuins.unity | Assets/_Game/Scenes/Zone_GreyRifts.unity | Assets/_Game/Scenes/Zone_TwilightGrove.unity | Assets/_Game/Scenes/Zone_VeilMarsh.unity";"Assets/_Game/Editor/CreatureMeshBuilder.cs";"position=(0,0,0) rotation=(0,0,0) scale=(1,1,1)";"(0,1.121012,-0.073896)";"(2.060506,2.199689,2.558054)";"Captures/Standard_Low/MP0-0029_RootCharger_3D.png";"Captures/Gameplay_Low/MP0-0029_RootCharger_3D.png";""
"MP0-0030";"abgenommen";"SealGuardian_3D";"Prefab";"Figuren/Kreaturen";"Assets/_Game/Prefabs/Actors/3D/SealGuardian_3D.prefab";"92c0b93beea767a4eb5c1f267903da03";"890";"1";"1";"1";"1";"Assets/_Game/Art/Actors/M_Kreatur_VertexLit.mat";"";"armL_fore | armL_up | armR_fore | armR_up | chest | footL | footR | handL | handR | head | hips | root | shinL | shinR | spine | thighL | thighR";"root";"";"";"Assets/_Game/Prefabs/Enemies/Forge/SealGuardian.prefab";"Assets/_Game/Data/Enemies/Forge/SealGuardian.asset";"Assets/_Game/Scenes/EidraForge.unity";"Assets/_Game/Editor/CreatureMeshBuilder.cs";"position=(0,0,0) rotation=(0,0,0) scale=(1,1,1)";"(0.017452,1.530647,0.200057)";"(1.439557,3,1.234393)";"Captures/Standard_Low/MP0-0030_SealGuardian_3D.png";"Captures/Gameplay_Low/MP0-0030_SealGuardian_3D.png";""
"MP0-0031";"abgenommen";"Terrock_3D";"Prefab";"Figuren/Kreaturen";"Assets/_Game/Prefabs/Actors/3D/Terrock_3D.prefab";"dcb10d767bcd1964fa72c7628a1f4cb6";"1916";"1";"1";"1";"1";"Assets/_Game/Art/Actors/M_Kreatur_VertexLit.mat";"";"chest | footFL | footFR | footRL | footRR | head | hips | jaw | legFL_lo | legFL_up | legFR_lo | legFR_up | legRL_lo | legRL_up | legRR_lo | legRR_up | neck | root | spine | tail1 | tail2 | tail3";"root";"";"";"Assets/_Game/Resources/Prefabs/Actors/3D/Terrock_3D.prefab";"";"";"Assets/_Game/Editor/CreatureMeshBuilder.cs | Assets/_Game/Editor/EidraVisual3DBuilder.cs";"position=(0,0,0) rotation=(0,0,0) scale=(1,1,1)";"(0.016613,0.50852,0.026624)";"(0.725453,1,1.246006)";"Captures/Standard_Low/MP0-0031_Terrock_3D.png";"Captures/Gameplay_Low/MP0-0031_Terrock_3D.png";""
"MP0-0032";"abgenommen";"Wildling_3D";"Prefab";"Figuren/Kreaturen";"Assets/_Game/Prefabs/Actors/3D/Wildling_3D.prefab";"b31d4ff87020a7d47a2bcb86b984b5eb";"1512";"1";"1";"1";"1";"Assets/_Game/Art/Actors/M_Kreatur_VertexLit.mat";"";"armL_fore | armL_up | armR_fore | armR_up | chest | footL | footR | handL | handR | head | hips | root | shinL | shinR | spine | thighL | thighR";"root";"";"";"Assets/_Game/Prefabs/Enemies/Wildling.prefab";"Assets/_Game/Data/Enemies/Wildling.asset | Assets/_Game/Data/Zones/Zone_EmberRuins.asset | Assets/_Game/Data/Zones/Zone_Greenwood.asset | Assets/_Game/Data/Zones/Zone_GreyRifts.asset | Assets/_Game/Data/Zones/Zone_Marsh.asset | Assets/_Game/Data/Zones/Zone_Quarry.asset | Assets/_Game/Data/Zones/Zone_TwilightGrove.asset | Assets/_Game/Data/Zones/Zone_VeilMarsh.asset";"Assets/_Game/Scenes/Zone_EmberRuins.unity | Assets/_Game/Scenes/Zone_Greenwood.unity | Assets/_Game/Scenes/Zone_GreyRifts.unity | Assets/_Game/Scenes/Zone_Marsh.unity | Assets/_Game/Scenes/Zone_Quarry.unity | Assets/_Game/Scenes/Zone_TwilightGrove.unity | Assets/_Game/Scenes/Zone_VeilMarsh.unity";"Assets/_Game/Editor/CreatureMeshBuilder.cs";"position=(0,0,0) rotation=(0,0,0) scale=(1,1,1)";"(0,0.8375,0.235)";"(0.92,1.645,0.88)";"Captures/Standard_Low/MP0-0032_Wildling_3D.png";"Captures/Gameplay_Low/MP0-0032_Wildling_3D.png";""
"MP0-0033";"abgenommen";"Garon";"Prefab";"Sonstige sichtbare 3D-Assets";"Assets/_Game/Prefabs/Bosses/Garon.prefab";"b8d04bc186285b944a166a14cdb6069d";"2000";"2";"2";"1";"2";"Assets/_Game/Art/Actors/Garon/Materials/M_Garon_GroundShadow.mat | Assets/_Game/Art/Actors/M_Kreatur_VertexLit.mat";"CapsuleCollider@<root> trigger=False center=(0,1.55,0) radius=1.25 height=3.1 direction=1";"chest | footFL | footFR | footRL | footRR | head | hips | jaw | legFL_lo | legFL_up | legFR_lo | legFR_up | legRL_lo | legRL_up | legRR_lo | legRR_up | neck | root | spine | tail1 | tail2 | tail3";"root";"";"";"";"";"Assets/_Game/Scenes/EidraForge.unity | Assets/_Game/Scenes/Zone_EmberRuins.unity";"Assets/_Game/Editor/CreatureEnemyRewire.cs | Assets/_Game/Editor/EidrenSceneStructureBuilder.cs | Assets/_Game/Editor/GaronEmberRuinsContentBuilder.cs | Assets/_Game/Editor/Tests/GaronEmberRuinsContentTests.cs";"position=(0,0,0) rotation=(0,0,0) scale=(1,1,1)";"(0.086135,2.266104,0.345092)";"(3.761227,4.532208,6.855828)";"Captures/Standard_Low/MP0-0033_Garon.png";"Captures/Gameplay_Low/MP0-0033_Garon.png";""
"MP0-0034";"abgenommen";"BLD_CookingPot_L01";"Prefab";"Gebaeude/Stationen";"Assets/_Game/Prefabs/Buildings/Level01/BLD_CookingPot_L01.prefab";"fb568eae807259340a1e73de8adf60e3";"716";"29";"29";"29";"29";"Assets/_Game/Art/World/Materials/M_EidrenWorld_VertexLit.mat | Assets/_Game/Art/World/Materials/M_World_ContactShadow.mat";"BoxCollider@<root> trigger=False center=(0,0.5,0) size=(1,1,1)";"";"";"";"";"";"Assets/_Game/Data/Buildings/CookingPot.asset | Assets/_Game/Resources/Data/BuildingCatalog_V01.asset";"";"Assets/_Game/Editor/BuildingCostContentBuilder.cs | Assets/_Game/Editor/BuildingDoorContentBuilder.cs | Assets/_Game/Editor/BuildingMenuUiBuilder.cs | Assets/_Game/Editor/BuildingPreviewContentBuilder.cs | Assets/_Game/Editor/BuildingRoofContentBuilder.cs | Assets/_Game/Editor/EidrenBuildingVisualBuilder.cs | Assets/_Game/Editor/ProductionContentBuilder.cs | Assets/_Game/Editor/Tests/InteractionIconTests.cs | Assets/_Game/Editor/Tests/VisualAssetTests.cs | Assets/_Game/Editor/VisualScaleAssetMap.cs | Assets/_Game/Editor/WorldChestStyleCaptureUtility.cs";"position=(0,0,0) rotation=(0,0,0) scale=(1,1,1)";"(0.025248,0.5,-0.008971)";"(1.129231,1,0.972873)";"Captures/Standard_Low/MP0-0034_BLD_CookingPot_L01.png";"Captures/Gameplay_Low/MP0-0034_BLD_CookingPot_L01.png";""
"MP0-0035";"abgenommen";"BLD_Door_L01";"Prefab";"Gebaeude/Stationen";"Assets/_Game/Prefabs/Buildings/Level01/BLD_Door_L01.prefab";"e3ae2b2d6c1da604e93bdbe81cb67676";"218";"19";"15";"16";"19";"Assets/_Game/Art/World/Materials/M_EidrenWorld_VertexLit.mat | Assets/_Game/Art/World/Materials/M_World_ContactShadow.mat";"BoxCollider@<root> trigger=False center=(0,1.3,0) size=(1,2.6,0.2) | SphereCollider@DoorSensor trigger=True center=(0,1,0) radius=2.1";"";"";"";"";"";"Assets/_Game/Data/Buildings/Door.asset | Assets/_Game/Resources/Data/BuildingCatalog_V01.asset";"";"Assets/_Game/Editor/BuildingCostContentBuilder.cs | Assets/_Game/Editor/BuildingDoorContentBuilder.cs | Assets/_Game/Editor/BuildingMenuUiBuilder.cs | Assets/_Game/Editor/BuildingPreviewContentBuilder.cs | Assets/_Game/Editor/BuildingRoofContentBuilder.cs | Assets/_Game/Editor/EidrenBuildingVisualBuilder.cs | Assets/_Game/Editor/Tests/Fixrunde031Tests.cs | Assets/_Game/Editor/Tests/VisualAssetTests.cs | Assets/_Game/Editor/VisualScaleAssetMap.cs | Assets/_Game/Editor/WorldChestStyleCaptureUtility.cs";"position=(0,0,0) rotation=(0,0,0) scale=(1,1,1)";"(0.029097,1.3,-0.065972)";"(1.45756,2.6,0.804995)";"Captures/Standard_Low/MP0-0035_BLD_Door_L01.png";"Captures/Gameplay_Low/MP0-0035_BLD_Door_L01.png";""
"MP0-0036";"abgenommen";"BLD_FarmPlot_L01";"Prefab";"Gebaeude/Stationen";"Assets/_Game/Prefabs/Buildings/Level01/BLD_FarmPlot_L01.prefab";"f2a380512a473b643a3fe840862b44f3";"470";"40";"28";"28";"40";"Assets/_Game/Art/World/Materials/M_EidrenWorld_VertexLit.mat | Assets/_Game/Art/World/Materials/M_World_ContactShadow.mat | Assets/_Game/Materials/Buildings/M_FarmPlot_Crop.mat | Assets/_Game/Materials/Buildings/M_FarmPlot_Soil.mat | Assets/_Game/Materials/Buildings/M_FarmPlot_Sprout.mat";"BoxCollider@<root> trigger=False center=(0,0.075,0) size=(2,0.15,2)";"";"";"";"";"";"Assets/_Game/Data/Buildings/FarmPlot.asset | Assets/_Game/Resources/Data/BuildingCatalog_V01.asset";"";"Assets/_Game/Editor/BuildingCostContentBuilder.cs | Assets/_Game/Editor/BuildingDoorContentBuilder.cs | Assets/_Game/Editor/BuildingMenuUiBuilder.cs | Assets/_Game/Editor/BuildingPreviewContentBuilder.cs | Assets/_Game/Editor/BuildingRoofContentBuilder.cs | Assets/_Game/Editor/EidrenBuildingVisualBuilder.cs | Assets/_Game/Editor/FarmPlotVisualRebuilder.cs | Assets/_Game/Editor/ProductionContentBuilder.cs | Assets/_Game/Editor/Tests/HomeBaseContentTests.cs | Assets/_Game/Editor/Tests/InteractionIconTests.cs | Assets/_Game/Editor/Tests/VisualAssetTests.cs | Assets/_Game/Editor/VisualScaleAssetMap.cs | Assets/_Game/Editor/WorldChestStyleCaptureUtility.cs";"position=(0,0,0) rotation=(0,0,0) scale=(1,1,1)";"(0.029097,0.303109,-0.00655)";"(2.456812,0.621218,2.0131)";"Captures/Standard_Low/MP0-0036_BLD_FarmPlot_L01.png";"Captures/Gameplay_Low/MP0-0036_BLD_FarmPlot_L01.png";""
"MP0-0037";"abgenommen";"BLD_Floor_L01";"Prefab";"Gebaeude/Stationen";"Assets/_Game/Prefabs/Buildings/Level01/BLD_Floor_L01.prefab";"6d4d5579cbb97554787e976ecb41b48a";"216";"18";"18";"18";"18";"Assets/_Game/Art/World/Materials/M_EidrenWorld_VertexLit.mat";"BoxCollider@<root> trigger=False center=(0,0.075,0) size=(1,0.15,1)";"";"";"";"";"";"Assets/_Game/Data/Buildings/Floor.asset | Assets/_Game/Resources/Data/BuildingCatalog_V01.asset";"";"Assets/_Game/Editor/BuildingCostContentBuilder.cs | Assets/_Game/Editor/BuildingDoorContentBuilder.cs | Assets/_Game/Editor/BuildingMenuUiBuilder.cs | Assets/_Game/Editor/BuildingPreviewContentBuilder.cs | Assets/_Game/Editor/BuildingRoofContentBuilder.cs | Assets/_Game/Editor/EidrenBuildingVisualBuilder.cs | Assets/_Game/Editor/Tests/VisualAssetTests.cs | Assets/_Game/Editor/VisualScaleAssetMap.cs | Assets/_Game/Editor/WorldChestStyleCaptureUtility.cs";"position=(0,0,0) rotation=(0,0,0) scale=(1,1,1)";"(0,0.08,0)";"(1,0.16,0.96)";"Captures/Standard_Low/MP0-0037_BLD_Floor_L01.png";"Captures/Gameplay_Low/MP0-0037_BLD_Floor_L01.png";""
"MP0-0038";"abgenommen";"BLD_Ropewalk_L01";"Prefab";"Gebaeude/Stationen";"Assets/_Game/Prefabs/Buildings/Level01/BLD_Ropewalk_L01.prefab";"9a073ed884e040f44a3c64e9d1194986";"142";"10";"10";"10";"10";"Assets/_Game/Art/World/Materials/M_EidrenWorld_VertexLit.mat | Assets/_Game/Art/World/Materials/M_World_ContactShadow.mat";"BoxCollider@<root> trigger=False center=(0,0.8,0) size=(1,1.6,1)";"";"";"";"";"";"Assets/_Game/Data/Buildings/Ropewalk.asset | Assets/_Game/Resources/Data/BuildingCatalog_V01.asset";"";"Assets/_Game/Editor/BuildingCostContentBuilder.cs | Assets/_Game/Editor/BuildingDoorContentBuilder.cs | Assets/_Game/Editor/BuildingMenuUiBuilder.cs | Assets/_Game/Editor/BuildingPreviewContentBuilder.cs | Assets/_Game/Editor/BuildingRoofContentBuilder.cs | Assets/_Game/Editor/EidrenBuildingVisualBuilder.cs | Assets/_Game/Editor/ProductionContentBuilder.cs | Assets/_Game/Editor/Tests/InteractionIconTests.cs | Assets/_Game/Editor/VisualScaleAssetMap.cs | Assets/_Game/Editor/WorldChestStyleCaptureUtility.cs";"position=(0,0,0) rotation=(0,0,0) scale=(1,1,1)";"(0.029097,0.8,-0.0138)";"(1.108157,1.6,0.950957)";"Captures/Standard_Low/MP0-0038_BLD_Ropewalk_L01.png";"Captures/Gameplay_Low/MP0-0038_BLD_Ropewalk_L01.png";""
"MP0-0039";"abgenommen";"BLD_Sawmill_L01";"Prefab";"Gebaeude/Stationen";"Assets/_Game/Prefabs/Buildings/Level01/BLD_Sawmill_L01.prefab";"4bb27fd0bd78fc146b07013df30a0a12";"106";"10";"10";"10";"10";"Assets/_Game/Art/World/Materials/M_EidrenWorld_VertexLit.mat | Assets/_Game/Art/World/Materials/M_World_ContactShadow.mat";"BoxCollider@<root> trigger=False center=(0,1.1,0) size=(1,2.2,1)";"";"";"";"";"";"Assets/_Game/Data/Buildings/Sawmill.asset | Assets/_Game/Resources/Data/BuildingCatalog_V01.asset";"";"Assets/_Game/Editor/BuildingCostContentBuilder.cs | Assets/_Game/Editor/BuildingDoorContentBuilder.cs | Assets/_Game/Editor/BuildingMenuUiBuilder.cs | Assets/_Game/Editor/BuildingPreviewContentBuilder.cs | Assets/_Game/Editor/BuildingRoofContentBuilder.cs | Assets/_Game/Editor/EidrenBuildingVisualBuilder.cs | Assets/_Game/Editor/ProductionContentBuilder.cs | Assets/_Game/Editor/Tests/InteractionIconTests.cs | Assets/_Game/Editor/VisualScaleAssetMap.cs | Assets/_Game/Editor/WorldChestStyleCaptureUtility.cs";"position=(0,0,0) rotation=(0,0,0) scale=(1,1,1)";"(0.029097,1.1,-0.02109)";"(1.105565,2.2,0.942179)";"Captures/Standard_Low/MP0-0039_BLD_Sawmill_L01.png";"Captures/Gameplay_Low/MP0-0039_BLD_Sawmill_L01.png";""
"MP0-0040";"abgenommen";"BLD_Smelter_L01";"Prefab";"Gebaeude/Stationen";"Assets/_Game/Prefabs/Buildings/Level01/BLD_Smelter_L01.prefab";"78b57420ade324645b8ba72ddd30e9c8";"210";"13";"13";"13";"13";"Assets/_Game/Art/World/Materials/M_EidrenWorld_VertexLit.mat | Assets/_Game/Art/World/Materials/M_World_ContactShadow.mat";"BoxCollider@<root> trigger=False center=(0,1,0) size=(1,2,1)";"";"";"";"";"";"Assets/_Game/Data/Buildings/Smelter.asset | Assets/_Game/Resources/Data/BuildingCatalog_V01.asset";"";"Assets/_Game/Editor/BuildingCostContentBuilder.cs | Assets/_Game/Editor/BuildingDoorContentBuilder.cs | Assets/_Game/Editor/BuildingMenuUiBuilder.cs | Assets/_Game/Editor/BuildingPreviewContentBuilder.cs | Assets/_Game/Editor/BuildingRoofContentBuilder.cs | Assets/_Game/Editor/EidrenBuildingVisualBuilder.cs | Assets/_Game/Editor/ProductionContentBuilder.cs | Assets/_Game/Editor/Tests/InteractionIconTests.cs | Assets/_Game/Editor/VisualScaleAssetMap.cs | Assets/_Game/Editor/WorldChestStyleCaptureUtility.cs";"position=(0,0,0) rotation=(0,0,0) scale=(1,1,1)";"(0.019097,1,-0.022516)";"(1.199399,2,1.005032)";"Captures/Standard_Low/MP0-0040_BLD_Smelter_L01.png";"Captures/Gameplay_Low/MP0-0040_BLD_Smelter_L01.png";""
"MP0-0041";"abgenommen";"BLD_Stonecutter_L01";"Prefab";"Gebaeude/Stationen";"Assets/_Game/Prefabs/Buildings/Level01/BLD_Stonecutter_L01.prefab";"4c529c806cfe65243a315794b338feaa";"126";"10";"10";"10";"10";"Assets/_Game/Art/World/Materials/M_EidrenWorld_VertexLit.mat | Assets/_Game/Art/World/Materials/M_World_ContactShadow.mat";"BoxCollider@<root> trigger=False center=(0,0.7,0) size=(1,1.4,1)";"";"";"";"";"";"Assets/_Game/Data/Buildings/Stonecutter.asset | Assets/_Game/Resources/Data/BuildingCatalog_V01.asset";"";"Assets/_Game/Editor/BuildingCostContentBuilder.cs | Assets/_Game/Editor/BuildingDoorContentBuilder.cs | Assets/_Game/Editor/BuildingMenuUiBuilder.cs | Assets/_Game/Editor/BuildingPreviewContentBuilder.cs | Assets/_Game/Editor/BuildingRoofContentBuilder.cs | Assets/_Game/Editor/EidrenBuildingVisualBuilder.cs | Assets/_Game/Editor/ProductionContentBuilder.cs | Assets/_Game/Editor/Tests/InteractionIconTests.cs | Assets/_Game/Editor/VisualScaleAssetMap.cs | Assets/_Game/Editor/WorldChestStyleCaptureUtility.cs";"position=(0,0,0) rotation=(0,0,0) scale=(1,1,1)";"(0.056597,0.7,-0.027854)";"(1.0995,1.4,0.905708)";"Captures/Standard_Low/MP0-0041_BLD_Stonecutter_L01.png";"Captures/Gameplay_Low/MP0-0041_BLD_Stonecutter_L01.png";""
"MP0-0042";"abgenommen";"BLD_Wall_L01";"Prefab";"Gebaeude/Stationen";"Assets/_Game/Prefabs/Buildings/Level01/BLD_Wall_L01.prefab";"4ce0f1c1124b50e49ae05aa76a79ca02";"194";"17";"13";"14";"17";"Assets/_Game/Art/World/Materials/M_EidrenWorld_VertexLit.mat | Assets/_Game/Art/World/Materials/M_World_ContactShadow.mat";"BoxCollider@<root> trigger=False center=(0,1.3,0) size=(1,2.6,0.2)";"";"";"";"";"";"Assets/_Game/Data/Buildings/Wall.asset | Assets/_Game/Resources/Data/BuildingCatalog_V01.asset";"";"Assets/_Game/Editor/BuildingCostContentBuilder.cs | Assets/_Game/Editor/BuildingDoorContentBuilder.cs | Assets/_Game/Editor/BuildingMenuUiBuilder.cs | Assets/_Game/Editor/BuildingPreviewContentBuilder.cs | Assets/_Game/Editor/BuildingRoofContentBuilder.cs | Assets/_Game/Editor/EidrenBuildingVisualBuilder.cs | Assets/_Game/Editor/Tests/VisualAssetTests.cs | Assets/_Game/Editor/VisualScaleAssetMap.cs | Assets/_Game/Editor/WorldChestStyleCaptureUtility.cs";"position=(0,0,0) rotation=(0,0,0) scale=(1,1,1)";"(0.029097,1.3,-0.065972)";"(1.45756,2.6,0.804995)";"Captures/Standard_Low/MP0-0042_BLD_Wall_L01.png";"Captures/Gameplay_Low/MP0-0042_BLD_Wall_L01.png";""
"MP0-0043";"abgenommen";"CompletionChest_2D";"Prefab";"Truhen/Container";"Assets/_Game/Prefabs/Containers/Forge/CompletionChest_2D.prefab";"959fdcf2173863e4baa0f2e8e16445f9";"232";"19";"14";"19";"19";"Assets/_Game/Art/World/Materials/M_EidrenWorld_VertexLit.mat | Assets/_Game/Art/World/Materials/M_World_ContactShadow.mat";"BoxCollider@<root> trigger=False center=(0,0.6,0) size=(1.62,1.2,1.02)";"";"";"";"";"";"";"Assets/_Game/Scenes/EidraForge.unity";"Assets/_Game/Editor/EidraForgeEnemyContentBuilder.cs | Assets/_Game/Editor/EidraForgeGeometryBuilder.cs | Assets/_Game/Editor/EidraForgeLichtBuilder.cs | Assets/_Game/Editor/EidraForgeLootAssetBuilder.cs | Assets/_Game/Editor/EidraForgePropBuilder.cs | Assets/_Game/Editor/EidraForgeSceneBuilder.cs | Assets/_Game/Editor/ForgeContainerVisualBuilder.cs | Assets/_Game/Editor/ForgeVisualAssetBuilder.cs";"position=(0,0,0) rotation=(0,0,0) scale=(1,1,1)";"(0.029097,0.62929,-0.065972)";"(1.977314,1.258581,1.326887)";"Captures/Standard_Low/MP0-0043_CompletionChest_2D.png";"Captures/Gameplay_Low/MP0-0043_CompletionChest_2D.png";""
"MP0-0044";"abgenommen";"EliteChest_2D";"Prefab";"Truhen/Container";"Assets/_Game/Prefabs/Containers/Forge/EliteChest_2D.prefab";"27952e0de9b5a864697ac76519dec10d";"208";"17";"12";"17";"17";"Assets/_Game/Art/World/Materials/M_EidrenWorld_VertexLit.mat | Assets/_Game/Art/World/Materials/M_World_ContactShadow.mat";"BoxCollider@<root> trigger=False center=(0,0.5,0) size=(1.42,1,0.92)";"";"";"";"";"";"";"Assets/_Game/Scenes/EidraForge.unity";"Assets/_Game/Editor/EidraForgeEnemyContentBuilder.cs | Assets/_Game/Editor/EidraForgeGeometryBuilder.cs | Assets/_Game/Editor/EidraForgeLichtBuilder.cs | Assets/_Game/Editor/EidraForgeLootAssetBuilder.cs | Assets/_Game/Editor/EidraForgePropBuilder.cs | Assets/_Game/Editor/EidraForgeSceneBuilder.cs | Assets/_Game/Editor/ForgeContainerVisualBuilder.cs | Assets/_Game/Editor/ForgeVisualAssetBuilder.cs";"position=(0,0,0) rotation=(0,0,0) scale=(1,1,1)";"(0.029097,0.530056,-0.065972)";"(1.739531,1.060112,1.177425)";"Captures/Standard_Low/MP0-0044_EliteChest_2D.png";"Captures/Gameplay_Low/MP0-0044_EliteChest_2D.png";""
"MP0-0045";"abgenommen";"LargeRewardChest_2D";"Prefab";"Truhen/Container";"Assets/_Game/Prefabs/Containers/Forge/LargeRewardChest_2D.prefab";"24fe59dee6269334a9094e822a0dd9a4";"220";"18";"13";"18";"18";"Assets/_Game/Art/World/Materials/M_EidrenWorld_VertexLit.mat | Assets/_Game/Art/World/Materials/M_World_ContactShadow.mat";"BoxCollider@<root> trigger=False center=(0,0.6,0) size=(1.55,1.2,1.02)";"";"";"";"";"";"";"Assets/_Game/Scenes/EidraForge.unity";"Assets/_Game/Editor/EidraForgeEnemyContentBuilder.cs | Assets/_Game/Editor/EidraForgeGeometryBuilder.cs | Assets/_Game/Editor/EidraForgeLichtBuilder.cs | Assets/_Game/Editor/EidraForgeLootAssetBuilder.cs | Assets/_Game/Editor/EidraForgePropBuilder.cs | Assets/_Game/Editor/EidraForgeSceneBuilder.cs | Assets/_Game/Editor/ForgeContainerVisualBuilder.cs | Assets/_Game/Editor/ForgeVisualAssetBuilder.cs";"position=(0,0,0) rotation=(0,0,0) scale=(1,1,1)";"(0.029097,0.62929,-0.065972)";"(1.902635,1.258581,1.293949)";"Captures/Standard_Low/MP0-0045_LargeRewardChest_2D.png";"Captures/Gameplay_Low/MP0-0045_LargeRewardChest_2D.png";""
"MP0-0046";"abgenommen";"MediumRewardChest_2D";"Prefab";"Truhen/Container";"Assets/_Game/Prefabs/Containers/Forge/MediumRewardChest_2D.prefab";"69d1c311984572a469e347f9d92cd0b0";"184";"15";"10";"15";"15";"Assets/_Game/Art/World/Materials/M_EidrenWorld_VertexLit.mat | Assets/_Game/Art/World/Materials/M_World_ContactShadow.mat";"BoxCollider@<root> trigger=False center=(0,0.45,0) size=(1.2,0.9,0.82)";"";"";"";"";"";"";"Assets/_Game/Scenes/EidraForge.unity";"Assets/_Game/Editor/EidraForgeEnemyContentBuilder.cs | Assets/_Game/Editor/EidraForgeGeometryBuilder.cs | Assets/_Game/Editor/EidraForgeLichtBuilder.cs | Assets/_Game/Editor/EidraForgeLootAssetBuilder.cs | Assets/_Game/Editor/EidraForgePropBuilder.cs | Assets/_Game/Editor/EidraForgeSceneBuilder.cs | Assets/_Game/Editor/ForgeContainerVisualBuilder.cs | Assets/_Game/Editor/ForgeVisualAssetBuilder.cs";"position=(0,0,0) rotation=(0,0,0) scale=(1,1,1)";"(0.029097,0.489056,-0.062124)";"(1.480411,0.978112,1.026248)";"Captures/Standard_Low/MP0-0046_MediumRewardChest_2D.png";"Captures/Gameplay_Low/MP0-0046_MediumRewardChest_2D.png";""
"MP0-0047";"abgenommen";"OptionalChest_2D";"Prefab";"Truhen/Container";"Assets/_Game/Prefabs/Containers/Forge/OptionalChest_2D.prefab";"1497b380672706a4c9a3ed6a59553063";"184";"15";"10";"15";"15";"Assets/_Game/Art/World/Materials/M_EidrenWorld_VertexLit.mat | Assets/_Game/Art/World/Materials/M_World_ContactShadow.mat";"BoxCollider@<root> trigger=False center=(0,0.4,0) size=(1.25,0.8,0.82)";"";"";"";"";"";"";"Assets/_Game/Scenes/EidraForge.unity";"Assets/_Game/Editor/EidraForgeEnemyContentBuilder.cs | Assets/_Game/Editor/EidraForgeGeometryBuilder.cs | Assets/_Game/Editor/EidraForgeLichtBuilder.cs | Assets/_Game/Editor/EidraForgeLootAssetBuilder.cs | Assets/_Game/Editor/EidraForgePropBuilder.cs | Assets/_Game/Editor/EidraForgeSceneBuilder.cs | Assets/_Game/Editor/ForgeContainerVisualBuilder.cs | Assets/_Game/Editor/ForgeVisualAssetBuilder.cs";"position=(0,0,0) rotation=(0,0,0) scale=(1,1,1)";"(0.029097,0.430822,-0.065972)";"(1.533753,0.861644,1.042079)";"Captures/Standard_Low/MP0-0047_OptionalChest_2D.png";"Captures/Gameplay_Low/MP0-0047_OptionalChest_2D.png";""
"MP0-0048";"abgenommen";"RecoveryContainer_2D";"Prefab";"Truhen/Container";"Assets/_Game/Prefabs/Containers/Forge/RecoveryContainer_2D.prefab";"d3232b983f80a9a428662df408ed324f";"220";"18";"13";"18";"18";"Assets/_Game/Art/World/Materials/M_EidrenWorld_VertexLit.mat | Assets/_Game/Art/World/Materials/M_World_ContactShadow.mat";"BoxCollider@<root> trigger=False center=(0,0.4,0) size=(1.45,0.8,0.82)";"";"";"";"";"";"";"Assets/_Game/Scenes/EidraForge.unity";"Assets/_Game/Editor/EidraForgeEnemyContentBuilder.cs | Assets/_Game/Editor/EidraForgeGeometryBuilder.cs | Assets/_Game/Editor/EidraForgeLichtBuilder.cs | Assets/_Game/Editor/EidraForgeLootAssetBuilder.cs | Assets/_Game/Editor/EidraForgePropBuilder.cs | Assets/_Game/Editor/EidraForgeSceneBuilder.cs | Assets/_Game/Editor/ForgeContainerVisualBuilder.cs | Assets/_Game/Editor/ForgeVisualAssetBuilder.cs";"position=(0,0,0) rotation=(0,0,0) scale=(1,1,1)";"(0.029097,0.4805,-0.065972)";"(1.747122,0.961,1.136186)";"Captures/Standard_Low/MP0-0048_RecoveryContainer_2D.png";"Captures/Gameplay_Low/MP0-0048_RecoveryContainer_2D.png";""
"MP0-0049";"abgenommen";"SmallRewardChest_2D";"Prefab";"Truhen/Container";"Assets/_Game/Prefabs/Containers/Forge/SmallRewardChest_2D.prefab";"9762a1e3ca8779f468b5a9267357963c";"160";"13";"8";"13";"13";"Assets/_Game/Art/World/Materials/M_EidrenWorld_VertexLit.mat | Assets/_Game/Art/World/Materials/M_World_ContactShadow.mat";"BoxCollider@<root> trigger=False center=(0,0.35,0) size=(0.95,0.7,0.68)";"";"";"";"";"";"";"Assets/_Game/Scenes/EidraForge.unity";"Assets/_Game/Editor/EidraForgeEnemyContentBuilder.cs | Assets/_Game/Editor/EidraForgeGeometryBuilder.cs | Assets/_Game/Editor/EidraForgeLichtBuilder.cs | Assets/_Game/Editor/EidraForgeLootAssetBuilder.cs | Assets/_Game/Editor/EidraForgePropBuilder.cs | Assets/_Game/Editor/EidraForgeSceneBuilder.cs | Assets/_Game/Editor/ForgeContainerVisualBuilder.cs | Assets/_Game/Editor/ForgeVisualAssetBuilder.cs";"position=(0,0,0) rotation=(0,0,0) scale=(1,1,1)";"(0.029097,0.389822,-0.051841)";"(1.17952,0.779644,0.851683)";"Captures/Standard_Low/MP0-0049_SmallRewardChest_2D.png";"Captures/Gameplay_Low/MP0-0049_SmallRewardChest_2D.png";""
"MP0-0050";"abgenommen";"SupplyChest_2D";"Prefab";"Truhen/Container";"Assets/_Game/Prefabs/Containers/Forge/SupplyChest_2D.prefab";"9101a3d17aa1f374da278e2b5157a358";"160";"13";"8";"13";"13";"Assets/_Game/Art/World/Materials/M_EidrenWorld_VertexLit.mat | Assets/_Game/Art/World/Materials/M_World_ContactShadow.mat";"BoxCollider@<root> trigger=False center=(0,0.4,0) size=(1.18,0.8,0.78)";"";"";"";"";"";"";"Assets/_Game/Scenes/EidraForge.unity";"Assets/_Game/Editor/EidraForgeEnemyContentBuilder.cs | Assets/_Game/Editor/EidraForgeGeometryBuilder.cs | Assets/_Game/Editor/EidraForgeLichtBuilder.cs | Assets/_Game/Editor/EidraForgeLootAssetBuilder.cs | Assets/_Game/Editor/EidraForgePropBuilder.cs | Assets/_Game/Editor/EidraForgeSceneBuilder.cs | Assets/_Game/Editor/ForgeContainerVisualBuilder.cs | Assets/_Game/Editor/ForgeVisualAssetBuilder.cs";"position=(0,0,0) rotation=(0,0,0) scale=(1,1,1)";"(0.029097,0.392,-0.065236)";"(1.449308,0.784,0.988472)";"Captures/Standard_Low/MP0-0050_SupplyChest_2D.png";"Captures/Gameplay_Low/MP0-0050_SupplyChest_2D.png";""
"MP0-0051";"abgenommen";"AshRunner";"Prefab";"Figuren/Kreaturen";"Assets/_Game/Prefabs/Enemies/Forge/AshRunner.prefab";"1a9416c05bcee034ea73b147a57cc176";"1710";"3";"2";"2";"3";"Assets/_Game/Art/Actors/M_Kreatur_VertexLit.mat | Assets/_Game/Art/Actors/Wildling/Materials/M_Wildling_GroundShadow.mat | Assets/_Game/Art/Enemies/Materials/EN_WildlingTelegraph.mat";"BoxCollider@AttackHitbox trigger=True center=(0,0,0) size=(1.5,1.6,1.45) | CapsuleCollider@<root> trigger=False center=(0,1.05,0) radius=0.504 height=2.1 direction=1";"chest | footFL | footFR | footRL | footRR | head | hips | jaw | legFL_lo | legFL_up | legFR_lo | legFR_up | legRL_lo | legRL_up | legRR_lo | legRR_up | neck | root | spine | tail1 | tail2 | tail3";"root";"";"";"";"Assets/_Game/Data/Enemies/Forge/AshRunner.asset";"Assets/_Game/Scenes/EidraForge.unity";"Assets/_Game/Editor/CreatureEnemyRewire.cs | Assets/_Game/Editor/EidraForgeEnemyContentBuilder.cs | Assets/_Game/Editor/EidraForgeGeometryBuilder.cs | Assets/_Game/Editor/EidraForgeLichtBuilder.cs | Assets/_Game/Editor/EidraForgeLootAssetBuilder.cs | Assets/_Game/Editor/EidraForgePropBuilder.cs | Assets/_Game/Editor/EidraForgeSceneBuilder.cs | Assets/_Game/Editor/EnemyStatusBarsRebuilder.cs | Assets/_Game/Editor/ForgeContainerVisualBuilder.cs | Assets/_Game/Editor/ForgeVisualAssetBuilder.cs | Assets/_Game/Editor/Tests/EnemyFeedbackTests.cs | Assets/_Game/Editor/Tests/EnemyStatusBarTests.cs";"position=(0,0,0) rotation=(0,0,0) scale=(1,1,1)";"(0,0.908446,-0.300313)";"(1.071741,1.816893,2.570678)";"Captures/Standard_Low/MP0-0051_AshRunner.png";"Captures/Gameplay_Low/MP0-0051_AshRunner.png";""
"MP0-0052";"abgenommen";"CoreGuardian";"Prefab";"Figuren/Kreaturen";"Assets/_Game/Prefabs/Enemies/Forge/CoreGuardian.prefab";"7b9681ea7e11cda4c9dcb2afd532070a";"1288";"2";"2";"1";"2";"Assets/_Game/Art/Actors/M_Kreatur_VertexLit.mat | Assets/_Game/Art/Actors/Wildling/Materials/M_Wildling_GroundShadow.mat";"CapsuleCollider@<root> trigger=False center=(0,1.8,0) radius=1.1 height=3.6 direction=1";"armL_fore | armL_up | armR_fore | armR_up | chest | footL | footR | handL | handR | head | hips | root | shinL | shinR | spine | thighL | thighR";"root";"";"";"";"";"Assets/_Game/Scenes/EidraForge.unity";"Assets/_Game/Editor/CreatureEnemyRewire.cs | Assets/_Game/Editor/EidraForgeEnemyContentBuilder.cs | Assets/_Game/Editor/EidraForgeGeometryBuilder.cs | Assets/_Game/Editor/EidraForgeLichtBuilder.cs | Assets/_Game/Editor/EidraForgeLootAssetBuilder.cs | Assets/_Game/Editor/EidraForgePropBuilder.cs | Assets/_Game/Editor/EidraForgeSceneBuilder.cs | Assets/_Game/Editor/EnemyStatusBarsRebuilder.cs | Assets/_Game/Editor/ForgeContainerVisualBuilder.cs | Assets/_Game/Editor/ForgeVisualAssetBuilder.cs | Assets/_Game/Editor/Tests/EnemyStatusBarTests.cs";"position=(0,0,0) rotation=(0,0,0) scale=(1,1,1)";"(0,2.271845,0.320388)";"(3.029126,4.543689,2.097087)";"Captures/Standard_Low/MP0-0052_CoreGuardian.png";"Captures/Gameplay_Low/MP0-0052_CoreGuardian.png";""
"MP0-0053";"abgenommen";"EmberEater";"Prefab";"Figuren/Kreaturen";"Assets/_Game/Prefabs/Enemies/Forge/EmberEater.prefab";"2c33343c7ee886943a14c30c6748bc56";"1462";"3";"2";"2";"3";"Assets/_Game/Art/Actors/M_Kreatur_VertexLit.mat | Assets/_Game/Art/Actors/Wildling/Materials/M_Wildling_GroundShadow.mat | Assets/_Game/Art/Enemies/Materials/EN_WildlingTelegraph.mat";"BoxCollider@AttackHitbox trigger=True center=(0,0,0) size=(1.5,1.6,1.45) | CapsuleCollider@<root> trigger=False center=(0,0.86,0) radius=0.4128 height=1.72 direction=1";"armL_fore | armL_up | armR_fore | armR_up | chest | footL | footR | handL | handR | head | hips | root | shinL | shinR | spine | thighL | thighR";"root";"";"";"";"Assets/_Game/Data/Enemies/Forge/EmberEater.asset";"Assets/_Game/Scenes/EidraForge.unity";"Assets/_Game/Editor/CreatureEnemyRewire.cs | Assets/_Game/Editor/EidraForgeEnemyContentBuilder.cs | Assets/_Game/Editor/EidraForgeGeometryBuilder.cs | Assets/_Game/Editor/EidraForgeLichtBuilder.cs | Assets/_Game/Editor/EidraForgeLootAssetBuilder.cs | Assets/_Game/Editor/EidraForgePropBuilder.cs | Assets/_Game/Editor/EidraForgeSceneBuilder.cs | Assets/_Game/Editor/EnemyStatusBarsRebuilder.cs | Assets/_Game/Editor/ForgeContainerVisualBuilder.cs | Assets/_Game/Editor/ForgeVisualAssetBuilder.cs | Assets/_Game/Editor/Tests/EnemyFeedbackTests.cs | Assets/_Game/Editor/Tests/EnemyStatusBarTests.cs";"position=(0,0,0) rotation=(0,0,0) scale=(1,1,1)";"(0,0.807619,0.155619)";"(1.313829,1.615238,1.585143)";"Captures/Standard_Low/MP0-0053_EmberEater.png";"Captures/Gameplay_Low/MP0-0053_EmberEater.png";""
"MP0-0054";"abgenommen";"ForgeGuardian";"Prefab";"Figuren/Kreaturen";"Assets/_Game/Prefabs/Enemies/Forge/ForgeGuardian.prefab";"169a7ce4cc9d1294ca15af296e4a4ea3";"1308";"3";"2";"2";"3";"Assets/_Game/Art/Actors/M_Kreatur_VertexLit.mat | Assets/_Game/Art/Actors/Wildling/Materials/M_Wildling_GroundShadow.mat | Assets/_Game/Art/Enemies/Materials/EN_WildlingTelegraph.mat";"BoxCollider@AttackHitbox trigger=True center=(0,0,0) size=(1.5,1.6,1.45) | CapsuleCollider@<root> trigger=False center=(0,1.22,0) radius=0.5856 height=2.44 direction=1";"armL_fore | armL_up | armR_fore | armR_up | chest | footL | footR | handL | handR | head | hips | root | shinL | shinR | spine | thighL | thighR";"root";"";"";"";"Assets/_Game/Data/Enemies/Forge/ForgeGuardian.asset";"Assets/_Game/Scenes/EidraForge.unity";"Assets/_Game/Editor/CreatureEnemyRewire.cs | Assets/_Game/Editor/EidraForgeEnemyContentBuilder.cs | Assets/_Game/Editor/EidraForgeGeometryBuilder.cs | Assets/_Game/Editor/EidraForgeLichtBuilder.cs | Assets/_Game/Editor/EidraForgeLootAssetBuilder.cs | Assets/_Game/Editor/EidraForgePropBuilder.cs | Assets/_Game/Editor/EidraForgeSceneBuilder.cs | Assets/_Game/Editor/EnemyStatusBarsRebuilder.cs | Assets/_Game/Editor/ForgeContainerVisualBuilder.cs | Assets/_Game/Editor/ForgeVisualAssetBuilder.cs | Assets/_Game/Editor/Tests/EnemyFeedbackTests.cs | Assets/_Game/Editor/Tests/EnemyStatusBarTests.cs";"position=(0,0,0) rotation=(0,0,0) scale=(1,1,1)";"(-0.061738,1.261433,0.045732)";"(1.571646,2.522866,0.853659)";"Captures/Standard_Low/MP0-0054_ForgeGuardian.png";"Captures/Gameplay_Low/MP0-0054_ForgeGuardian.png";""
"MP0-0055";"abgenommen";"SealGuardian";"Prefab";"Figuren/Kreaturen";"Assets/_Game/Prefabs/Enemies/Forge/SealGuardian.prefab";"5134989611299da499f7ee70aeb2ca48";"902";"3";"2";"2";"3";"Assets/_Game/Art/Actors/M_Kreatur_VertexLit.mat | Assets/_Game/Art/Actors/Wildling/Materials/M_Wildling_GroundShadow.mat | Assets/_Game/Art/Enemies/Materials/EN_WildlingTelegraph.mat";"BoxCollider@AttackHitbox trigger=True center=(0,0,0) size=(1.5,1.6,1.45) | CapsuleCollider@<root> trigger=False center=(0,1.48,0) radius=0.7104 height=2.96 direction=1";"armL_fore | armL_up | armR_fore | armR_up | chest | footL | footR | handL | handR | head | hips | root | shinL | shinR | spine | thighL | thighR";"root";"";"";"";"Assets/_Game/Data/Enemies/Forge/SealGuardian.asset";"Assets/_Game/Scenes/EidraForge.unity";"Assets/_Game/Editor/CreatureEnemyRewire.cs | Assets/_Game/Editor/EidraForgeEnemyContentBuilder.cs | Assets/_Game/Editor/EidraForgeGeometryBuilder.cs | Assets/_Game/Editor/EidraForgeLichtBuilder.cs | Assets/_Game/Editor/EidraForgeLootAssetBuilder.cs | Assets/_Game/Editor/EidraForgePropBuilder.cs | Assets/_Game/Editor/EidraForgeSceneBuilder.cs | Assets/_Game/Editor/EnemyStatusBarsRebuilder.cs | Assets/_Game/Editor/ForgeContainerVisualBuilder.cs | Assets/_Game/Editor/ForgeVisualAssetBuilder.cs | Assets/_Game/Editor/Tests/EnemyFeedbackTests.cs | Assets/_Game/Editor/Tests/EnemyStatusBarTests.cs";"position=(0,0,0) rotation=(0,0,0) scale=(1,1,1)";"(0.017452,1.515324,0.200057)";"(1.439557,3.030647,1.234393)";"Captures/Standard_Low/MP0-0055_SealGuardian.png";"Captures/Gameplay_Low/MP0-0055_SealGuardian.png";""
"MP0-0056";"abgenommen";"GraniteShell";"Prefab";"Figuren/Kreaturen";"Assets/_Game/Prefabs/Enemies/TierTwo/GraniteShell.prefab";"8d434a6fffb80534889f6fb14f2f8ed1";"1768";"3";"2";"2";"3";"Assets/_Game/Art/Actors/M_Kreatur_VertexLit.mat | Assets/_Game/Art/Actors/Wildling/Materials/M_Wildling_GroundShadow.mat | Assets/_Game/Art/Enemies/Materials/EN_WildlingTelegraph.mat";"BoxCollider@AttackHitbox trigger=True center=(0,0,0) size=(1.5,1.6,1.45) | CapsuleCollider@<root> trigger=False center=(0,1.365,0) radius=0.676 height=2.73 direction=1";"chest | footFL | footFR | footRL | footRR | head | hips | jaw | legFL_lo | legFL_up | legFR_lo | legFR_up | legRL_lo | legRL_up | legRR_lo | legRR_up | neck | root | spine";"root";"";"";"";"Assets/_Game/Data/Enemies/GraniteShell.asset | Assets/_Game/Data/Zones/Zone_EmberRuins.asset | Assets/_Game/Data/Zones/Zone_GreyRifts.asset | Assets/_Game/Data/Zones/Zone_TwilightGrove.asset | Assets/_Game/Data/Zones/Zone_VeilMarsh.asset";"Assets/_Game/Scenes/Zone_EmberRuins.unity | Assets/_Game/Scenes/Zone_GreyRifts.unity | Assets/_Game/Scenes/Zone_TwilightGrove.unity | Assets/_Game/Scenes/Zone_VeilMarsh.unity";"Assets/_Game/Editor/CreatureEnemyRewire.cs | Assets/_Game/Editor/CreatureMeshBuilder.cs | Assets/_Game/Editor/EnemyStatusBarsRebuilder.cs | Assets/_Game/Editor/Tests/EnemyFeedbackTests.cs | Assets/_Game/Editor/Tests/EnemyStatusBarTests.cs";"position=(0,0,0) rotation=(0,0,0) scale=(1,1,1)";"(0,1.211694,0.269194)";"(2.303959,2.423388,3.081415)";"Captures/Standard_Low/MP0-0056_GraniteShell.png";"Captures/Gameplay_Low/MP0-0056_GraniteShell.png";""
"MP0-0057";"abgenommen";"MoorThrower";"Prefab";"Figuren/Kreaturen";"Assets/_Game/Prefabs/Enemies/TierTwo/MoorThrower.prefab";"d19d8f6ced8032a4396758dd936618db";"1748";"3";"2";"2";"3";"Assets/_Game/Art/Actors/M_Kreatur_VertexLit.mat | Assets/_Game/Art/Actors/Wildling/Materials/M_Wildling_GroundShadow.mat | Assets/_Game/Art/Enemies/Materials/EN_WildlingTelegraph.mat";"BoxCollider@AttackHitbox trigger=True center=(0,0,0) size=(1.5,1.6,1.45) | CapsuleCollider@<root> trigger=False center=(0,1.008,0) radius=0.4992 height=2.016 direction=1";"armL_fore | armL_up | armR_fore | armR_up | chest | footL | footR | handL | handR | head | hips | root | shinL | shinR | spine | thighL | thighR";"root";"";"";"";"Assets/_Game/Data/Enemies/MoorThrower.asset | Assets/_Game/Data/Loot/WorldChests/GreyRifts.asset | Assets/_Game/Data/Loot/WorldChests/TwilightGrove.asset | Assets/_Game/Data/Loot/WorldChests/VeilMarsh.asset | Assets/_Game/Data/Zones/Zone_EmberRuins.asset | Assets/_Game/Data/Zones/Zone_GreyRifts.asset | Assets/_Game/Data/Zones/Zone_Marsh.asset | Assets/_Game/Data/Zones/Zone_TwilightGrove.asset | Assets/_Game/Data/Zones/Zone_VeilMarsh.asset";"Assets/_Game/Scenes/Zone_EmberRuins.unity | Assets/_Game/Scenes/Zone_GreyRifts.unity | Assets/_Game/Scenes/Zone_Marsh.unity | Assets/_Game/Scenes/Zone_TwilightGrove.unity | Assets/_Game/Scenes/Zone_VeilMarsh.unity";"Assets/_Game/Editor/CreatureEnemyRewire.cs | Assets/_Game/Editor/CreatureMeshBuilder.cs | Assets/_Game/Editor/EnemyStatusBarsRebuilder.cs | Assets/_Game/Editor/Tests/EnemyFeedbackTests.cs | Assets/_Game/Editor/Tests/EnemyStatusBarTests.cs | Assets/_Game/Editor/WorldChestContentBuilder.cs";"position=(0,0,0) rotation=(0,0,0) scale=(1,1,1)";"(0.037624,0.959406,0.173199)";"(1.272937,1.918812,0.93908)";"Captures/Standard_Low/MP0-0057_MoorThrower.png";"Captures/Gameplay_Low/MP0-0057_MoorThrower.png";""
"MP0-0058";"abgenommen";"RiftGuardian";"Prefab";"Figuren/Kreaturen";"Assets/_Game/Prefabs/Enemies/TierTwo/RiftGuardian.prefab";"7895dea22fc70bc4194d93f9881cf7b3";"1140";"3";"2";"2";"3";"Assets/_Game/Art/Actors/M_Kreatur_VertexLit.mat | Assets/_Game/Art/Actors/Wildling/Materials/M_Wildling_GroundShadow.mat | Assets/_Game/Art/Enemies/Materials/EN_WildlingTelegraph.mat";"BoxCollider@AttackHitbox trigger=True center=(0,0,0) size=(1.5,1.6,1.45) | CapsuleCollider@<root> trigger=False center=(0,1.6275,0) radius=0.806 height=3.255 direction=1";"armL_fore | armL_up | armR_fore | armR_up | chest | footL | footR | handL | handR | head | hips | root | shinL | shinR | spine | thighL | thighR";"root";"";"";"";"Assets/_Game/Data/Enemies/RiftGuardian.asset | Assets/_Game/Data/Loot/WorldChests/GreyRifts.asset | Assets/_Game/Data/Loot/WorldChests/TwilightGrove.asset | Assets/_Game/Data/Loot/WorldChests/VeilMarsh.asset | Assets/_Game/Data/Zones/Zone_GreyRifts.asset | Assets/_Game/Data/Zones/Zone_TwilightGrove.asset | Assets/_Game/Data/Zones/Zone_VeilMarsh.asset";"Assets/_Game/Scenes/Zone_GreyRifts.unity | Assets/_Game/Scenes/Zone_TwilightGrove.unity | Assets/_Game/Scenes/Zone_VeilMarsh.unity";"Assets/_Game/Editor/CreatureEnemyRewire.cs | Assets/_Game/Editor/CreatureMeshBuilder.cs | Assets/_Game/Editor/EnemyStatusBarsRebuilder.cs | Assets/_Game/Editor/Tests/EnemyFeedbackTests.cs | Assets/_Game/Editor/Tests/EnemyStatusBarTests.cs | Assets/_Game/Editor/WorldChestContentBuilder.cs";"position=(0,0,0) rotation=(0,0,0) scale=(1,1,1)";"(0,1.513353,0.033022)";"(1.687834,3.026706,0.956252)";"Captures/Standard_Low/MP0-0058_RiftGuardian.png";"Captures/Gameplay_Low/MP0-0058_RiftGuardian.png";""
"MP0-0059";"abgenommen";"Riftling";"Prefab";"Figuren/Kreaturen";"Assets/_Game/Prefabs/Enemies/TierTwo/Riftling.prefab";"60c418f9d6491814fad6e3a97e7970d2";"1590";"3";"2";"2";"3";"Assets/_Game/Art/Actors/M_Kreatur_VertexLit.mat | Assets/_Game/Art/Actors/Wildling/Materials/M_Wildling_GroundShadow.mat | Assets/_Game/Art/Enemies/Materials/EN_WildlingTelegraph.mat";"BoxCollider@AttackHitbox trigger=True center=(0,0,0) size=(1.5,1.6,1.45) | CapsuleCollider@<root> trigger=False center=(0,0.924,0) radius=0.4576 height=1.848 direction=1";"armL_fore | armL_up | armR_fore | armR_up | chest | footL | footR | handL | handR | head | hips | root | shinL | shinR | spine | thighL | thighR";"root";"";"";"";"Assets/_Game/Data/Enemies/Riftling.asset | Assets/_Game/Data/Loot/WorldChests/GreyRifts.asset | Assets/_Game/Data/Loot/WorldChests/TwilightGrove.asset | Assets/_Game/Data/Loot/WorldChests/VeilMarsh.asset | Assets/_Game/Data/Zones/Zone_EmberRuins.asset | Assets/_Game/Data/Zones/Zone_GreyRifts.asset | Assets/_Game/Data/Zones/Zone_Quarry.asset | Assets/_Game/Data/Zones/Zone_TwilightGrove.asset | Assets/_Game/Data/Zones/Zone_VeilMarsh.asset";"Assets/_Game/Scenes/Zone_EmberRuins.unity | Assets/_Game/Scenes/Zone_GreyRifts.unity | Assets/_Game/Scenes/Zone_Quarry.unity | Assets/_Game/Scenes/Zone_TwilightGrove.unity | Assets/_Game/Scenes/Zone_VeilMarsh.unity";"Assets/_Game/Editor/CreatureEnemyRewire.cs | Assets/_Game/Editor/CreatureMeshBuilder.cs | Assets/_Game/Editor/EnemyStatusBarsRebuilder.cs | Assets/_Game/Editor/Tests/EnemyFeedbackTests.cs | Assets/_Game/Editor/Tests/EnemyStatusBarTests.cs | Assets/_Game/Editor/Tests/HomeBaseContentTests.cs | Assets/_Game/Editor/WildlingContentBuilder.cs | Assets/_Game/Editor/WorldChestContentBuilder.cs";"position=(0,0,0) rotation=(0,0,0) scale=(1,1,1)";"(0,0.856097,0.177824)";"(0.810879,1.712194,0.741781)";"Captures/Standard_Low/MP0-0059_Riftling.png";"Captures/Gameplay_Low/MP0-0059_Riftling.png";""
"MP0-0060";"abgenommen";"RootCharger";"Prefab";"Figuren/Kreaturen";"Assets/_Game/Prefabs/Enemies/TierTwo/RootCharger.prefab";"873800d3c030313479e6dd6d4fdb8bb9";"2096";"3";"2";"2";"3";"Assets/_Game/Art/Actors/M_Kreatur_VertexLit.mat | Assets/_Game/Art/Actors/Wildling/Materials/M_Wildling_GroundShadow.mat | Assets/_Game/Art/Enemies/Materials/EN_WildlingTelegraph.mat";"BoxCollider@AttackHitbox trigger=True center=(0,0,0) size=(1.5,1.6,1.45) | CapsuleCollider@<root> trigger=False center=(0,1.239,0) radius=0.6136 height=2.478 direction=1";"chest | footFL | footFR | footRL | footRR | head | hips | jaw | legFL_lo | legFL_up | legFR_lo | legFR_up | legRL_lo | legRL_up | legRR_lo | legRR_up | neck | root | spine";"root";"";"";"";"Assets/_Game/Data/Enemies/RootCharger.asset | Assets/_Game/Data/Zones/Zone_EmberRuins.asset | Assets/_Game/Data/Zones/Zone_GreyRifts.asset | Assets/_Game/Data/Zones/Zone_TwilightGrove.asset | Assets/_Game/Data/Zones/Zone_VeilMarsh.asset";"Assets/_Game/Scenes/Zone_EmberRuins.unity | Assets/_Game/Scenes/Zone_GreyRifts.unity | Assets/_Game/Scenes/Zone_TwilightGrove.unity | Assets/_Game/Scenes/Zone_VeilMarsh.unity";"Assets/_Game/Editor/CreatureEnemyRewire.cs | Assets/_Game/Editor/CreatureMeshBuilder.cs | Assets/_Game/Editor/EnemyStatusBarsRebuilder.cs | Assets/_Game/Editor/Tests/EnemyFeedbackTests.cs | Assets/_Game/Editor/Tests/EnemyStatusBarTests.cs";"position=(0,0,0) rotation=(0,0,0) scale=(1,1,1)";"(0,1.110428,-0.073896)";"(2.060506,2.220857,2.558054)";"Captures/Standard_Low/MP0-0060_RootCharger.png";"Captures/Gameplay_Low/MP0-0060_RootCharger.png";""
"MP0-0061";"abgenommen";"WildEidra";"Prefab";"Figuren/Kreaturen";"Assets/_Game/Prefabs/Enemies/WildEidra.prefab";"a224397404cf11c429528188b9a02c7d";"12";"1";"0";"1";"1";"Assets/_Game/Art/Enemies/Materials/EN_WildEidraTelegraph.mat";"BoxCollider@AttackHitbox trigger=True center=(0,0,0) size=(1.4,1.5,1.4) | CapsuleCollider@<root> trigger=False center=(0,1,0) radius=0.5 height=2 direction=1";"";"";"";"";"";"Assets/_Game/Data/Enemies/Enemy_Ignivar.asset | Assets/_Game/Data/Enemies/Enemy_Noctarion.asset | Assets/_Game/Data/Enemies/Enemy_Terrock.asset | Assets/_Game/Data/Zones/Zone_Marsh.asset | Assets/_Game/Data/Zones/Zone_Quarry.asset";"Assets/_Game/Scenes/EidraForge.unity | Assets/_Game/Scenes/Zone_Marsh.unity | Assets/_Game/Scenes/Zone_Quarry.unity";"Assets/_Game/Editor/CreatureEnemyRewire.cs | Assets/_Game/Editor/CreatureMeshBuilder.cs | Assets/_Game/Editor/EidraCaptureContentBuilder.cs | Assets/_Game/Editor/EidraForgeSceneBuilder.cs | Assets/_Game/Editor/FixCollectionAcceptanceRunner.cs | Assets/_Game/Editor/IgnivarContentBuilder.cs | Assets/_Game/Editor/Tests/EnemyFeedbackTests.cs";"position=(0,0,0) rotation=(0,0,0) scale=(1,1,1)";"(0,0.06,0.85)";"(1.4,0.04,1.6)";"Captures/Standard_Low/MP0-0061_WildEidra.png";"Captures/Gameplay_Low/MP0-0061_WildEidra.png";""
"MP0-0062";"abgenommen";"Wildling";"Prefab";"Figuren/Kreaturen";"Assets/_Game/Prefabs/Enemies/Wildling.prefab";"1ddc0d20420fe754abe66e485772ee81";"1524";"3";"2";"2";"3";"Assets/_Game/Art/Actors/M_Kreatur_VertexLit.mat | Assets/_Game/Art/Actors/Wildling/Materials/M_Wildling_GroundShadow.mat | Assets/_Game/Art/Enemies/Materials/EN_WildlingTelegraph.mat";"BoxCollider@AttackHitbox trigger=True center=(0,0,0) size=(1.5,1.6,1.45) | CapsuleCollider@<root> trigger=False center=(0,1.05,0) radius=0.52 height=2.1 direction=1";"armL_fore | armL_up | armR_fore | armR_up | chest | footL | footR | handL | handR | head | hips | root | shinL | shinR | spine | thighL | thighR";"root";"";"";"";"Assets/_Game/Data/Enemies/Wildling.asset | Assets/_Game/Data/Zones/Zone_EmberRuins.asset | Assets/_Game/Data/Zones/Zone_Greenwood.asset | Assets/_Game/Data/Zones/Zone_GreyRifts.asset | Assets/_Game/Data/Zones/Zone_Marsh.asset | Assets/_Game/Data/Zones/Zone_Quarry.asset | Assets/_Game/Data/Zones/Zone_TwilightGrove.asset | Assets/_Game/Data/Zones/Zone_VeilMarsh.asset";"Assets/_Game/Scenes/Zone_EmberRuins.unity | Assets/_Game/Scenes/Zone_Greenwood.unity | Assets/_Game/Scenes/Zone_GreyRifts.unity | Assets/_Game/Scenes/Zone_Marsh.unity | Assets/_Game/Scenes/Zone_Quarry.unity | Assets/_Game/Scenes/Zone_TwilightGrove.unity | Assets/_Game/Scenes/Zone_VeilMarsh.unity";"Assets/_Game/Editor/CreatureMeshBuilder.cs | Assets/_Game/Editor/EidraForgeEnemyContentBuilder.cs | Assets/_Game/Editor/EnemyStatusBarsRebuilder.cs | Assets/_Game/Editor/Tests/EnemyStatusBarTests.cs | Assets/_Game/Editor/Tests/WildlingDefinitionTests.cs | Assets/_Game/Editor/TierTwoEnemyContentBuilder.cs | Assets/_Game/Editor/WildlingContentBuilder.cs | Assets/_Game/Editor/WildlingSceneRewire.cs";"position=(0,0,0) rotation=(0,0,0) scale=(1,1,1)";"(0,0.83,0.235)";"(0.92,1.66,0.88)";"Captures/Standard_Low/MP0-0062_Wildling.png";"Captures/Gameplay_Low/MP0-0062_Wildling.png";""
"MP0-0063";"technisch-integriert";"EmberRuins_tree_Active";"Prefab";"Umgebung/Zonenprops";"Assets/_Game/Prefabs/Environment/AreaArtVariants/EmberRuins_tree_Active.prefab";"bfa826b04ab36b44ab9387fe4cb84515";"342";"12";"12";"10";"12";"Assets/_Game/Art/World/Materials/M_EidrenWorld_VertexLit.mat | Assets/_Game/Art/World/Materials/M_World_ContactShadow.mat | Assets/_Game/Art/Zones/Materials/marker_axe_handle.mat | Assets/_Game/Art/Zones/Materials/marker_axe_head.mat | Assets/_Game/Art/Zones/Materials/marker_ochre_cloth.mat";"";"";"";"";"";"";"Assets/_Game/Data/AreaArt/AreaArt_EmberRuins.asset | Assets/_Game/Data/Zones/Zone_EmberRuins.asset";"Assets/_Game/Scenes/Zone_EmberRuins.unity";"Assets/_Game/Editor/StyleProofContentBuilder.cs | Assets/_Game/Editor/StyleProofPropBuilder.cs | Assets/_Game/Editor/WorldChestStyleCaptureUtility.cs";"position=(0,0,0) rotation=(0,0,0) scale=(1,1,1)";"(0.029097,3,-0.003144)";"(4.68217,6,3.609417)";"Captures/Standard_Low/MP0-0063_EmberRuins_tree_Active.png";"Captures/Gameplay_Low/MP0-0063_EmberRuins_tree_Active.png";""
"MP0-0064";"technisch-integriert";"EmberRuins_tree_Exhausted";"Prefab";"Umgebung/Zonenprops";"Assets/_Game/Prefabs/Environment/AreaArtVariants/EmberRuins_tree_Exhausted.prefab";"3c6c15eacdf849741b1ca90b5a127c8e";"138";"7";"7";"5";"7";"Assets/_Game/Art/World/Materials/M_EidrenWorld_VertexLit.mat | Assets/_Game/Art/World/Materials/M_World_ContactShadow.mat | Assets/_Game/Art/Zones/Materials/marker_axe_handle.mat | Assets/_Game/Art/Zones/Materials/marker_axe_head.mat | Assets/_Game/Art/Zones/Materials/marker_ochre_cloth.mat";"";"";"";"";"";"";"Assets/_Game/Data/AreaArt/AreaArt_EmberRuins.asset | Assets/_Game/Data/Zones/Zone_EmberRuins.asset";"Assets/_Game/Scenes/Zone_EmberRuins.unity";"Assets/_Game/Editor/StyleProofContentBuilder.cs | Assets/_Game/Editor/StyleProofPropBuilder.cs | Assets/_Game/Editor/WorldChestStyleCaptureUtility.cs";"position=(0,0,0) rotation=(0,0,0) scale=(1,1,1)";"(0.039116,0.35,-0.015426)";"(1.858704,0.7,1.527538)";"Captures/Standard_Low/MP0-0064_EmberRuins_tree_Exhausted.png";"Captures/Gameplay_Low/MP0-0064_EmberRuins_tree_Exhausted.png";""
"MP0-0065";"technisch-integriert";"Greenwood_tree_Active";"Prefab";"Umgebung/Zonenprops";"Assets/_Game/Prefabs/Environment/AreaArtVariants/Greenwood_tree_Active.prefab";"1afbec1f3b8ec6e42a9ea195a7e696ec";"318";"10";"10";"8";"10";"Assets/_Game/Art/World/Materials/M_EidrenWorld_VertexLit.mat | Assets/_Game/Art/World/Materials/M_World_ContactShadow.mat | Assets/_Game/Art/Zones/Materials/marker_axe_handle.mat | Assets/_Game/Art/Zones/Materials/marker_axe_head.mat | Assets/_Game/Art/Zones/Materials/marker_ochre_cloth.mat";"";"";"";"";"";"";"Assets/_Game/Data/AreaArt/AreaArt_Greenwood.asset | Assets/_Game/Data/Zones/Zone_Greenwood.asset";"Assets/_Game/Scenes/Zone_Greenwood.unity";"Assets/_Game/Editor/StyleProofContentBuilder.cs | Assets/_Game/Editor/StyleProofPropBuilder.cs | Assets/_Game/Editor/WorldChestStyleCaptureUtility.cs";"position=(0,0,0) rotation=(0,0,0) scale=(1,1,1)";"(0.029097,3,-0.003144)";"(4.68217,6,3.609417)";"Captures/Standard_Low/MP0-0065_Greenwood_tree_Active.png";"Captures/Gameplay_Low/MP0-0065_Greenwood_tree_Active.png";""
"MP0-0066";"technisch-integriert";"Greenwood_tree_Exhausted";"Prefab";"Umgebung/Zonenprops";"Assets/_Game/Prefabs/Environment/AreaArtVariants/Greenwood_tree_Exhausted.prefab";"e47e1032986c7374d863bd5077b6017b";"138";"7";"7";"5";"7";"Assets/_Game/Art/World/Materials/M_EidrenWorld_VertexLit.mat | Assets/_Game/Art/World/Materials/M_World_ContactShadow.mat | Assets/_Game/Art/Zones/Materials/marker_axe_handle.mat | Assets/_Game/Art/Zones/Materials/marker_axe_head.mat | Assets/_Game/Art/Zones/Materials/marker_ochre_cloth.mat";"";"";"";"";"";"";"Assets/_Game/Data/AreaArt/AreaArt_Greenwood.asset | Assets/_Game/Data/Zones/Zone_Greenwood.asset";"Assets/_Game/Scenes/Zone_Greenwood.unity";"Assets/_Game/Editor/StyleProofContentBuilder.cs | Assets/_Game/Editor/StyleProofPropBuilder.cs | Assets/_Game/Editor/WorldChestStyleCaptureUtility.cs";"position=(0,0,0) rotation=(0,0,0) scale=(1,1,1)";"(0.039116,0.35,-0.015426)";"(1.858704,0.7,1.527538)";"Captures/Standard_Low/MP0-0066_Greenwood_tree_Exhausted.png";"Captures/Gameplay_Low/MP0-0066_Greenwood_tree_Exhausted.png";""
"MP0-0067";"ungeprueft";"GreyRifts_granite_deposit_Active";"Prefab";"Umgebung/Zonenprops";"Assets/_Game/Prefabs/Environment/AreaArtVariants/GreyRifts_granite_deposit_Active.prefab";"0a6ca09972b64f54ea39bd7de7299ea5";"334";"10";"10";"9";"10";"Assets/_Game/Art/World/Materials/M_EidrenWorld_VertexLit.mat | Assets/_Game/Art/World/Materials/M_World_ContactShadow.mat | Assets/_Game/Art/Zones/Materials/greyrifts_granite_deposit_identity.mat";"";"";"";"";"";"";"Assets/_Game/Data/AreaArt/AreaArt_GreyRifts.asset | Assets/_Game/Data/Zones/Zone_GreyRifts.asset";"Assets/_Game/Scenes/Zone_GreyRifts.unity";"Assets/_Game/Editor/StyleProofContentBuilder.cs | Assets/_Game/Editor/StyleProofPropBuilder.cs | Assets/_Game/Editor/WorldChestStyleCaptureUtility.cs";"position=(0,0,0) rotation=(0,0,0) scale=(1,1,1)";"(0.073364,0.615372,0.037511)";"(2.459049,1.301256,1.903507)";"Captures/Standard_Low/MP0-0067_GreyRifts_granite_deposit_Active.png";"Captures/Gameplay_Low/MP0-0067_GreyRifts_granite_deposit_Active.png";""
"MP0-0068";"ungeprueft";"GreyRifts_granite_deposit_Exhausted";"Prefab";"Umgebung/Zonenprops";"Assets/_Game/Prefabs/Environment/AreaArtVariants/GreyRifts_granite_deposit_Exhausted.prefab";"eb3cadb0619c9c247b192579107edaaf";"202";"7";"7";"6";"7";"Assets/_Game/Art/World/Materials/M_EidrenWorld_VertexLit.mat | Assets/_Game/Art/World/Materials/M_World_ContactShadow.mat | Assets/_Game/Art/Zones/Materials/greyrifts_granite_deposit_identity.mat";"";"";"";"";"";"";"Assets/_Game/Data/AreaArt/AreaArt_GreyRifts.asset | Assets/_Game/Data/Zones/Zone_GreyRifts.asset";"Assets/_Game/Scenes/Zone_GreyRifts.unity";"Assets/_Game/Editor/StyleProofContentBuilder.cs | Assets/_Game/Editor/StyleProofPropBuilder.cs | Assets/_Game/Editor/WorldChestStyleCaptureUtility.cs";"position=(0,0,0) rotation=(0,0,0) scale=(1,1,1)";"(0.073364,0.36776,-0.09351)";"(2.41246,0.76248,1.745739)";"Captures/Standard_Low/MP0-0068_GreyRifts_granite_deposit_Exhausted.png";"Captures/Gameplay_Low/MP0-0068_GreyRifts_granite_deposit_Exhausted.png";""
"MP0-0069";"ungeprueft";"GreyRifts_iron_vein_Active";"Prefab";"Umgebung/Zonenprops";"Assets/_Game/Prefabs/Environment/AreaArtVariants/GreyRifts_iron_vein_Active.prefab";"e969481954d60ee4da66505274c3960a";"394";"15";"15";"14";"15";"Assets/_Game/Art/World/Materials/M_EidrenWorld_VertexLit.mat | Assets/_Game/Art/World/Materials/M_World_ContactShadow.mat | Assets/_Game/Art/Zones/Materials/greyrifts_iron_vein_identity.mat";"";"";"";"";"";"";"Assets/_Game/Data/AreaArt/AreaArt_GreyRifts.asset | Assets/_Game/Data/Zones/Zone_GreyRifts.asset";"Assets/_Game/Scenes/Zone_GreyRifts.unity";"Assets/_Game/Editor/StyleProofContentBuilder.cs | Assets/_Game/Editor/StyleProofPropBuilder.cs | Assets/_Game/Editor/WorldChestStyleCaptureUtility.cs";"position=(0,0,0) rotation=(0,0,0) scale=(1,1,1)";"(0.073364,0.682652,0.037511)";"(2.459049,1.435814,1.903507)";"Captures/Standard_Low/MP0-0069_GreyRifts_iron_vein_Active.png";"Captures/Gameplay_Low/MP0-0069_GreyRifts_iron_vein_Active.png";""
"MP0-0070";"ungeprueft";"GreyRifts_iron_vein_Exhausted";"Prefab";"Umgebung/Zonenprops";"Assets/_Game/Prefabs/Environment/AreaArtVariants/GreyRifts_iron_vein_Exhausted.prefab";"867f46c46d3d7d74189bd323cf6b6003";"202";"7";"7";"6";"7";"Assets/_Game/Art/World/Materials/M_EidrenWorld_VertexLit.mat | Assets/_Game/Art/World/Materials/M_World_ContactShadow.mat | Assets/_Game/Art/Zones/Materials/greyrifts_iron_vein_identity.mat";"";"";"";"";"";"";"Assets/_Game/Data/AreaArt/AreaArt_GreyRifts.asset | Assets/_Game/Data/Zones/Zone_GreyRifts.asset";"Assets/_Game/Scenes/Zone_GreyRifts.unity";"Assets/_Game/Editor/StyleProofContentBuilder.cs | Assets/_Game/Editor/StyleProofPropBuilder.cs | Assets/_Game/Editor/WorldChestStyleCaptureUtility.cs";"position=(0,0,0) rotation=(0,0,0) scale=(1,1,1)";"(0.073364,0.36776,-0.09351)";"(2.41246,0.76248,1.745739)";"Captures/Standard_Low/MP0-0070_GreyRifts_iron_vein_Exhausted.png";"Captures/Gameplay_Low/MP0-0070_GreyRifts_iron_vein_Exhausted.png";""
"MP0-0071";"technisch-integriert";"Marsh_fiber_plant_Active";"Prefab";"Umgebung/Zonenprops";"Assets/_Game/Prefabs/Environment/AreaArtVariants/Marsh_fiber_plant_Active.prefab";"a34c8aec2619aa049ba496992402341c";"254";"22";"22";"20";"22";"Assets/_Game/Art/World/Materials/M_EidrenWorld_VertexLit.mat | Assets/_Game/Art/World/Materials/M_World_ContactShadow.mat | Assets/_Game/Art/Zones/Materials/marsh_fiber_plant_identity.mat";"";"";"";"";"";"";"Assets/_Game/Data/AreaArt/AreaArt_Marsh.asset | Assets/_Game/Data/Zones/Zone_Marsh.asset";"Assets/_Game/Scenes/Zone_Marsh.unity";"Assets/_Game/Editor/StyleProofContentBuilder.cs | Assets/_Game/Editor/StyleProofPropBuilder.cs | Assets/_Game/Editor/WorldChestStyleCaptureUtility.cs";"position=(0,0,0) rotation=(0,0,0) scale=(1,1,1)";"(0.036635,0.446881,-0.023268)";"(0.818456,0.906237,0.71894)";"Captures/Standard_Low/MP0-0071_Marsh_fiber_plant_Active.png";"Captures/Gameplay_Low/MP0-0071_Marsh_fiber_plant_Active.png";""
"MP0-0072";"technisch-integriert";"Marsh_fiber_plant_Exhausted";"Prefab";"Umgebung/Zonenprops";"Assets/_Game/Prefabs/Environment/AreaArtVariants/Marsh_fiber_plant_Exhausted.prefab";"a630c23237992444daefc13260ca8f85";"98";"9";"9";"7";"9";"Assets/_Game/Art/World/Materials/M_EidrenWorld_VertexLit.mat | Assets/_Game/Art/World/Materials/M_World_ContactShadow.mat | Assets/_Game/Art/Zones/Materials/marsh_fiber_plant_identity.mat";"";"";"";"";"";"";"Assets/_Game/Data/AreaArt/AreaArt_Marsh.asset | Assets/_Game/Data/Zones/Zone_Marsh.asset";"Assets/_Game/Scenes/Zone_Marsh.unity";"Assets/_Game/Editor/StyleProofContentBuilder.cs | Assets/_Game/Editor/StyleProofPropBuilder.cs | Assets/_Game/Editor/WorldChestStyleCaptureUtility.cs";"position=(0,0,0) rotation=(0,0,0) scale=(1,1,1)";"(0.029207,0.125,-0.037861)";"(0.476657,0.25,0.4056)";"Captures/Standard_Low/MP0-0072_Marsh_fiber_plant_Exhausted.png";"Captures/Gameplay_Low/MP0-0072_Marsh_fiber_plant_Exhausted.png";""
"MP0-0073";"technisch-integriert";"Marsh_tree_Active";"Prefab";"Umgebung/Zonenprops";"Assets/_Game/Prefabs/Environment/AreaArtVariants/Marsh_tree_Active.prefab";"15f8609b618721648b1508e2a69d111e";"342";"12";"12";"10";"12";"Assets/_Game/Art/World/Materials/M_EidrenWorld_VertexLit.mat | Assets/_Game/Art/World/Materials/M_World_ContactShadow.mat | Assets/_Game/Art/Zones/Materials/marker_axe_handle.mat | Assets/_Game/Art/Zones/Materials/marker_axe_head.mat | Assets/_Game/Art/Zones/Materials/marker_ochre_cloth.mat";"";"";"";"";"";"";"Assets/_Game/Data/AreaArt/AreaArt_Marsh.asset | Assets/_Game/Data/Zones/Zone_Marsh.asset";"Assets/_Game/Scenes/Zone_Marsh.unity";"Assets/_Game/Editor/StyleProofContentBuilder.cs | Assets/_Game/Editor/StyleProofPropBuilder.cs | Assets/_Game/Editor/WorldChestStyleCaptureUtility.cs";"position=(0,0,0) rotation=(0,0,0) scale=(1,1,1)";"(-0.208178,3,-0.003144)";"(5.15672,6,3.609417)";"Captures/Standard_Low/MP0-0073_Marsh_tree_Active.png";"Captures/Gameplay_Low/MP0-0073_Marsh_tree_Active.png";""
"MP0-0074";"technisch-integriert";"Marsh_tree_Exhausted";"Prefab";"Umgebung/Zonenprops";"Assets/_Game/Prefabs/Environment/AreaArtVariants/Marsh_tree_Exhausted.prefab";"5232da6841f106741b2867b15e708905";"138";"7";"7";"5";"7";"Assets/_Game/Art/World/Materials/M_EidrenWorld_VertexLit.mat | Assets/_Game/Art/World/Materials/M_World_ContactShadow.mat | Assets/_Game/Art/Zones/Materials/marker_axe_handle.mat | Assets/_Game/Art/Zones/Materials/marker_axe_head.mat | Assets/_Game/Art/Zones/Materials/marker_ochre_cloth.mat";"";"";"";"";"";"";"Assets/_Game/Data/AreaArt/AreaArt_Marsh.asset | Assets/_Game/Data/Zones/Zone_Marsh.asset";"Assets/_Game/Scenes/Zone_Marsh.unity";"Assets/_Game/Editor/StyleProofContentBuilder.cs | Assets/_Game/Editor/StyleProofPropBuilder.cs | Assets/_Game/Editor/WorldChestStyleCaptureUtility.cs";"position=(0,0,0) rotation=(0,0,0) scale=(1,1,1)";"(0.039116,0.35,-0.015426)";"(1.858704,0.7,1.527538)";"Captures/Standard_Low/MP0-0074_Marsh_tree_Exhausted.png";"Captures/Gameplay_Low/MP0-0074_Marsh_tree_Exhausted.png";""
"MP0-0075";"technisch-integriert";"Quarry_stone_deposit_Active";"Prefab";"Umgebung/Zonenprops";"Assets/_Game/Prefabs/Environment/AreaArtVariants/Quarry_stone_deposit_Active.prefab";"efa80614144cd2848b0593bae1a86de2";"334";"10";"10";"9";"10";"Assets/_Game/Art/World/Materials/M_EidrenWorld_VertexLit.mat | Assets/_Game/Art/World/Materials/M_World_ContactShadow.mat | Assets/_Game/Art/Zones/Materials/quarry_stone_deposit_identity.mat";"";"";"";"";"";"";"Assets/_Game/Data/AreaArt/AreaArt_Quarry.asset | Assets/_Game/Data/Zones/Zone_Quarry.asset";"Assets/_Game/Scenes/Zone_Quarry.unity";"Assets/_Game/Editor/StyleProofContentBuilder.cs | Assets/_Game/Editor/StyleProofPropBuilder.cs | Assets/_Game/Editor/WorldChestStyleCaptureUtility.cs";"position=(0,0,0) rotation=(0,0,0) scale=(1,1,1)";"(0.103274,0.490622,0.02021)";"(2.5548,1.102481,1.98612)";"Captures/Standard_Low/MP0-0075_Quarry_stone_deposit_Active.png";"Captures/Gameplay_Low/MP0-0075_Quarry_stone_deposit_Active.png";""
"MP0-0076";"technisch-integriert";"Quarry_stone_deposit_Exhausted";"Prefab";"Umgebung/Zonenprops";"Assets/_Game/Prefabs/Environment/AreaArtVariants/Quarry_stone_deposit_Exhausted.prefab";"344302d89acfaa148816ae837761a6cc";"202";"7";"7";"6";"7";"Assets/_Game/Art/World/Materials/M_EidrenWorld_VertexLit.mat | Assets/_Game/Art/World/Materials/M_World_ContactShadow.mat | Assets/_Game/Art/Zones/Materials/quarry_stone_deposit_identity.mat";"";"";"";"";"";"";"Assets/_Game/Data/AreaArt/AreaArt_Quarry.asset | Assets/_Game/Data/Zones/Zone_Quarry.asset";"Assets/_Game/Scenes/Zone_Quarry.unity";"Assets/_Game/Editor/StyleProofContentBuilder.cs | Assets/_Game/Editor/StyleProofPropBuilder.cs | Assets/_Game/Editor/WorldChestStyleCaptureUtility.cs";"position=(0,0,0) rotation=(0,0,0) scale=(1,1,1)";"(0.082351,0.190769,-0.10431)";"(2.457581,0.502774,1.790233)";"Captures/Standard_Low/MP0-0076_Quarry_stone_deposit_Exhausted.png";"Captures/Gameplay_Low/MP0-0076_Quarry_stone_deposit_Exhausted.png";""
"MP0-0077";"technisch-integriert";"Quarry_tree_Active";"Prefab";"Umgebung/Zonenprops";"Assets/_Game/Prefabs/Environment/AreaArtVariants/Quarry_tree_Active.prefab";"48082d65a309ca244ba98722a42e060c";"330";"11";"11";"9";"11";"Assets/_Game/Art/World/Materials/M_EidrenWorld_VertexLit.mat | Assets/_Game/Art/World/Materials/M_World_ContactShadow.mat | Assets/_Game/Art/Zones/Materials/marker_axe_handle.mat | Assets/_Game/Art/Zones/Materials/marker_axe_head.mat | Assets/_Game/Art/Zones/Materials/marker_ochre_cloth.mat";"";"";"";"";"";"";"Assets/_Game/Data/AreaArt/AreaArt_Quarry.asset | Assets/_Game/Data/Zones/Zone_Quarry.asset";"Assets/_Game/Scenes/Zone_Quarry.unity";"Assets/_Game/Editor/StyleProofContentBuilder.cs | Assets/_Game/Editor/StyleProofPropBuilder.cs | Assets/_Game/Editor/WorldChestStyleCaptureUtility.cs";"position=(0,0,0) rotation=(0,0,0) scale=(1,1,1)";"(0.029097,3,-0.003144)";"(4.68217,6,3.609417)";"Captures/Standard_Low/MP0-0077_Quarry_tree_Active.png";"Captures/Gameplay_Low/MP0-0077_Quarry_tree_Active.png";""
"MP0-0078";"technisch-integriert";"Quarry_tree_Exhausted";"Prefab";"Umgebung/Zonenprops";"Assets/_Game/Prefabs/Environment/AreaArtVariants/Quarry_tree_Exhausted.prefab";"7018e516c8394224b90c245da2f60b19";"138";"7";"7";"5";"7";"Assets/_Game/Art/World/Materials/M_EidrenWorld_VertexLit.mat | Assets/_Game/Art/World/Materials/M_World_ContactShadow.mat | Assets/_Game/Art/Zones/Materials/marker_axe_handle.mat | Assets/_Game/Art/Zones/Materials/marker_axe_head.mat | Assets/_Game/Art/Zones/Materials/marker_ochre_cloth.mat";"";"";"";"";"";"";"Assets/_Game/Data/AreaArt/AreaArt_Quarry.asset | Assets/_Game/Data/Zones/Zone_Quarry.asset";"Assets/_Game/Scenes/Zone_Quarry.unity";"Assets/_Game/Editor/StyleProofContentBuilder.cs | Assets/_Game/Editor/StyleProofPropBuilder.cs | Assets/_Game/Editor/WorldChestStyleCaptureUtility.cs";"position=(0,0,0) rotation=(0,0,0) scale=(1,1,1)";"(0.039116,0.35,-0.015426)";"(1.858704,0.7,1.527538)";"Captures/Standard_Low/MP0-0078_Quarry_tree_Exhausted.png";"Captures/Gameplay_Low/MP0-0078_Quarry_tree_Exhausted.png";""
"MP0-0079";"ungeprueft";"TwilightGrove_hardwood_tree_Active";"Prefab";"Umgebung/Zonenprops";"Assets/_Game/Prefabs/Environment/AreaArtVariants/TwilightGrove_hardwood_tree_Active.prefab";"c6238b97f478dfc46a2c94cdcd9a7a6f";"234";"7";"7";"6";"7";"Assets/_Game/Art/World/Materials/M_EidrenWorld_VertexLit.mat | Assets/_Game/Art/World/Materials/M_World_ContactShadow.mat | Assets/_Game/Art/Zones/Materials/twilightgrove_hardwood_tree_identity.mat";"";"";"";"";"";"";"Assets/_Game/Data/AreaArt/AreaArt_TwilightGrove.asset | Assets/_Game/Data/Zones/Zone_TwilightGrove.asset";"Assets/_Game/Scenes/Zone_TwilightGrove.unity";"Assets/_Game/Editor/StyleProofContentBuilder.cs | Assets/_Game/Editor/StyleProofPropBuilder.cs | Assets/_Game/Editor/WorldChestStyleCaptureUtility.cs";"position=(0,0,0) rotation=(0,0,0) scale=(1,1,1)";"(0.090054,3.307372,-0.058701)";"(4.2193,6.685256,3.073817)";"Captures/Standard_Low/MP0-0079_TwilightGrove_hardwood_tree_Active.png";"Captures/Gameplay_Low/MP0-0079_TwilightGrove_hardwood_tree_Active.png";""
"MP0-0080";"ungeprueft";"TwilightGrove_hardwood_tree_Exhausted";"Prefab";"Umgebung/Zonenprops";"Assets/_Game/Prefabs/Environment/AreaArtVariants/TwilightGrove_hardwood_tree_Exhausted.prefab";"b26a1d70167c7ad48836ddb9dfedf9b9";"98";"5";"5";"4";"5";"Assets/_Game/Art/World/Materials/M_EidrenWorld_VertexLit.mat | Assets/_Game/Art/World/Materials/M_World_ContactShadow.mat | Assets/_Game/Art/Zones/Materials/twilightgrove_hardwood_tree_identity.mat";"";"";"";"";"";"";"Assets/_Game/Data/AreaArt/AreaArt_TwilightGrove.asset | Assets/_Game/Data/Zones/Zone_TwilightGrove.asset";"Assets/_Game/Scenes/Zone_TwilightGrove.unity";"Assets/_Game/Editor/StyleProofContentBuilder.cs | Assets/_Game/Editor/StyleProofPropBuilder.cs | Assets/_Game/Editor/WorldChestStyleCaptureUtility.cs";"position=(0,0,0) rotation=(0,0,0) scale=(1,1,1)";"(0.029097,0.41326,-0.006608)";"(2.451382,0.85348,2.008796)";"Captures/Standard_Low/MP0-0080_TwilightGrove_hardwood_tree_Exhausted.png";"Captures/Gameplay_Low/MP0-0080_TwilightGrove_hardwood_tree_Exhausted.png";""
"MP0-0081";"ungeprueft";"TwilightGrove_swamp_hemp_Active";"Prefab";"Umgebung/Zonenprops";"Assets/_Game/Prefabs/Environment/AreaArtVariants/TwilightGrove_swamp_hemp_Active.prefab";"dd64a148a3dcf2349bb375b9c3ed0cf1";"290";"25";"25";"24";"25";"Assets/_Game/Art/World/Materials/M_EidrenWorld_VertexLit.mat | Assets/_Game/Art/World/Materials/M_World_ContactShadow.mat | Assets/_Game/Art/Zones/Materials/twilightgrove_swamp_hemp_identity.mat";"";"";"";"";"";"";"Assets/_Game/Data/AreaArt/AreaArt_TwilightGrove.asset | Assets/_Game/Data/Zones/Zone_TwilightGrove.asset";"Assets/_Game/Scenes/Zone_TwilightGrove.unity";"Assets/_Game/Editor/StyleProofContentBuilder.cs | Assets/_Game/Editor/StyleProofPropBuilder.cs | Assets/_Game/Editor/WorldChestStyleCaptureUtility.cs";"position=(0,0,0) rotation=(0,0,0) scale=(1,1,1)";"(0.029097,0.667372,-0.023359)";"(1.800285,1.405256,1.446717)";"Captures/Standard_Low/MP0-0081_TwilightGrove_swamp_hemp_Active.png";"Captures/Gameplay_Low/MP0-0081_TwilightGrove_swamp_hemp_Active.png";""
"MP0-0082";"ungeprueft";"TwilightGrove_swamp_hemp_Exhausted";"Prefab";"Umgebung/Zonenprops";"Assets/_Game/Prefabs/Environment/AreaArtVariants/TwilightGrove_swamp_hemp_Exhausted.prefab";"8ff434a59e36a2d48a710ecb7f9a6ea9";"110";"10";"10";"9";"10";"Assets/_Game/Art/World/Materials/M_EidrenWorld_VertexLit.mat | Assets/_Game/Art/World/Materials/M_World_ContactShadow.mat | Assets/_Game/Art/Zones/Materials/twilightgrove_swamp_hemp_identity.mat";"";"";"";"";"";"";"Assets/_Game/Data/AreaArt/AreaArt_TwilightGrove.asset | Assets/_Game/Data/Zones/Zone_TwilightGrove.asset";"Assets/_Game/Scenes/Zone_TwilightGrove.unity";"Assets/_Game/Editor/StyleProofContentBuilder.cs | Assets/_Game/Editor/StyleProofPropBuilder.cs | Assets/_Game/Editor/WorldChestStyleCaptureUtility.cs";"position=(0,0,0) rotation=(0,0,0) scale=(1,1,1)";"(-0.128674,0.103505,0.002229)";"(1.348569,0.233971,1.294457)";"Captures/Standard_Low/MP0-0082_TwilightGrove_swamp_hemp_Exhausted.png";"Captures/Gameplay_Low/MP0-0082_TwilightGrove_swamp_hemp_Exhausted.png";""
"MP0-0083";"ungeprueft";"VeilMarsh_iron_vein_Active";"Prefab";"Umgebung/Zonenprops";"Assets/_Game/Prefabs/Environment/AreaArtVariants/VeilMarsh_iron_vein_Active.prefab";"7d11baf81a75bc249a650efccc043bf7";"394";"15";"15";"14";"15";"Assets/_Game/Art/World/Materials/M_EidrenWorld_VertexLit.mat | Assets/_Game/Art/World/Materials/M_World_ContactShadow.mat | Assets/_Game/Art/Zones/Materials/veilmarsh_iron_vein_identity.mat";"";"";"";"";"";"";"Assets/_Game/Data/AreaArt/AreaArt_VeilMarsh.asset | Assets/_Game/Data/Zones/Zone_VeilMarsh.asset";"Assets/_Game/Scenes/Zone_VeilMarsh.unity";"Assets/_Game/Editor/StyleProofContentBuilder.cs | Assets/_Game/Editor/StyleProofPropBuilder.cs | Assets/_Game/Editor/WorldChestStyleCaptureUtility.cs";"position=(0,0,0) rotation=(0,0,0) scale=(1,1,1)";"(0.073364,0.682652,0.037511)";"(2.459049,1.435814,1.903507)";"Captures/Standard_Low/MP0-0083_VeilMarsh_iron_vein_Active.png";"Captures/Gameplay_Low/MP0-0083_VeilMarsh_iron_vein_Active.png";""
"MP0-0084";"ungeprueft";"VeilMarsh_iron_vein_Exhausted";"Prefab";"Umgebung/Zonenprops";"Assets/_Game/Prefabs/Environment/AreaArtVariants/VeilMarsh_iron_vein_Exhausted.prefab";"ce96a60aeb978ac4991f6c88520dbad3";"202";"7";"7";"6";"7";"Assets/_Game/Art/World/Materials/M_EidrenWorld_VertexLit.mat | Assets/_Game/Art/World/Materials/M_World_ContactShadow.mat | Assets/_Game/Art/Zones/Materials/veilmarsh_iron_vein_identity.mat";"";"";"";"";"";"";"Assets/_Game/Data/AreaArt/AreaArt_VeilMarsh.asset | Assets/_Game/Data/Zones/Zone_VeilMarsh.asset";"Assets/_Game/Scenes/Zone_VeilMarsh.unity";"Assets/_Game/Editor/StyleProofContentBuilder.cs | Assets/_Game/Editor/StyleProofPropBuilder.cs | Assets/_Game/Editor/WorldChestStyleCaptureUtility.cs";"position=(0,0,0) rotation=(0,0,0) scale=(1,1,1)";"(0.073364,0.36776,-0.09351)";"(2.41246,0.76248,1.745739)";"Captures/Standard_Low/MP0-0084_VeilMarsh_iron_vein_Exhausted.png";"Captures/Gameplay_Low/MP0-0084_VeilMarsh_iron_vein_Exhausted.png";""
"MP0-0085";"ungeprueft";"VeilMarsh_swamp_hemp_Active";"Prefab";"Umgebung/Zonenprops";"Assets/_Game/Prefabs/Environment/AreaArtVariants/VeilMarsh_swamp_hemp_Active.prefab";"66ed594fa8003554eb21cc7ce04845bf";"290";"25";"25";"24";"25";"Assets/_Game/Art/World/Materials/M_EidrenWorld_VertexLit.mat | Assets/_Game/Art/World/Materials/M_World_ContactShadow.mat | Assets/_Game/Art/Zones/Materials/veilmarsh_swamp_hemp_identity.mat";"";"";"";"";"";"";"Assets/_Game/Data/AreaArt/AreaArt_VeilMarsh.asset | Assets/_Game/Data/Zones/Zone_VeilMarsh.asset";"Assets/_Game/Scenes/Zone_VeilMarsh.unity";"Assets/_Game/Editor/StyleProofContentBuilder.cs | Assets/_Game/Editor/StyleProofPropBuilder.cs | Assets/_Game/Editor/WorldChestStyleCaptureUtility.cs";"position=(0,0,0) rotation=(0,0,0) scale=(1,1,1)";"(0.029097,0.667372,-0.023359)";"(1.800285,1.405256,1.446717)";"Captures/Standard_Low/MP0-0085_VeilMarsh_swamp_hemp_Active.png";"Captures/Gameplay_Low/MP0-0085_VeilMarsh_swamp_hemp_Active.png";""
"MP0-0086";"ungeprueft";"VeilMarsh_swamp_hemp_Exhausted";"Prefab";"Umgebung/Zonenprops";"Assets/_Game/Prefabs/Environment/AreaArtVariants/VeilMarsh_swamp_hemp_Exhausted.prefab";"7bc86cffa0579d6448cd659162cd1113";"110";"10";"10";"9";"10";"Assets/_Game/Art/World/Materials/M_EidrenWorld_VertexLit.mat | Assets/_Game/Art/World/Materials/M_World_ContactShadow.mat | Assets/_Game/Art/Zones/Materials/veilmarsh_swamp_hemp_identity.mat";"";"";"";"";"";"";"Assets/_Game/Data/AreaArt/AreaArt_VeilMarsh.asset | Assets/_Game/Data/Zones/Zone_VeilMarsh.asset";"Assets/_Game/Scenes/Zone_VeilMarsh.unity";"Assets/_Game/Editor/StyleProofContentBuilder.cs | Assets/_Game/Editor/StyleProofPropBuilder.cs | Assets/_Game/Editor/WorldChestStyleCaptureUtility.cs";"position=(0,0,0) rotation=(0,0,0) scale=(1,1,1)";"(-0.128674,0.103505,0.002229)";"(1.348569,0.233971,1.294457)";"Captures/Standard_Low/MP0-0086_VeilMarsh_swamp_hemp_Exhausted.png";"Captures/Gameplay_Low/MP0-0086_VeilMarsh_swamp_hemp_Exhausted.png";""
"MP0-0087";"ungeprueft";"SP_Accent_GlowMushrooms";"Prefab";"Umgebung/Zonenprops";"Assets/_Game/Prefabs/Environment/StyleProof/SP_Accent_GlowMushrooms.prefab";"91363b6426ab8ae41ac4dcacff15cf11";"226";"9";"9";"9";"9";"Assets/_Game/Art/World/Materials/M_EidrenWorld_VertexLit.mat | Assets/_Game/Art/World/Materials/M_World_ContactShadow.mat";"";"";"";"";"";"";"Assets/_Game/Data/AreaArt/AreaArt_Marsh.asset | Assets/_Game/Data/AreaArt/AreaArt_TwilightGrove.asset | Assets/_Game/Data/AreaArt/AreaArt_VeilMarsh.asset | Assets/_Game/Data/Zones/Zone_Marsh.asset | Assets/_Game/Data/Zones/Zone_TwilightGrove.asset | Assets/_Game/Data/Zones/Zone_VeilMarsh.asset | Assets/_Game/Resources/StyleProof/StyleProofVisualLibrary.asset";"Assets/_Game/Scenes/Zone_Marsh.unity | Assets/_Game/Scenes/Zone_TwilightGrove.unity | Assets/_Game/Scenes/Zone_VeilMarsh.unity";"Assets/_Game/Editor/StyleProofContentBuilder.cs | Assets/_Game/Editor/StyleProofPropBuilder.cs | Assets/_Game/Editor/VisualScaleAssetMap.cs | Assets/_Game/Editor/WorldChestStyleCaptureUtility.cs";"position=(0,0,0) rotation=(0,0,0) scale=(1,1,1)";"(0.029097,0.175,-0.029422)";"(0.540394,0.35,0.483619)";"Captures/Standard_Low/MP0-0087_SP_Accent_GlowMushrooms.png";"Captures/Gameplay_Low/MP0-0087_SP_Accent_GlowMushrooms.png";""
"MP0-0088";"ungeprueft";"SP_EidrenRune";"Prefab";"Umgebung/Zonenprops";"Assets/_Game/Prefabs/Environment/StyleProof/SP_EidrenRune.prefab";"720df75ab38b28348b7b58887124f1e4";"50";"5";"5";"5";"5";"Assets/_Game/Art/World/Materials/M_EidrenWorld_VertexLit.mat | Assets/_Game/Art/World/Materials/M_World_ContactShadow.mat";"";"";"";"";"";"";"Assets/_Game/Data/AreaArt/AreaArt_EmberRuins.asset | Assets/_Game/Data/AreaArt/AreaArt_Greenwood.asset | Assets/_Game/Data/AreaArt/AreaArt_GreyRifts.asset | Assets/_Game/Data/AreaArt/AreaArt_HomeBase.asset | Assets/_Game/Data/AreaArt/AreaArt_Quarry.asset | Assets/_Game/Data/AreaArt/AreaArt_VeilMarsh.asset | Assets/_Game/Data/Zones/Zone_EmberRuins.asset | Assets/_Game/Data/Zones/Zone_Greenwood.asset | Assets/_Game/Data/Zones/Zone_GreyRifts.asset | Assets/_Game/Data/Zones/Zone_HomeBase.asset | Assets/_Game/Data/Zones/Zone_Quarry.asset | Assets/_Game/Data/Zones/Zone_VeilMarsh.asset";"Assets/_Game/Scenes/HomeBase.unity | Assets/_Game/Scenes/Zone_EmberRuins.unity | Assets/_Game/Scenes/Zone_Greenwood.unity | Assets/_Game/Scenes/Zone_GreyRifts.unity | Assets/_Game/Scenes/Zone_Quarry.unity | Assets/_Game/Scenes/Zone_VeilMarsh.unity";"Assets/_Game/Editor/StyleProofContentBuilder.cs | Assets/_Game/Editor/StyleProofPropBuilder.cs | Assets/_Game/Editor/VisualScaleAssetMap.cs | Assets/_Game/Editor/WorldChestStyleCaptureUtility.cs";"position=(0,0,0) rotation=(0,0,0) scale=(1,1,1)";"(0.029097,0.4,-0.040972)";"(0.720781,0.8,0.439503)";"Captures/Standard_Low/MP0-0088_SP_EidrenRune.png";"Captures/Gameplay_Low/MP0-0088_SP_EidrenRune.png";""
"MP0-0089";"ungeprueft";"SP_GroundCover_Grass";"Prefab";"Umgebung/Zonenprops";"Assets/_Game/Prefabs/Environment/StyleProof/SP_GroundCover_Grass.prefab";"0776cdffc03491c4eacacb09f19ee709";"224";"8";"8";"8";"8";"Assets/_Game/Art/World/Materials/M_EidrenWorld_VertexLit.mat";"";"";"";"";"";"";"Assets/_Game/Data/AreaArt/AreaArt_EmberRuins.asset | Assets/_Game/Data/AreaArt/AreaArt_GreyRifts.asset | Assets/_Game/Data/AreaArt/AreaArt_HomeBase.asset | Assets/_Game/Data/AreaArt/AreaArt_Quarry.asset | Assets/_Game/Data/Zones/Zone_EmberRuins.asset | Assets/_Game/Data/Zones/Zone_GreyRifts.asset | Assets/_Game/Data/Zones/Zone_HomeBase.asset | Assets/_Game/Data/Zones/Zone_Quarry.asset | Assets/_Game/Resources/StyleProof/StyleProofVisualLibrary.asset";"Assets/_Game/Scenes/HomeBase.unity | Assets/_Game/Scenes/Zone_EmberRuins.unity | Assets/_Game/Scenes/Zone_GreyRifts.unity | Assets/_Game/Scenes/Zone_Quarry.unity";"Assets/_Game/Editor/StyleProofContentBuilder.cs | Assets/_Game/Editor/StyleProofPropBuilder.cs | Assets/_Game/Editor/VisualScaleAssetMap.cs | Assets/_Game/Editor/WorldChestStyleCaptureUtility.cs";"position=(0,0,0) rotation=(0,0,0) scale=(1,1,1)";"(-0.00648,0.075,-0.00522)";"(1.188156,0.15,1.199798)";"Captures/Standard_Low/MP0-0089_SP_GroundCover_Grass.png";"Captures/Gameplay_Low/MP0-0089_SP_GroundCover_Grass.png";""
"MP0-0090";"ungeprueft";"SP_GroundCover_Moss";"Prefab";"Umgebung/Zonenprops";"Assets/_Game/Prefabs/Environment/StyleProof/SP_GroundCover_Moss.prefab";"8476cae0d898d1641948b08967dd12e6";"264";"6";"6";"6";"6";"Assets/_Game/Art/World/Materials/M_EidrenWorld_VertexLit.mat";"";"";"";"";"";"";"Assets/_Game/Data/AreaArt/AreaArt_Greenwood.asset | Assets/_Game/Data/AreaArt/AreaArt_Marsh.asset | Assets/_Game/Data/AreaArt/AreaArt_TwilightGrove.asset | Assets/_Game/Data/AreaArt/AreaArt_VeilMarsh.asset | Assets/_Game/Data/Zones/Zone_Greenwood.asset | Assets/_Game/Data/Zones/Zone_Marsh.asset | Assets/_Game/Data/Zones/Zone_TwilightGrove.asset | Assets/_Game/Data/Zones/Zone_VeilMarsh.asset";"Assets/_Game/Scenes/Zone_Greenwood.unity | Assets/_Game/Scenes/Zone_Marsh.unity | Assets/_Game/Scenes/Zone_TwilightGrove.unity | Assets/_Game/Scenes/Zone_VeilMarsh.unity";"Assets/_Game/Editor/StyleProofContentBuilder.cs | Assets/_Game/Editor/StyleProofPropBuilder.cs | Assets/_Game/Editor/VisualScaleAssetMap.cs | Assets/_Game/Editor/WorldChestStyleCaptureUtility.cs";"position=(0,0,0) rotation=(0,0,0) scale=(1,1,1)";"(-0.018278,0.06,0.00272)";"(1.200145,0.12,1.13713)";"Captures/Standard_Low/MP0-0090_SP_GroundCover_Moss.png";"Captures/Gameplay_Low/MP0-0090_SP_GroundCover_Moss.png";""
"MP0-0091";"ungeprueft";"SP_Plant_Bush";"Prefab";"Umgebung/Zonenprops";"Assets/_Game/Prefabs/Environment/StyleProof/SP_Plant_Bush.prefab";"6c0e84875abd15a479854b4261f6c371";"46";"2";"2";"2";"2";"Assets/_Game/Art/World/Materials/M_EidrenWorld_VertexLit.mat | Assets/_Game/Art/World/Materials/M_World_ContactShadow.mat";"";"";"";"";"";"";"Assets/_Game/Data/AreaArt/AreaArt_EmberRuins.asset | Assets/_Game/Data/AreaArt/AreaArt_Greenwood.asset | Assets/_Game/Data/AreaArt/AreaArt_HomeBase.asset | Assets/_Game/Data/AreaArt/AreaArt_Marsh.asset | Assets/_Game/Data/AreaArt/AreaArt_Quarry.asset | Assets/_Game/Data/AreaArt/AreaArt_TwilightGrove.asset | Assets/_Game/Data/AreaArt/AreaArt_VeilMarsh.asset | Assets/_Game/Data/Zones/Zone_EmberRuins.asset | Assets/_Game/Data/Zones/Zone_Greenwood.asset | Assets/_Game/Data/Zones/Zone_HomeBase.asset | Assets/_Game/Data/Zones/Zone_Marsh.asset | Assets/_Game/Data/Zones/Zone_Quarry.asset | Assets/_Game/Data/Zones/Zone_TwilightGrove.asset | Assets/_Game/Data/Zones/Zone_VeilMarsh.asset | Assets/_Game/Resources/StyleProof/StyleProofVisualLibrary.asset";"Assets/_Game/Scenes/HomeBase.unity | Assets/_Game/Scenes/Zone_EmberRuins.unity | Assets/_Game/Scenes/Zone_Greenwood.unity | Assets/_Game/Scenes/Zone_Marsh.unity | Assets/_Game/Scenes/Zone_Quarry.unity | Assets/_Game/Scenes/Zone_TwilightGrove.unity | Assets/_Game/Scenes/Zone_VeilMarsh.unity";"Assets/_Game/Editor/StyleProofContentBuilder.cs | Assets/_Game/Editor/StyleProofPropBuilder.cs | Assets/_Game/Editor/VisualScaleAssetMap.cs | Assets/_Game/Editor/WorldChestStyleCaptureUtility.cs";"position=(0,0,0) rotation=(0,0,0) scale=(1,1,1)";"(0.029097,0.45,-0.033711)";"(1.501356,0.9,1.176077)";"Captures/Standard_Low/MP0-0091_SP_Plant_Bush.png";"Captures/Gameplay_Low/MP0-0091_SP_Plant_Bush.png";""
"MP0-0092";"ungeprueft";"SP_Plant_Fern";"Prefab";"Umgebung/Zonenprops";"Assets/_Game/Prefabs/Environment/StyleProof/SP_Plant_Fern.prefab";"58fb3f2e59b14e44899d00b72c32d9b1";"74";"7";"7";"7";"7";"Assets/_Game/Art/World/Materials/M_EidrenWorld_VertexLit.mat | Assets/_Game/Art/World/Materials/M_World_ContactShadow.mat";"";"";"";"";"";"";"Assets/_Game/Data/AreaArt/AreaArt_Greenwood.asset | Assets/_Game/Data/AreaArt/AreaArt_Marsh.asset | Assets/_Game/Data/AreaArt/AreaArt_TwilightGrove.asset | Assets/_Game/Data/AreaArt/AreaArt_VeilMarsh.asset | Assets/_Game/Data/Zones/Zone_Greenwood.asset | Assets/_Game/Data/Zones/Zone_Marsh.asset | Assets/_Game/Data/Zones/Zone_TwilightGrove.asset | Assets/_Game/Data/Zones/Zone_VeilMarsh.asset | Assets/_Game/Resources/StyleProof/StyleProofVisualLibrary.asset";"Assets/_Game/Scenes/Zone_Greenwood.unity | Assets/_Game/Scenes/Zone_Marsh.unity | Assets/_Game/Scenes/Zone_TwilightGrove.unity | Assets/_Game/Scenes/Zone_VeilMarsh.unity";"Assets/_Game/Editor/StyleProofContentBuilder.cs | Assets/_Game/Editor/StyleProofPropBuilder.cs | Assets/_Game/Editor/VisualScaleAssetMap.cs | Assets/_Game/Editor/WorldChestStyleCaptureUtility.cs";"position=(0,0,0) rotation=(0,0,0) scale=(1,1,1)";"(-0.029666,0.337884,-0.112543)";"(1.305097,0.700343,1.036905)";"Captures/Standard_Low/MP0-0092_SP_Plant_Fern.png";"Captures/Gameplay_Low/MP0-0092_SP_Plant_Fern.png";""
"MP0-0093";"ungeprueft";"SP_Plant_Flowers";"Prefab";"Umgebung/Zonenprops";"Assets/_Game/Prefabs/Environment/StyleProof/SP_Plant_Flowers.prefab";"3c03787a9b0d24541a92358b1f05caf4";"122";"11";"11";"11";"11";"Assets/_Game/Art/World/Materials/M_EidrenWorld_VertexLit.mat | Assets/_Game/Art/World/Materials/M_World_ContactShadow.mat";"";"";"";"";"";"";"Assets/_Game/Data/AreaArt/AreaArt_Greenwood.asset | Assets/_Game/Data/AreaArt/AreaArt_Marsh.asset | Assets/_Game/Data/Zones/Zone_Greenwood.asset | Assets/_Game/Data/Zones/Zone_Marsh.asset | Assets/_Game/Resources/StyleProof/StyleProofVisualLibrary.asset";"Assets/_Game/Scenes/Zone_Greenwood.unity | Assets/_Game/Scenes/Zone_Marsh.unity";"Assets/_Game/Editor/StyleProofContentBuilder.cs | Assets/_Game/Editor/StyleProofPropBuilder.cs | Assets/_Game/Editor/VisualScaleAssetMap.cs | Assets/_Game/Editor/WorldChestStyleCaptureUtility.cs";"position=(0,0,0) rotation=(0,0,0) scale=(1,1,1)";"(0.043421,0.2,-0.027038)";"(0.492543,0.4,0.459394)";"Captures/Standard_Low/MP0-0093_SP_Plant_Flowers.png";"Captures/Gameplay_Low/MP0-0093_SP_Plant_Flowers.png";""
"MP0-0094";"ungeprueft";"SP_Rock_Large";"Prefab";"Umgebung/Zonenprops";"Assets/_Game/Prefabs/Environment/StyleProof/SP_Rock_Large.prefab";"7a05b52bf96b4cf46a032fc54d3ecac5";"222";"6";"6";"6";"6";"Assets/_Game/Art/World/Materials/M_EidrenWorld_VertexLit.mat | Assets/_Game/Art/World/Materials/M_World_ContactShadow.mat";"BoxCollider@<root> trigger=False center=(0,0.9,0) size=(2.2,1.8,2.2)";"";"";"";"";"";"Assets/_Game/Data/AreaArt/AreaArt_EmberRuins.asset | Assets/_Game/Data/AreaArt/AreaArt_Greenwood.asset | Assets/_Game/Data/AreaArt/AreaArt_GreyRifts.asset | Assets/_Game/Data/AreaArt/AreaArt_Quarry.asset | Assets/_Game/Data/Zones/Zone_EmberRuins.asset | Assets/_Game/Data/Zones/Zone_Greenwood.asset | Assets/_Game/Data/Zones/Zone_GreyRifts.asset | Assets/_Game/Data/Zones/Zone_Quarry.asset | Assets/_Game/Resources/StyleProof/StyleProofVisualLibrary.asset";"Assets/_Game/Scenes/Zone_EmberRuins.unity | Assets/_Game/Scenes/Zone_Greenwood.unity | Assets/_Game/Scenes/Zone_GreyRifts.unity | Assets/_Game/Scenes/Zone_Quarry.unity";"Assets/_Game/Editor/StyleProofContentBuilder.cs | Assets/_Game/Editor/StyleProofPropBuilder.cs | Assets/_Game/Editor/VisualScaleAssetMap.cs | Assets/_Game/Editor/WorldChestStyleCaptureUtility.cs";"position=(0,0,0) rotation=(0,0,0) scale=(1,1,1)";"(0.139331,1.140857,-0.004265)";"(2.645646,2.402952,2.063983)";"Captures/Standard_Low/MP0-0094_SP_Rock_Large.png";"Captures/Gameplay_Low/MP0-0094_SP_Rock_Large.png";""
"MP0-0095";"ungeprueft";"SP_Rock_Medium";"Prefab";"Umgebung/Zonenprops";"Assets/_Game/Prefabs/Environment/StyleProof/SP_Rock_Medium.prefab";"e807eb3c56600d44f8f2698a7b860361";"134";"4";"4";"4";"4";"Assets/_Game/Art/World/Materials/M_EidrenWorld_VertexLit.mat | Assets/_Game/Art/World/Materials/M_World_ContactShadow.mat";"BoxCollider@<root> trigger=False center=(0,0.4,0) size=(1.3,0.8,1.3)";"";"";"";"";"";"Assets/_Game/Data/AreaArt/AreaArt_EmberRuins.asset | Assets/_Game/Data/AreaArt/AreaArt_Greenwood.asset | Assets/_Game/Data/AreaArt/AreaArt_GreyRifts.asset | Assets/_Game/Data/AreaArt/AreaArt_Marsh.asset | Assets/_Game/Data/AreaArt/AreaArt_Quarry.asset | Assets/_Game/Data/Zones/Zone_EmberRuins.asset | Assets/_Game/Data/Zones/Zone_Greenwood.asset | Assets/_Game/Data/Zones/Zone_GreyRifts.asset | Assets/_Game/Data/Zones/Zone_Marsh.asset | Assets/_Game/Data/Zones/Zone_Quarry.asset | Assets/_Game/Resources/StyleProof/StyleProofVisualLibrary.asset";"Assets/_Game/Scenes/Zone_EmberRuins.unity | Assets/_Game/Scenes/Zone_Greenwood.unity | Assets/_Game/Scenes/Zone_GreyRifts.unity | Assets/_Game/Scenes/Zone_Marsh.unity | Assets/_Game/Scenes/Zone_Quarry.unity";"Assets/_Game/Editor/LoftWicklungRollout.cs | Assets/_Game/Editor/StyleProofContentBuilder.cs | Assets/_Game/Editor/StyleProofPropBuilder.cs | Assets/_Game/Editor/VisualScaleAssetMap.cs | Assets/_Game/Editor/WorldChestStyleCaptureUtility.cs";"position=(0,0,0) rotation=(0,0,0) scale=(1,1,1)";"(0.103371,0.492374,-0.11874)";"(2.505661,1.105985,1.819094)";"Captures/Standard_Low/MP0-0095_SP_Rock_Medium.png";"Captures/Gameplay_Low/MP0-0095_SP_Rock_Medium.png";""
"MP0-0096";"ungeprueft";"SP_Rock_Small";"Prefab";"Umgebung/Zonenprops";"Assets/_Game/Prefabs/Environment/StyleProof/SP_Rock_Small.prefab";"048d2c2f12ce3a74dbddce9d0b2ce8a9";"90";"3";"3";"3";"3";"Assets/_Game/Art/World/Materials/M_EidrenWorld_VertexLit.mat | Assets/_Game/Art/World/Materials/M_World_ContactShadow.mat";"BoxCollider@<root> trigger=False center=(0,0.2,0) size=(0.8,0.4,0.8)";"";"";"";"";"";"Assets/_Game/Data/AreaArt/AreaArt_Greenwood.asset | Assets/_Game/Data/AreaArt/AreaArt_GreyRifts.asset | Assets/_Game/Data/AreaArt/AreaArt_HomeBase.asset | Assets/_Game/Data/AreaArt/AreaArt_Marsh.asset | Assets/_Game/Data/AreaArt/AreaArt_Quarry.asset | Assets/_Game/Data/AreaArt/AreaArt_VeilMarsh.asset | Assets/_Game/Data/Zones/Zone_Greenwood.asset | Assets/_Game/Data/Zones/Zone_GreyRifts.asset | Assets/_Game/Data/Zones/Zone_HomeBase.asset | Assets/_Game/Data/Zones/Zone_Marsh.asset | Assets/_Game/Data/Zones/Zone_Quarry.asset | Assets/_Game/Data/Zones/Zone_VeilMarsh.asset | Assets/_Game/Resources/StyleProof/StyleProofVisualLibrary.asset";"Assets/_Game/Scenes/HomeBase.unity | Assets/_Game/Scenes/Zone_Greenwood.unity | Assets/_Game/Scenes/Zone_GreyRifts.unity | Assets/_Game/Scenes/Zone_Marsh.unity | Assets/_Game/Scenes/Zone_Quarry.unity | Assets/_Game/Scenes/Zone_VeilMarsh.unity";"Assets/_Game/Editor/StyleProofContentBuilder.cs | Assets/_Game/Editor/StyleProofPropBuilder.cs | Assets/_Game/Editor/VisualScaleAssetMap.cs | Assets/_Game/Editor/WorldChestStyleCaptureUtility.cs";"position=(0,0,0) rotation=(0,0,0) scale=(1,1,1)";"(-0.231667,0.190732,-0.051178)";"(1.825798,0.502701,1.683969)";"Captures/Standard_Low/MP0-0096_SP_Rock_Small.png";"Captures/Gameplay_Low/MP0-0096_SP_Rock_Small.png";""
"MP0-0097";"ungeprueft";"SP_RuinMonument";"Prefab";"Umgebung/Zonenprops";"Assets/_Game/Prefabs/Environment/StyleProof/SP_RuinMonument.prefab";"9313da8e1c3c16342966f0867ddeeadd";"78";"5";"5";"5";"5";"Assets/_Game/Art/World/Materials/M_EidrenWorld_VertexLit.mat | Assets/_Game/Art/World/Materials/M_World_ContactShadow.mat";"BoxCollider@<root> trigger=False center=(0,1.5,0) size=(1.4,3,1.4)";"";"";"";"";"";"Assets/_Game/Data/AreaArt/AreaArt_EmberRuins.asset | Assets/_Game/Data/AreaArt/AreaArt_GreyRifts.asset | Assets/_Game/Data/AreaArt/AreaArt_TwilightGrove.asset | Assets/_Game/Data/Zones/Zone_EmberRuins.asset | Assets/_Game/Data/Zones/Zone_GreyRifts.asset | Assets/_Game/Data/Zones/Zone_TwilightGrove.asset";"Assets/_Game/Scenes/Zone_EmberRuins.unity | Assets/_Game/Scenes/Zone_GreyRifts.unity | Assets/_Game/Scenes/Zone_TwilightGrove.unity";"Assets/_Game/Editor/StyleProofContentBuilder.cs | Assets/_Game/Editor/StyleProofPropBuilder.cs | Assets/_Game/Editor/VisualScaleAssetMap.cs | Assets/_Game/Editor/WorldChestStyleCaptureUtility.cs";"position=(0,0,0) rotation=(0,0,0) scale=(1,1,1)";"(0.029097,2.5,-0.024921)";"(1.795333,5,1.435661)";"Captures/Standard_Low/MP0-0097_SP_RuinMonument.png";"Captures/Gameplay_Low/MP0-0097_SP_RuinMonument.png";""
"MP0-0098";"ungeprueft";"SP_RuinWall_A";"Prefab";"Umgebung/Zonenprops";"Assets/_Game/Prefabs/Environment/StyleProof/SP_RuinWall_A.prefab";"10755a6d5c02ad149bbc34d079d188f0";"50";"6";"6";"6";"6";"Assets/_Game/Art/World/Materials/M_EidrenWorld_VertexLit.mat | Assets/_Game/Art/World/Materials/M_World_ContactShadow.mat";"BoxCollider@<root> trigger=False center=(0,1.1,0) size=(2.6,2.2,0.8)";"";"";"";"";"";"Assets/_Game/Data/AreaArt/AreaArt_EmberRuins.asset | Assets/_Game/Data/AreaArt/AreaArt_GreyRifts.asset | Assets/_Game/Data/AreaArt/AreaArt_Quarry.asset | Assets/_Game/Data/AreaArt/AreaArt_VeilMarsh.asset | Assets/_Game/Data/Zones/Zone_EmberRuins.asset | Assets/_Game/Data/Zones/Zone_GreyRifts.asset | Assets/_Game/Data/Zones/Zone_Quarry.asset | Assets/_Game/Data/Zones/Zone_VeilMarsh.asset | Assets/_Game/Resources/StyleProof/StyleProofVisualLibrary.asset";"Assets/_Game/Scenes/Zone_EmberRuins.unity | Assets/_Game/Scenes/Zone_GreyRifts.unity | Assets/_Game/Scenes/Zone_Quarry.unity | Assets/_Game/Scenes/Zone_VeilMarsh.unity";"Assets/_Game/Editor/StyleProofContentBuilder.cs | Assets/_Game/Editor/StyleProofPropBuilder.cs | Assets/_Game/Editor/VisualScaleAssetMap.cs | Assets/_Game/Editor/WorldChestStyleCaptureUtility.cs";"position=(0,0,0) rotation=(0,0,0) scale=(1,1,1)";"(0.029097,1.3,-0.065972)";"(2.77215,2.6,1.5064)";"Captures/Standard_Low/MP0-0098_SP_RuinWall_A.png";"Captures/Gameplay_Low/MP0-0098_SP_RuinWall_A.png";""
"MP0-0099";"ungeprueft";"SP_RuinWall_B";"Prefab";"Umgebung/Zonenprops";"Assets/_Game/Prefabs/Environment/StyleProof/SP_RuinWall_B.prefab";"110fdd08b47f8214b89c865c4ed10e83";"42";"5";"5";"5";"5";"Assets/_Game/Art/World/Materials/M_EidrenWorld_VertexLit.mat | Assets/_Game/Art/World/Materials/M_World_ContactShadow.mat";"BoxCollider@<root> trigger=False center=(0,1.1,0) size=(2,2.2,0.8)";"";"";"";"";"";"Assets/_Game/Data/AreaArt/AreaArt_EmberRuins.asset | Assets/_Game/Data/AreaArt/AreaArt_GreyRifts.asset | Assets/_Game/Data/AreaArt/AreaArt_Quarry.asset | Assets/_Game/Data/Zones/Zone_EmberRuins.asset | Assets/_Game/Data/Zones/Zone_GreyRifts.asset | Assets/_Game/Data/Zones/Zone_Quarry.asset";"Assets/_Game/Scenes/Zone_EmberRuins.unity | Assets/_Game/Scenes/Zone_GreyRifts.unity | Assets/_Game/Scenes/Zone_Quarry.unity";"Assets/_Game/Editor/StyleProofContentBuilder.cs | Assets/_Game/Editor/StyleProofPropBuilder.cs | Assets/_Game/Editor/VisualScaleAssetMap.cs | Assets/_Game/Editor/WorldChestStyleCaptureUtility.cs";"position=(0,0,0) rotation=(0,0,0) scale=(1,1,1)";"(0.029097,1.3,-0.065972)";"(2.168277,2.6,1.24006)";"Captures/Standard_Low/MP0-0099_SP_RuinWall_B.png";"Captures/Gameplay_Low/MP0-0099_SP_RuinWall_B.png";""
"MP0-0100";"ungeprueft";"SP_Tree_A";"Prefab";"Umgebung/Zonenprops";"Assets/_Game/Prefabs/Environment/StyleProof/SP_Tree_A.prefab";"42999b3921a98d64799e91e3ec9fb8af";"266";"7";"7";"7";"7";"Assets/_Game/Art/World/Materials/M_EidrenWorld_VertexLit.mat | Assets/_Game/Art/World/Materials/M_World_ContactShadow.mat";"BoxCollider@<root> trigger=False center=(0,1.5,0) size=(0.9,3,0.9)";"";"";"";"";"";"Assets/_Game/Data/AreaArt/AreaArt_TwilightGrove.asset | Assets/_Game/Data/Zones/Zone_TwilightGrove.asset | Assets/_Game/Resources/StyleProof/StyleProofVisualLibrary.asset";"Assets/_Game/Scenes/Zone_TwilightGrove.unity";"Assets/_Game/Editor/StyleProofContentBuilder.cs | Assets/_Game/Editor/StyleProofPropBuilder.cs | Assets/_Game/Editor/VisualScaleAssetMap.cs | Assets/_Game/Editor/WorldChestStyleCaptureUtility.cs";"position=(0,0,0) rotation=(0,0,0) scale=(1,1,1)";"(0.029097,3.75,-0.02833)";"(3.570161,7.5,2.73591)";"Captures/Standard_Low/MP0-0100_SP_Tree_A.png";"Captures/Gameplay_Low/MP0-0100_SP_Tree_A.png";""
"MP0-0101";"ungeprueft";"SP_Tree_B";"Prefab";"Umgebung/Zonenprops";"Assets/_Game/Prefabs/Environment/StyleProof/SP_Tree_B.prefab";"18b4420227da46b4091ce327a251e251";"282";"7";"7";"7";"7";"Assets/_Game/Art/World/Materials/M_EidrenWorld_VertexLit.mat | Assets/_Game/Art/World/Materials/M_World_ContactShadow.mat";"BoxCollider@<root> trigger=False center=(0,1.2,0) size=(0.8,2.4,0.8)";"";"";"";"";"";"Assets/_Game/Data/AreaArt/AreaArt_TwilightGrove.asset | Assets/_Game/Data/Zones/Zone_TwilightGrove.asset | Assets/_Game/Resources/StyleProof/StyleProofVisualLibrary.asset";"Assets/_Game/Scenes/Zone_TwilightGrove.unity";"Assets/_Game/Editor/StyleProofContentBuilder.cs | Assets/_Game/Editor/StyleProofPropBuilder.cs | Assets/_Game/Editor/VisualScaleAssetMap.cs | Assets/_Game/Editor/WorldChestStyleCaptureUtility.cs";"position=(0,0,0) rotation=(0,0,0) scale=(1,1,1)";"(0.029097,3,-0.023445)";"(4.02412,6,3.095693)";"Captures/Standard_Low/MP0-0101_SP_Tree_B.png";"Captures/Gameplay_Low/MP0-0101_SP_Tree_B.png";""
"MP0-0102";"ungeprueft";"SP_Tree_C";"Prefab";"Umgebung/Zonenprops";"Assets/_Game/Prefabs/Environment/StyleProof/SP_Tree_C.prefab";"874715e7b482f4145b949bc13e2ab5c7";"166";"4";"4";"4";"4";"Assets/_Game/Art/World/Materials/M_EidrenWorld_VertexLit.mat | Assets/_Game/Art/World/Materials/M_World_ContactShadow.mat";"BoxCollider@<root> trigger=False center=(0,0.8,0) size=(0.7,1.6,0.7)";"";"";"";"";"";"Assets/_Game/Data/AreaArt/AreaArt_Marsh.asset | Assets/_Game/Data/AreaArt/AreaArt_TwilightGrove.asset | Assets/_Game/Data/AreaArt/AreaArt_VeilMarsh.asset | Assets/_Game/Data/Zones/Zone_Marsh.asset | Assets/_Game/Data/Zones/Zone_TwilightGrove.asset | Assets/_Game/Data/Zones/Zone_VeilMarsh.asset | Assets/_Game/Resources/StyleProof/StyleProofVisualLibrary.asset";"Assets/_Game/Scenes/Zone_Marsh.unity | Assets/_Game/Scenes/Zone_TwilightGrove.unity | Assets/_Game/Scenes/Zone_VeilMarsh.unity";"Assets/_Game/Editor/StyleProofContentBuilder.cs | Assets/_Game/Editor/StyleProofPropBuilder.cs | Assets/_Game/Editor/VisualScaleAssetMap.cs | Assets/_Game/Editor/WorldChestStyleCaptureUtility.cs";"position=(0,0,0) rotation=(0,0,0) scale=(1,1,1)";"(0.572783,2,-0.04394)";"(2.715209,4,2.028026)";"Captures/Standard_Low/MP0-0102_SP_Tree_C.png";"Captures/Gameplay_Low/MP0-0102_SP_Tree_C.png";""
"MP0-0103";"ungeprueft";"WorldItem";"Prefab";"WorldItems/Loot";"Assets/_Game/Prefabs/Items/WorldItem.prefab";"2c2e229e48566b641bd46edcf3e178cd";"848";"4";"4";"2";"4";"Assets/Material/Sprite-Unlit-Default.mat | Assets/_Game/Art/Geometry/Materials/visual_world_item_cloth.mat | Assets/_Game/Art/Geometry/Materials/visual_world_item_tie.mat | Library/unity default resources";"SphereCollider@<root> trigger=True center=(0,0,0) radius=0.72";"";"";"";"";"Assets/_Game/Prefabs/Resources/Nodes/BerryBush.prefab | Assets/_Game/Prefabs/Resources/Nodes/CopperVein.prefab | Assets/_Game/Prefabs/Resources/Nodes/FiberPlant.prefab | Assets/_Game/Prefabs/Resources/Nodes/GraniteDeposit.prefab | Assets/_Game/Prefabs/Resources/Nodes/HardwoodTree.prefab | Assets/_Game/Prefabs/Resources/Nodes/IronVein.prefab | Assets/_Game/Prefabs/Resources/Nodes/StoneDeposit.prefab | Assets/_Game/Prefabs/Resources/Nodes/SwampHemp.prefab | Assets/_Game/Prefabs/Resources/Nodes/Tree.prefab";"Assets/_Game/Data/Items/AshFangs.asset | Assets/_Game/Data/Items/Axe.asset | Assets/_Game/Data/Items/Battery.asset | Assets/_Game/Data/Items/Berry.asset | Assets/_Game/Data/Items/BuffFood.asset | Assets/_Game/Data/Items/CatchDevice.asset | Assets/_Game/Data/Items/CopperAxe.asset | Assets/_Game/Data/Items/CopperBar.asset | Assets/_Game/Data/Items/CopperChest.asset | Assets/_Game/Data/Items/CopperDaggers.asset | Assets/_Game/Data/Items/CopperGloves.asset | Assets/_Game/Data/Items/CopperHammer.asset | Assets/_Game/Data/Items/CopperHelmet.asset | Assets/_Game/Data/Items/CopperLegs.asset | Assets/_Game/Data/Items/CopperOre.asset | Assets/_Game/Data/Items/CopperPickaxe.asset | Assets/_Game/Data/Items/CopperScythe.asset | Assets/_Game/Data/Items/CopperSpear.asset | Assets/_Game/Data/Items/CopperSpearBlueprint.asset | Assets/_Game/Data/Items/CutGranite.asset | Assets/_Game/Data/Items/Daggers.asset | Assets/_Game/Data/Items/EmberThorn.asset | Assets/_Game/Data/Items/Granite.asset | Assets/_Game/Data/Items/Hammer.asset | Assets/_Game/Data/Items/Hardwood.asset | Assets/_Game/Data/Items/HardwoodPlank.asset | Assets/_Game/Data/Items/HealingPotion.asset | Assets/_Game/Data/Items/IronAxe.asset | Assets/_Game/Data/Items/IronBar.asset | Assets/_Game/Data/Items/IronChest.asset | Assets/_Game/Data/Items/IronDaggers.asset | Assets/_Game/Data/Items/IronGloves.asset | Assets/_Game/Data/Items/IronHammer.asset | Assets/_Game/Data/Items/IronHelmet.asset | Assets/_Game/Data/Items/IronLegs.asset | Assets/_Game/Data/Items/IronOre.asset | Assets/_Game/Data/Items/IronPickaxe.asset | Assets/_Game/Data/Items/IronScythe.asset | Assets/_Game/Data/Items/IronSpear.asset | Assets/_Game/Data/Items/Pickaxe.asset | Assets/_Game/Data/Items/Plank.asset | Assets/_Game/Data/Items/PlantFiber.asset | Assets/_Game/Data/Items/RobustCloth.asset | Assets/_Game/Data/Items/Rope.asset | Assets/_Game/Data/Items/Scythe.asset | Assets/_Game/Data/Items/Sealbreaker.asset | Assets/_Game/Data/Items/SmithingFitting.asset | Assets/_Game/Data/Items/SmithingMark.asset | Assets/_Game/Data/Items/Stone.asset | Assets/_Game/Data/Items/StoneBlock.asset | Assets/_Game/Data/Items/SwampHemp.asset | Assets/_Game/Data/Items/WandererBracers.asset | Assets/_Game/Data/Items/WandererCoat.asset | Assets/_Game/Data/Items/WandererHood.asset | Assets/_Game/Data/Items/WandererLegs.asset | Assets/_Game/Data/Items/Wheat.asset | Assets/_Game/Data/Items/WheatSeed.asset | Assets/_Game/Data/Items/Wood.asset | Assets/_Game/Data/Resources/BerryBush.asset | Assets/_Game/Data/Resources/CopperVein.asset | Assets/_Game/Data/Resources/FiberPlant.asset | Assets/_Game/Data/Resources/GraniteDeposit.asset | Assets/_Game/Data/Resources/HardwoodTree.asset | Assets/_Game/Data/Resources/HarvestYields_V01.asset | Assets/_Game/Data/Resources/IronVein.asset | Assets/_Game/Data/Resources/StoneDeposit.asset | Assets/_Game/Data/Resources/SwampHemp.asset | Assets/_Game/Data/Resources/Tree.asset | Assets/_Game/Data/Zones/Zone_EmberRuins.asset | Assets/_Game/Data/Zones/Zone_Greenwood.asset | Assets/_Game/Data/Zones/Zone_GreyRifts.asset | Assets/_Game/Data/Zones/Zone_HomeBase.asset | Assets/_Game/Data/Zones/Zone_Marsh.asset | Assets/_Game/Data/Zones/Zone_Quarry.asset | Assets/_Game/Data/Zones/Zone_TwilightGrove.asset | Assets/_Game/Data/Zones/Zone_VeilMarsh.asset | Assets/_Game/Resources/Data/ItemCatalog_V01.asset | Assets/_Game/Resources/Data/ResourceNodeCatalog_V01.asset";"Assets/_Game/Scenes/EidraForge.unity | Assets/_Game/Scenes/HomeBase.unity | Assets/_Game/Scenes/Zone_EmberRuins.unity | Assets/_Game/Scenes/Zone_Greenwood.unity | Assets/_Game/Scenes/Zone_GreyRifts.unity | Assets/_Game/Scenes/Zone_Marsh.unity | Assets/_Game/Scenes/Zone_Quarry.unity | Assets/_Game/Scenes/Zone_TwilightGrove.unity | Assets/_Game/Scenes/Zone_VeilMarsh.unity";"Assets/_Game/Editor/EidrenSceneStructureBuilder.cs | Assets/_Game/Editor/ItemContentAssetBuilder.cs | Assets/_Game/Editor/LootContentBuilder.cs | Assets/_Game/Editor/StyleProofContentBuilder.cs | Assets/_Game/Editor/Tests/LootTableDefinitionTests.cs | Assets/_Game/Editor/VisualScaleAssetMap.cs";"position=(0,0,0) rotation=(0,0,0) scale=(1,1,1)";"(0.05,0.253933,0)";"(0.58,0.507867,0.3744)";"Captures/Standard_Low/MP0-0103_WorldItem.png";"Captures/Gameplay_Low/MP0-0103_WorldItem.png";""
"MP0-0104";"ungeprueft";"WorldChest_Common";"Prefab";"Truhen/Container";"Assets/_Game/Prefabs/Loot/WorldChests/WorldChest_Common.prefab";"8c3645e8fc018da459bc7e43090224f0";"208";"17";"10";"17";"17";"Assets/_Game/Art/World/Materials/M_EidrenWorld_VertexLit.mat | Assets/_Game/Art/World/Materials/M_World_ContactShadow.mat";"BoxCollider@<root> trigger=False center=(0,0.27,0) size=(1.15,0.54,0.72) | SphereCollider@<root> trigger=True center=(0,0,0) radius=1.45";"";"";"";"";"";"Assets/_Game/Data/Loot/WorldChests/EmberRuins.asset | Assets/_Game/Data/Loot/WorldChests/Greenwood.asset | Assets/_Game/Data/Loot/WorldChests/GreyRifts.asset | Assets/_Game/Data/Loot/WorldChests/Marsh.asset | Assets/_Game/Data/Loot/WorldChests/Quarry.asset | Assets/_Game/Data/Loot/WorldChests/TwilightGrove.asset | Assets/_Game/Data/Loot/WorldChests/VeilMarsh.asset | Assets/_Game/Data/Zones/Zone_EidraForge.asset | Assets/_Game/Data/Zones/Zone_EmberRuins.asset | Assets/_Game/Data/Zones/Zone_Greenwood.asset | Assets/_Game/Data/Zones/Zone_GreyRifts.asset | Assets/_Game/Data/Zones/Zone_Marsh.asset | Assets/_Game/Data/Zones/Zone_Quarry.asset | Assets/_Game/Data/Zones/Zone_TwilightGrove.asset | Assets/_Game/Data/Zones/Zone_VeilMarsh.asset";"Assets/_Game/Scenes/EidraForge.unity | Assets/_Game/Scenes/Zone_EmberRuins.unity | Assets/_Game/Scenes/Zone_Greenwood.unity | Assets/_Game/Scenes/Zone_GreyRifts.unity | Assets/_Game/Scenes/Zone_Marsh.unity | Assets/_Game/Scenes/Zone_Quarry.unity | Assets/_Game/Scenes/Zone_TwilightGrove.unity | Assets/_Game/Scenes/Zone_VeilMarsh.unity";"Assets/_Game/Editor/LoftWicklungRollout.cs | Assets/_Game/Editor/Tests/WorldChestHandsTests.cs | Assets/_Game/Editor/WorldChestContentBuilder.cs | Assets/_Game/Editor/WorldChestHandsRemovalBuilder.cs";"position=(0,0,0) rotation=(0,0,0) scale=(1,1,1)";"(0.029097,0.297,-0.065972)";"(1.402654,0.594,0.939671)";"Captures/Standard_Low/MP0-0104_WorldChest_Common.png";"Captures/Gameplay_Low/MP0-0104_WorldChest_Common.png";""
"MP0-0105";"ungeprueft";"WorldChest_Guarded";"Prefab";"Truhen/Container";"Assets/_Game/Prefabs/Loot/WorldChests/WorldChest_Guarded.prefab";"f0cedfc8322e79345b147d34813c50d1";"268";"22";"15";"22";"22";"Assets/_Game/Art/World/Materials/M_EidrenWorld_VertexLit.mat | Assets/_Game/Art/World/Materials/M_World_ContactShadow.mat";"BoxCollider@<root> trigger=False center=(0,0.35,0) size=(1.45,0.7,0.88) | SphereCollider@<root> trigger=True center=(0,0,0) radius=1.45";"";"";"";"";"";"Assets/_Game/Data/Loot/WorldChests/EmberRuins.asset | Assets/_Game/Data/Loot/WorldChests/Greenwood.asset | Assets/_Game/Data/Loot/WorldChests/GreyRifts.asset | Assets/_Game/Data/Loot/WorldChests/Marsh.asset | Assets/_Game/Data/Loot/WorldChests/Quarry.asset | Assets/_Game/Data/Loot/WorldChests/TwilightGrove.asset | Assets/_Game/Data/Loot/WorldChests/VeilMarsh.asset | Assets/_Game/Data/Zones/Zone_EidraForge.asset | Assets/_Game/Data/Zones/Zone_EmberRuins.asset | Assets/_Game/Data/Zones/Zone_Greenwood.asset | Assets/_Game/Data/Zones/Zone_GreyRifts.asset | Assets/_Game/Data/Zones/Zone_Marsh.asset | Assets/_Game/Data/Zones/Zone_Quarry.asset | Assets/_Game/Data/Zones/Zone_TwilightGrove.asset | Assets/_Game/Data/Zones/Zone_VeilMarsh.asset";"Assets/_Game/Scenes/EidraForge.unity | Assets/_Game/Scenes/Zone_EmberRuins.unity | Assets/_Game/Scenes/Zone_Greenwood.unity | Assets/_Game/Scenes/Zone_GreyRifts.unity | Assets/_Game/Scenes/Zone_Marsh.unity | Assets/_Game/Scenes/Zone_Quarry.unity | Assets/_Game/Scenes/Zone_TwilightGrove.unity | Assets/_Game/Scenes/Zone_VeilMarsh.unity";"Assets/_Game/Editor/Tests/WorldChestHandsTests.cs | Assets/_Game/Editor/WorldChestContentBuilder.cs | Assets/_Game/Editor/WorldChestHandsRemovalBuilder.cs";"position=(0,0,0) rotation=(0,0,0) scale=(1,1,1)";"(0.029097,0.385,-0.065972)";"(1.76177,0.77,1.169399)";"Captures/Standard_Low/MP0-0105_WorldChest_Guarded.png";"Captures/Gameplay_Low/MP0-0105_WorldChest_Guarded.png";""
"MP0-0106";"ungeprueft";"WorldChest_Hidden";"Prefab";"Truhen/Container";"Assets/_Game/Prefabs/Loot/WorldChests/WorldChest_Hidden.prefab";"7da2b6a7f5ce60f43942187feb66df5a";"248";"20";"13";"20";"20";"Assets/_Game/Art/World/Materials/M_EidrenWorld_VertexLit.mat | Assets/_Game/Art/World/Materials/M_World_ContactShadow.mat";"BoxCollider@<root> trigger=False center=(0,0.24,0) size=(1,0.48,0.64) | SphereCollider@<root> trigger=True center=(0,0,0) radius=1.45";"";"";"";"";"";"Assets/_Game/Data/Loot/WorldChests/EmberRuins.asset | Assets/_Game/Data/Loot/WorldChests/Greenwood.asset | Assets/_Game/Data/Loot/WorldChests/GreyRifts.asset | Assets/_Game/Data/Loot/WorldChests/Marsh.asset | Assets/_Game/Data/Loot/WorldChests/Quarry.asset | Assets/_Game/Data/Loot/WorldChests/TwilightGrove.asset | Assets/_Game/Data/Loot/WorldChests/VeilMarsh.asset | Assets/_Game/Data/Zones/Zone_EidraForge.asset | Assets/_Game/Data/Zones/Zone_EmberRuins.asset | Assets/_Game/Data/Zones/Zone_Greenwood.asset | Assets/_Game/Data/Zones/Zone_GreyRifts.asset | Assets/_Game/Data/Zones/Zone_Marsh.asset | Assets/_Game/Data/Zones/Zone_Quarry.asset | Assets/_Game/Data/Zones/Zone_TwilightGrove.asset | Assets/_Game/Data/Zones/Zone_VeilMarsh.asset";"Assets/_Game/Scenes/EidraForge.unity | Assets/_Game/Scenes/Zone_EmberRuins.unity | Assets/_Game/Scenes/Zone_Greenwood.unity | Assets/_Game/Scenes/Zone_GreyRifts.unity | Assets/_Game/Scenes/Zone_Marsh.unity | Assets/_Game/Scenes/Zone_Quarry.unity | Assets/_Game/Scenes/Zone_TwilightGrove.unity | Assets/_Game/Scenes/Zone_VeilMarsh.unity";"Assets/_Game/Editor/Tests/WorldChestHandsTests.cs | Assets/_Game/Editor/WorldChestContentBuilder.cs | Assets/_Game/Editor/WorldChestHandsRemovalBuilder.cs";"position=(0,0,0) rotation=(0,0,0) scale=(1,1,1)";"(0.094691,0.260711,-0.030311)";"(1.427424,0.534578,1.050868)";"Captures/Standard_Low/MP0-0106_WorldChest_Hidden.png";"Captures/Gameplay_Low/MP0-0106_WorldChest_Hidden.png";""
"MP0-0107";"abgenommen";"Player";"Prefab";"Wanderer/Ausruestung";"Assets/_Game/Prefabs/Player/Player.prefab";"42a8f801c2b409a4b9fad2f4597125df";"6506";"20";"1";"19";"20";"Assets/Material/Sprite-Unlit-Default.mat | Assets/_Game/Art/Actors/Player/Wanderer3D/M_Wanderer_VertexLit.mat";"CharacterController@<root> trigger=False";"armL_fore | armL_up | armR_fore | armR_up | dagL | dagR | footL | footR | handL | handR | head | hips | root | shinL | shinR | skirt | spine | staff | thighL | thighR";"root";"";"";"";"";"Assets/_Game/Scenes/EidraForge.unity | Assets/_Game/Scenes/HomeBase.unity | Assets/_Game/Scenes/Zone_EmberRuins.unity | Assets/_Game/Scenes/Zone_Greenwood.unity | Assets/_Game/Scenes/Zone_GreyRifts.unity | Assets/_Game/Scenes/Zone_Marsh.unity | Assets/_Game/Scenes/Zone_Quarry.unity | Assets/_Game/Scenes/Zone_TwilightGrove.unity | Assets/_Game/Scenes/Zone_VeilMarsh.unity";"Assets/_Game/Editor/EidrenSceneStructureBuilder.cs | Assets/_Game/Editor/FixCollectionAcceptanceRunner.cs | Assets/_Game/Editor/PlayerDeathContentBuilder.cs | Assets/_Game/Editor/Tests/PlayerDeathSessionTests.cs | Assets/_Game/Editor/Tests/PlayerInventoryTests.cs | Assets/_Game/Editor/Tests/PlayerPrefabTests.cs | Assets/_Game/Editor/Tests/PlayerProgressionServiceTests.cs | Assets/_Game/Editor/V02PlayerPresentationBuilder.cs | Assets/_Game/Editor/Wanderer3DPlayerBuilder.cs";"position=(0,0,0) rotation=(0,0,0) scale=(1,1,1)";"(0,0.9,0.004)";"(0.616,1.796,0.282)";"Captures/Standard_Low/MP0-0107_Player.png";"Captures/Gameplay_Low/MP0-0107_Player.png";""
"MP0-0108";"abgenommen";"BerryBush";"Prefab";"Ressourcen/Vegetation";"Assets/_Game/Prefabs/Resources/Nodes/BerryBush.prefab";"49c167512bfbd6c44b5e15dc18206ccc";"200";"13";"11";"12";"13";"Assets/_Game/Art/World/Materials/M_EidrenWorld_VertexLit.mat | Assets/_Game/Art/World/Materials/M_World_ContactShadow.mat";"SphereCollider@<root> trigger=True center=(0,0,0) radius=1.215";"";"";"";"";"";"Assets/_Game/Data/Resources/BerryBush.asset | Assets/_Game/Data/Zones/Zone_EmberRuins.asset | Assets/_Game/Data/Zones/Zone_Greenwood.asset | Assets/_Game/Data/Zones/Zone_GreyRifts.asset | Assets/_Game/Data/Zones/Zone_HomeBase.asset | Assets/_Game/Data/Zones/Zone_Marsh.asset | Assets/_Game/Data/Zones/Zone_Quarry.asset | Assets/_Game/Data/Zones/Zone_TwilightGrove.asset | Assets/_Game/Data/Zones/Zone_VeilMarsh.asset | Assets/_Game/Resources/Data/ResourceNodeCatalog_V01.asset";"Assets/_Game/Scenes/HomeBase.unity | Assets/_Game/Scenes/Zone_EmberRuins.unity | Assets/_Game/Scenes/Zone_Greenwood.unity | Assets/_Game/Scenes/Zone_GreyRifts.unity | Assets/_Game/Scenes/Zone_Marsh.unity | Assets/_Game/Scenes/Zone_Quarry.unity | Assets/_Game/Scenes/Zone_TwilightGrove.unity | Assets/_Game/Scenes/Zone_VeilMarsh.unity";"Assets/_Game/Editor/ResourceContentBuilder.cs | Assets/_Game/Editor/T1ResourceVisualBuilder.cs | Assets/_Game/Editor/T2ResourceVisualBuilder.cs | Assets/_Game/Editor/Tests/InteractionIconTests.cs | Assets/_Game/Editor/WorldChestStyleCaptureUtility.cs";"position=(0,0,0) rotation=(0,0,0) scale=(1,1,1)";"(0.029097,0.45,-0.034321)";"(1.444611,0.9,1.131104)";"Captures/Standard_Low/MP0-0108_BerryBush.png";"Captures/Gameplay_Low/MP0-0108_BerryBush.png";""
"MP0-0109";"abgenommen";"CopperVein";"Prefab";"Ressourcen/Vegetation";"Assets/_Game/Prefabs/Resources/Nodes/CopperVein.prefab";"ac2664d614a69cf45804b37eb83072bd";"548";"18";"13";"17";"18";"Assets/_Game/Art/World/Materials/M_EidrenWorld_VertexLit.mat | Assets/_Game/Art/World/Materials/M_World_ContactShadow.mat";"CapsuleCollider@<root> trigger=False center=(0,0.6,0) radius=0.8 height=1.2 direction=1 | SphereCollider@<root> trigger=True center=(0,0,0) radius=1.215";"";"";"";"";"";"Assets/_Game/Data/Resources/CopperVein.asset | Assets/_Game/Data/Zones/Zone_EmberRuins.asset | Assets/_Game/Data/Zones/Zone_Greenwood.asset | Assets/_Game/Data/Zones/Zone_Marsh.asset | Assets/_Game/Data/Zones/Zone_Quarry.asset | Assets/_Game/Resources/Data/ResourceNodeCatalog_V01.asset";"Assets/_Game/Scenes/Zone_EmberRuins.unity | Assets/_Game/Scenes/Zone_Greenwood.unity | Assets/_Game/Scenes/Zone_Marsh.unity | Assets/_Game/Scenes/Zone_Quarry.unity";"Assets/_Game/Editor/CopperVeinAppearanceBuilder.cs | Assets/_Game/Editor/ResourceContentBuilder.cs | Assets/_Game/Editor/T1ResourceVisualBuilder.cs | Assets/_Game/Editor/T2ResourceVisualBuilder.cs";"position=(0,0,0) rotation=(0,0,0) scale=(1,1,1)";"(0.108805,0.590364,0.016456)";"(2.568735,1.301964,1.998064)";"Captures/Standard_Low/MP0-0109_CopperVein.png";"Captures/Gameplay_Low/MP0-0109_CopperVein.png";""
"MP0-0110";"abgenommen";"FiberPlant";"Prefab";"Ressourcen/Vegetation";"Assets/_Game/Prefabs/Resources/Nodes/FiberPlant.prefab";"6d908ca57d7f3d54ebfad14911bc1ff5";"280";"25";"19";"24";"25";"Assets/_Game/Art/World/Materials/M_EidrenWorld_VertexLit.mat | Assets/_Game/Art/World/Materials/M_World_ContactShadow.mat";"SphereCollider@<root> trigger=True center=(0,0,0) radius=1.215";"";"";"";"";"";"Assets/_Game/Data/Resources/FiberPlant.asset | Assets/_Game/Data/Zones/Zone_EmberRuins.asset | Assets/_Game/Data/Zones/Zone_Greenwood.asset | Assets/_Game/Data/Zones/Zone_HomeBase.asset | Assets/_Game/Data/Zones/Zone_Marsh.asset | Assets/_Game/Data/Zones/Zone_Quarry.asset | Assets/_Game/Resources/Data/ResourceNodeCatalog_V01.asset";"Assets/_Game/Scenes/HomeBase.unity | Assets/_Game/Scenes/Zone_EmberRuins.unity | Assets/_Game/Scenes/Zone_Greenwood.unity | Assets/_Game/Scenes/Zone_Marsh.unity | Assets/_Game/Scenes/Zone_Quarry.unity";"Assets/_Game/Editor/ResourceContentBuilder.cs | Assets/_Game/Editor/T1ResourceVisualBuilder.cs | Assets/_Game/Editor/T2ResourceVisualBuilder.cs";"position=(0,0,0) rotation=(0,0,0) scale=(1,1,1)";"(0.036635,0.446881,-0.023268)";"(0.818456,0.906237,0.71894)";"Captures/Standard_Low/MP0-0110_FiberPlant.png";"Captures/Gameplay_Low/MP0-0110_FiberPlant.png";""
"MP0-0111";"ungeprueft";"GraniteDeposit";"Prefab";"Ressourcen/Vegetation";"Assets/_Game/Prefabs/Resources/Nodes/GraniteDeposit.prefab";"a715a0edc1ed3014590a896927d66d80";"488";"13";"8";"12";"13";"Assets/_Game/Art/World/Materials/M_EidrenWorld_VertexLit.mat | Assets/_Game/Art/World/Materials/M_World_ContactShadow.mat";"CapsuleCollider@<root> trigger=False center=(0,0.675,0) radius=0.95 height=1.35 direction=1 | SphereCollider@<root> trigger=True center=(0,0,0) radius=1.215";"";"";"";"";"";"Assets/_Game/Data/Resources/GraniteDeposit.asset | Assets/_Game/Data/Zones/Zone_GreyRifts.asset | Assets/_Game/Data/Zones/Zone_TwilightGrove.asset | Assets/_Game/Data/Zones/Zone_VeilMarsh.asset | Assets/_Game/Resources/Data/ResourceNodeCatalog_V01.asset";"Assets/_Game/Scenes/Zone_GreyRifts.unity | Assets/_Game/Scenes/Zone_TwilightGrove.unity | Assets/_Game/Scenes/Zone_VeilMarsh.unity";"Assets/_Game/Editor/ResourceContentBuilder.cs | Assets/_Game/Editor/T1ResourceVisualBuilder.cs | Assets/_Game/Editor/T2ResourceVisualBuilder.cs";"position=(0,0,0) rotation=(0,0,0) scale=(1,1,1)";"(0.073364,0.633,0.037511)";"(2.459049,1.266,1.903507)";"Captures/Standard_Low/MP0-0111_GraniteDeposit.png";"Captures/Gameplay_Low/MP0-0111_GraniteDeposit.png";""
"MP0-0112";"ungeprueft";"HardwoodTree";"Prefab";"Ressourcen/Vegetation";"Assets/_Game/Prefabs/Resources/Nodes/HardwoodTree.prefab";"a1c255cad003779439ba536f93283eec";"284";"8";"5";"7";"8";"Assets/_Game/Art/World/Materials/M_EidrenWorld_VertexLit.mat | Assets/_Game/Art/World/Materials/M_World_ContactShadow.mat";"CapsuleCollider@<root> trigger=False center=(0,3,0) radius=0.75 height=6 direction=1 | SphereCollider@<root> trigger=True center=(0,0,0) radius=1.215";"";"";"";"";"";"Assets/_Game/Data/Resources/HardwoodTree.asset | Assets/_Game/Data/Zones/Zone_GreyRifts.asset | Assets/_Game/Data/Zones/Zone_TwilightGrove.asset | Assets/_Game/Data/Zones/Zone_VeilMarsh.asset | Assets/_Game/Resources/Data/ResourceNodeCatalog_V01.asset";"Assets/_Game/Scenes/Zone_GreyRifts.unity | Assets/_Game/Scenes/Zone_TwilightGrove.unity | Assets/_Game/Scenes/Zone_VeilMarsh.unity";"Assets/_Game/Editor/ResourceContentBuilder.cs | Assets/_Game/Editor/T1ResourceVisualBuilder.cs | Assets/_Game/Editor/T2ResourceVisualBuilder.cs | Assets/_Game/Editor/WorldChestStyleCaptureUtility.cs";"position=(0,0,0) rotation=(0,0,0) scale=(1,1,1)";"(0.090054,3.325,-0.058701)";"(4.2193,6.65,3.073817)";"Captures/Standard_Low/MP0-0112_HardwoodTree.png";"Captures/Gameplay_Low/MP0-0112_HardwoodTree.png";""
"MP0-0113";"ungeprueft";"IronVein";"Prefab";"Ressourcen/Vegetation";"Assets/_Game/Prefabs/Resources/Nodes/IronVein.prefab";"8e57aae10714ad348b2df30948ffd5e0";"548";"18";"13";"17";"18";"Assets/_Game/Art/World/Materials/M_EidrenWorld_VertexLit.mat | Assets/_Game/Art/World/Materials/M_World_ContactShadow.mat";"CapsuleCollider@<root> trigger=False center=(0,0.675,0) radius=0.95 height=1.35 direction=1 | SphereCollider@<root> trigger=True center=(0,0,0) radius=1.215";"";"";"";"";"";"Assets/_Game/Data/Resources/IronVein.asset | Assets/_Game/Data/Zones/Zone_GreyRifts.asset | Assets/_Game/Data/Zones/Zone_TwilightGrove.asset | Assets/_Game/Data/Zones/Zone_VeilMarsh.asset | Assets/_Game/Resources/Data/ResourceNodeCatalog_V01.asset";"Assets/_Game/Scenes/Zone_GreyRifts.unity | Assets/_Game/Scenes/Zone_TwilightGrove.unity | Assets/_Game/Scenes/Zone_VeilMarsh.unity";"Assets/_Game/Editor/ResourceContentBuilder.cs | Assets/_Game/Editor/T1ResourceVisualBuilder.cs | Assets/_Game/Editor/T2ResourceVisualBuilder.cs";"position=(0,0,0) rotation=(0,0,0) scale=(1,1,1)";"(0.073364,0.700279,0.037511)";"(2.459049,1.400559,1.903507)";"Captures/Standard_Low/MP0-0113_IronVein.png";"Captures/Gameplay_Low/MP0-0113_IronVein.png";""
"MP0-0114";"abgenommen";"StoneDeposit";"Prefab";"Ressourcen/Vegetation";"Assets/_Game/Prefabs/Resources/Nodes/StoneDeposit.prefab";"91b1a17d8a47d89409adfd75672af408";"488";"13";"8";"12";"13";"Assets/_Game/Art/World/Materials/M_EidrenWorld_VertexLit.mat | Assets/_Game/Art/World/Materials/M_World_ContactShadow.mat";"CapsuleCollider@<root> trigger=False center=(0,0.5,0) radius=0.7 height=1 direction=1 | SphereCollider@<root> trigger=True center=(0,0,0) radius=1.215";"";"";"";"";"";"Assets/_Game/Data/Resources/StoneDeposit.asset | Assets/_Game/Data/Zones/Zone_EmberRuins.asset | Assets/_Game/Data/Zones/Zone_Greenwood.asset | Assets/_Game/Data/Zones/Zone_HomeBase.asset | Assets/_Game/Data/Zones/Zone_Marsh.asset | Assets/_Game/Data/Zones/Zone_Quarry.asset | Assets/_Game/Resources/Data/ResourceNodeCatalog_V01.asset";"Assets/_Game/Scenes/HomeBase.unity | Assets/_Game/Scenes/Zone_EmberRuins.unity | Assets/_Game/Scenes/Zone_Greenwood.unity | Assets/_Game/Scenes/Zone_Marsh.unity | Assets/_Game/Scenes/Zone_Quarry.unity";"Assets/_Game/Editor/ResourceContentBuilder.cs | Assets/_Game/Editor/T1ResourceVisualBuilder.cs | Assets/_Game/Editor/T2ResourceVisualBuilder.cs";"position=(0,0,0) rotation=(0,0,0) scale=(1,1,1)";"(0.103274,0.490622,0.02021)";"(2.5548,1.102481,1.98612)";"Captures/Standard_Low/MP0-0114_StoneDeposit.png";"Captures/Gameplay_Low/MP0-0114_StoneDeposit.png";""
"MP0-0115";"ungeprueft";"SwampHemp";"Prefab";"Ressourcen/Vegetation";"Assets/_Game/Prefabs/Resources/Nodes/SwampHemp.prefab";"9273ea3e4f23f894885a017dff3355aa";"352";"31";"23";"30";"31";"Assets/_Game/Art/World/Materials/M_EidrenWorld_VertexLit.mat | Assets/_Game/Art/World/Materials/M_World_ContactShadow.mat";"SphereCollider@<root> trigger=True center=(0,0,0) radius=1.215";"";"";"";"";"";"Assets/_Game/Data/Resources/SwampHemp.asset | Assets/_Game/Data/Zones/Zone_GreyRifts.asset | Assets/_Game/Data/Zones/Zone_TwilightGrove.asset | Assets/_Game/Data/Zones/Zone_VeilMarsh.asset | Assets/_Game/Resources/Data/ResourceNodeCatalog_V01.asset";"Assets/_Game/Scenes/Zone_GreyRifts.unity | Assets/_Game/Scenes/Zone_TwilightGrove.unity | Assets/_Game/Scenes/Zone_VeilMarsh.unity";"Assets/_Game/Editor/ResourceContentBuilder.cs | Assets/_Game/Editor/T1ResourceVisualBuilder.cs | Assets/_Game/Editor/T2ResourceVisualBuilder.cs | Assets/_Game/Editor/WorldChestStyleCaptureUtility.cs";"position=(0,0,0) rotation=(0,0,0) scale=(1,1,1)";"(0.029097,0.681087,-0.023359)";"(1.800285,1.377826,1.446717)";"Captures/Standard_Low/MP0-0115_SwampHemp.png";"Captures/Gameplay_Low/MP0-0115_SwampHemp.png";""
"MP0-0116";"abgenommen";"Tree";"Prefab";"Ressourcen/Vegetation";"Assets/_Game/Prefabs/Resources/Nodes/Tree.prefab";"7f1b3d8776e942b4692950428b1310b4";"384";"11";"7";"10";"11";"Assets/_Game/Art/World/Materials/M_EidrenWorld_VertexLit.mat | Assets/_Game/Art/World/Materials/M_World_ContactShadow.mat";"CapsuleCollider@<root> trigger=False center=(0,2.7,0) radius=0.6 height=5.4 direction=1 | SphereCollider@<root> trigger=True center=(0,0,0) radius=1.215";"";"";"";"";"";"Assets/_Game/Data/Resources/Tree.asset | Assets/_Game/Data/Zones/Zone_EmberRuins.asset | Assets/_Game/Data/Zones/Zone_Greenwood.asset | Assets/_Game/Data/Zones/Zone_HomeBase.asset | Assets/_Game/Data/Zones/Zone_Marsh.asset | Assets/_Game/Data/Zones/Zone_Quarry.asset | Assets/_Game/Resources/Data/ResourceNodeCatalog_V01.asset";"Assets/_Game/Scenes/HomeBase.unity | Assets/_Game/Scenes/Zone_EmberRuins.unity | Assets/_Game/Scenes/Zone_Greenwood.unity | Assets/_Game/Scenes/Zone_Marsh.unity | Assets/_Game/Scenes/Zone_Quarry.unity";"Assets/_Game/Editor/ResourceContentBuilder.cs | Assets/_Game/Editor/T1ResourceVisualBuilder.cs | Assets/_Game/Editor/T2ResourceVisualBuilder.cs | Assets/_Game/Editor/WorldChestStyleCaptureUtility.cs";"position=(0,0,0) rotation=(0,0,0) scale=(1,1,1)";"(0.029097,3,-0.003144)";"(4.68217,6,3.609417)";"Captures/Standard_Low/MP0-0116_Tree.png";"Captures/Gameplay_Low/MP0-0116_Tree.png";""
"MP0-0117";"abgenommen";"BerryBush_Active";"Prefab";"Ressourcen/Vegetation";"Assets/_Game/Prefabs/Resources/Visuals/BerryBush_Active.prefab";"92164bcc7d88e234ebd39254aac7db51";"154";"11";"11";"11";"11";"Assets/_Game/Art/World/Materials/M_EidrenWorld_VertexLit.mat | Assets/_Game/Art/World/Materials/M_World_ContactShadow.mat";"";"";"";"";"";"Assets/_Game/Prefabs/Resources/Nodes/BerryBush.prefab";"Assets/_Game/Data/Resources/BerryBush.asset | Assets/_Game/Data/Zones/Zone_EmberRuins.asset | Assets/_Game/Data/Zones/Zone_Greenwood.asset | Assets/_Game/Data/Zones/Zone_GreyRifts.asset | Assets/_Game/Data/Zones/Zone_HomeBase.asset | Assets/_Game/Data/Zones/Zone_Marsh.asset | Assets/_Game/Data/Zones/Zone_Quarry.asset | Assets/_Game/Data/Zones/Zone_TwilightGrove.asset | Assets/_Game/Data/Zones/Zone_VeilMarsh.asset | Assets/_Game/Resources/Data/ResourceNodeCatalog_V01.asset";"Assets/_Game/Scenes/HomeBase.unity | Assets/_Game/Scenes/Zone_EmberRuins.unity | Assets/_Game/Scenes/Zone_Greenwood.unity | Assets/_Game/Scenes/Zone_GreyRifts.unity | Assets/_Game/Scenes/Zone_Marsh.unity | Assets/_Game/Scenes/Zone_Quarry.unity | Assets/_Game/Scenes/Zone_TwilightGrove.unity | Assets/_Game/Scenes/Zone_VeilMarsh.unity";"Assets/_Game/Editor/LoftWicklungRollout.cs | Assets/_Game/Editor/ResourceContentBuilder.cs | Assets/_Game/Editor/T1ResourceVisualBuilder.cs | Assets/_Game/Editor/T2ResourceVisualBuilder.cs | Assets/_Game/Editor/VisualScaleAssetMap.cs | Assets/_Game/Editor/WorldChestStyleCaptureUtility.cs";"position=(0,0,0) rotation=(0,0,0) scale=(1,1,1)";"(0.029097,0.45,-0.034321)";"(1.444611,0.9,1.131104)";"Captures/Standard_Low/MP0-0117_BerryBush_Active.png";"Captures/Gameplay_Low/MP0-0117_BerryBush_Active.png";""
"MP0-0118";"abgenommen";"BerryBush_Exhausted";"Prefab";"Ressourcen/Vegetation";"Assets/_Game/Prefabs/Resources/Visuals/BerryBush_Exhausted.prefab";"f9a4d9e341d67b44abed2dfbc3177124";"46";"2";"2";"2";"2";"Assets/_Game/Art/World/Materials/M_EidrenWorld_VertexLit.mat | Assets/_Game/Art/World/Materials/M_World_ContactShadow.mat";"";"";"";"";"";"Assets/_Game/Prefabs/Resources/Nodes/BerryBush.prefab";"Assets/_Game/Data/Resources/BerryBush.asset | Assets/_Game/Data/Zones/Zone_EmberRuins.asset | Assets/_Game/Data/Zones/Zone_Greenwood.asset | Assets/_Game/Data/Zones/Zone_GreyRifts.asset | Assets/_Game/Data/Zones/Zone_HomeBase.asset | Assets/_Game/Data/Zones/Zone_Marsh.asset | Assets/_Game/Data/Zones/Zone_Quarry.asset | Assets/_Game/Data/Zones/Zone_TwilightGrove.asset | Assets/_Game/Data/Zones/Zone_VeilMarsh.asset | Assets/_Game/Resources/Data/ResourceNodeCatalog_V01.asset";"Assets/_Game/Scenes/HomeBase.unity | Assets/_Game/Scenes/Zone_EmberRuins.unity | Assets/_Game/Scenes/Zone_Greenwood.unity | Assets/_Game/Scenes/Zone_GreyRifts.unity | Assets/_Game/Scenes/Zone_Marsh.unity | Assets/_Game/Scenes/Zone_Quarry.unity | Assets/_Game/Scenes/Zone_TwilightGrove.unity | Assets/_Game/Scenes/Zone_VeilMarsh.unity";"Assets/_Game/Editor/ResourceContentBuilder.cs | Assets/_Game/Editor/T1ResourceVisualBuilder.cs | Assets/_Game/Editor/T2ResourceVisualBuilder.cs | Assets/_Game/Editor/VisualScaleAssetMap.cs | Assets/_Game/Editor/WorldChestStyleCaptureUtility.cs";"position=(0,0,0) rotation=(0,0,0) scale=(1,1,1)";"(0.029097,0.35,-0.032859)";"(1.057649,0.7,0.851015)";"Captures/Standard_Low/MP0-0118_BerryBush_Exhausted.png";"Captures/Gameplay_Low/MP0-0118_BerryBush_Exhausted.png";""
"MP0-0119";"abgenommen";"CopperVein_Active";"Prefab";"Ressourcen/Vegetation";"Assets/_Game/Prefabs/Resources/Visuals/CopperVein_Active.prefab";"37ecaf0cb51ec6043b8ec60cac2b6925";"370";"13";"13";"13";"13";"Assets/_Game/Art/World/Materials/M_EidrenWorld_VertexLit.mat | Assets/_Game/Art/World/Materials/M_World_ContactShadow.mat";"";"";"";"";"";"Assets/_Game/Prefabs/Resources/Nodes/CopperVein.prefab";"Assets/_Game/Data/AreaArt/AreaArt_EmberRuins.asset | Assets/_Game/Data/Resources/CopperVein.asset | Assets/_Game/Data/Zones/Zone_EmberRuins.asset | Assets/_Game/Data/Zones/Zone_Greenwood.asset | Assets/_Game/Data/Zones/Zone_Marsh.asset | Assets/_Game/Data/Zones/Zone_Quarry.asset | Assets/_Game/Resources/Data/ResourceNodeCatalog_V01.asset";"Assets/_Game/Scenes/Zone_EmberRuins.unity | Assets/_Game/Scenes/Zone_Greenwood.unity | Assets/_Game/Scenes/Zone_Marsh.unity | Assets/_Game/Scenes/Zone_Quarry.unity";"Assets/_Game/Editor/BuildingIconRenderTool.cs | Assets/_Game/Editor/CopperMiningFeedbackRebuilder.cs | Assets/_Game/Editor/ResourceContentBuilder.cs | Assets/_Game/Editor/StyleProofContentBuilder.cs | Assets/_Game/Editor/T1ResourceVisualBuilder.cs | Assets/_Game/Editor/T2ResourceVisualBuilder.cs | Assets/_Game/Editor/Tests/VisualAssetTests.cs | Assets/_Game/Editor/VisualScaleAssetMap.cs | Assets/_Game/Editor/WorldChestStyleCaptureUtility.cs";"position=(0,0,0) rotation=(0,0,0) scale=(1,1,1)";"(0.108805,0.590364,0.016456)";"(2.568735,1.301964,1.998064)";"Captures/Standard_Low/MP0-0119_CopperVein_Active.png";"Captures/Gameplay_Low/MP0-0119_CopperVein_Active.png";""
"MP0-0120";"abgenommen";"CopperVein_Exhausted";"Prefab";"Ressourcen/Vegetation";"Assets/_Game/Prefabs/Resources/Visuals/CopperVein_Exhausted.prefab";"e093ee8277bb90441bf30a4fcad8f02a";"178";"5";"5";"5";"5";"Assets/_Game/Art/World/Materials/M_EidrenWorld_VertexLit.mat | Assets/_Game/Art/World/Materials/M_World_ContactShadow.mat";"";"";"";"";"";"Assets/_Game/Prefabs/Resources/Nodes/CopperVein.prefab";"Assets/_Game/Data/AreaArt/AreaArt_EmberRuins.asset | Assets/_Game/Data/Resources/CopperVein.asset | Assets/_Game/Data/Zones/Zone_EmberRuins.asset | Assets/_Game/Data/Zones/Zone_Greenwood.asset | Assets/_Game/Data/Zones/Zone_Marsh.asset | Assets/_Game/Data/Zones/Zone_Quarry.asset | Assets/_Game/Resources/Data/ResourceNodeCatalog_V01.asset";"Assets/_Game/Scenes/Zone_EmberRuins.unity | Assets/_Game/Scenes/Zone_Greenwood.unity | Assets/_Game/Scenes/Zone_Marsh.unity | Assets/_Game/Scenes/Zone_Quarry.unity";"Assets/_Game/Editor/BuildingIconRenderTool.cs | Assets/_Game/Editor/ResourceContentBuilder.cs | Assets/_Game/Editor/T1ResourceVisualBuilder.cs | Assets/_Game/Editor/T2ResourceVisualBuilder.cs | Assets/_Game/Editor/VisualScaleAssetMap.cs | Assets/_Game/Editor/WorldChestStyleCaptureUtility.cs";"position=(0,0,0) rotation=(0,0,0) scale=(1,1,1)";"(0.083768,0.230114,-0.106629)";"(2.461618,0.581464,1.794872)";"Captures/Standard_Low/MP0-0120_CopperVein_Exhausted.png";"Captures/Gameplay_Low/MP0-0120_CopperVein_Exhausted.png";""
"MP0-0121";"abgenommen";"FiberPlant_Active";"Prefab";"Ressourcen/Vegetation";"Assets/_Game/Prefabs/Resources/Visuals/FiberPlant_Active.prefab";"23145d07f5b89c7448aa907f9ae38a4f";"218";"19";"19";"19";"19";"Assets/_Game/Art/World/Materials/M_EidrenWorld_VertexLit.mat | Assets/_Game/Art/World/Materials/M_World_ContactShadow.mat";"";"";"";"";"";"Assets/_Game/Prefabs/Resources/Nodes/FiberPlant.prefab";"Assets/_Game/Data/Resources/FiberPlant.asset | Assets/_Game/Data/Zones/Zone_EmberRuins.asset | Assets/_Game/Data/Zones/Zone_Greenwood.asset | Assets/_Game/Data/Zones/Zone_HomeBase.asset | Assets/_Game/Data/Zones/Zone_Marsh.asset | Assets/_Game/Data/Zones/Zone_Quarry.asset | Assets/_Game/Resources/Data/ResourceNodeCatalog_V01.asset";"Assets/_Game/Scenes/HomeBase.unity | Assets/_Game/Scenes/Zone_EmberRuins.unity | Assets/_Game/Scenes/Zone_Greenwood.unity | Assets/_Game/Scenes/Zone_Marsh.unity | Assets/_Game/Scenes/Zone_Quarry.unity";"Assets/_Game/Editor/LoftWicklungRollout.cs | Assets/_Game/Editor/ResourceContentBuilder.cs | Assets/_Game/Editor/StyleProofContentBuilder.cs | Assets/_Game/Editor/T1ResourceVisualBuilder.cs | Assets/_Game/Editor/T2ResourceVisualBuilder.cs | Assets/_Game/Editor/VisualScaleAssetMap.cs | Assets/_Game/Editor/WorldChestStyleCaptureUtility.cs";"position=(0,0,0) rotation=(0,0,0) scale=(1,1,1)";"(0.036635,0.446881,-0.023268)";"(0.818456,0.906237,0.71894)";"Captures/Standard_Low/MP0-0121_FiberPlant_Active.png";"Captures/Gameplay_Low/MP0-0121_FiberPlant_Active.png";""
"MP0-0122";"abgenommen";"FiberPlant_Exhausted";"Prefab";"Ressourcen/Vegetation";"Assets/_Game/Prefabs/Resources/Visuals/FiberPlant_Exhausted.prefab";"c8b4fd8975d6bed4caace08e2c883fd3";"62";"6";"6";"6";"6";"Assets/_Game/Art/World/Materials/M_EidrenWorld_VertexLit.mat | Assets/_Game/Art/World/Materials/M_World_ContactShadow.mat";"";"";"";"";"";"Assets/_Game/Prefabs/Resources/Nodes/FiberPlant.prefab";"Assets/_Game/Data/Resources/FiberPlant.asset | Assets/_Game/Data/Zones/Zone_EmberRuins.asset | Assets/_Game/Data/Zones/Zone_Greenwood.asset | Assets/_Game/Data/Zones/Zone_HomeBase.asset | Assets/_Game/Data/Zones/Zone_Marsh.asset | Assets/_Game/Data/Zones/Zone_Quarry.asset | Assets/_Game/Resources/Data/ResourceNodeCatalog_V01.asset";"Assets/_Game/Scenes/HomeBase.unity | Assets/_Game/Scenes/Zone_EmberRuins.unity | Assets/_Game/Scenes/Zone_Greenwood.unity | Assets/_Game/Scenes/Zone_Marsh.unity | Assets/_Game/Scenes/Zone_Quarry.unity";"Assets/_Game/Editor/ResourceContentBuilder.cs | Assets/_Game/Editor/T1ResourceVisualBuilder.cs | Assets/_Game/Editor/T2ResourceVisualBuilder.cs | Assets/_Game/Editor/VisualScaleAssetMap.cs | Assets/_Game/Editor/WorldChestStyleCaptureUtility.cs";"position=(0,0,0) rotation=(0,0,0) scale=(1,1,1)";"(0.029207,0.125,-0.037861)";"(0.476657,0.25,0.4056)";"Captures/Standard_Low/MP0-0122_FiberPlant_Exhausted.png";"Captures/Gameplay_Low/MP0-0122_FiberPlant_Exhausted.png";""
"MP0-0123";"ungeprueft";"GraniteDeposit_Active";"Prefab";"Ressourcen/Vegetation";"Assets/_Game/Prefabs/Resources/Visuals/GraniteDeposit_Active.prefab";"df25ce51fed51a74587bffa06467074a";"310";"8";"8";"8";"8";"Assets/_Game/Art/World/Materials/M_EidrenWorld_VertexLit.mat | Assets/_Game/Art/World/Materials/M_World_ContactShadow.mat";"";"";"";"";"";"Assets/_Game/Prefabs/Resources/Nodes/GraniteDeposit.prefab";"Assets/_Game/Data/Resources/GraniteDeposit.asset | Assets/_Game/Data/Zones/Zone_GreyRifts.asset | Assets/_Game/Data/Zones/Zone_TwilightGrove.asset | Assets/_Game/Data/Zones/Zone_VeilMarsh.asset | Assets/_Game/Resources/Data/ResourceNodeCatalog_V01.asset";"Assets/_Game/Scenes/Zone_GreyRifts.unity | Assets/_Game/Scenes/Zone_TwilightGrove.unity | Assets/_Game/Scenes/Zone_VeilMarsh.unity";"Assets/_Game/Editor/ResourceContentBuilder.cs | Assets/_Game/Editor/T1ResourceVisualBuilder.cs | Assets/_Game/Editor/T2ResourceVisualBuilder.cs | Assets/_Game/Editor/VisualScaleAssetMap.cs | Assets/_Game/Editor/WorldChestStyleCaptureUtility.cs";"position=(0,0,0) rotation=(0,0,0) scale=(1,1,1)";"(0.073364,0.633,0.037511)";"(2.459049,1.266,1.903507)";"Captures/Standard_Low/MP0-0123_GraniteDeposit_Active.png";"Captures/Gameplay_Low/MP0-0123_GraniteDeposit_Active.png";""
"MP0-0124";"ungeprueft";"GraniteDeposit_Exhausted";"Prefab";"Ressourcen/Vegetation";"Assets/_Game/Prefabs/Resources/Visuals/GraniteDeposit_Exhausted.prefab";"28d5db0d123173f43bd86747360975de";"178";"5";"5";"5";"5";"Assets/_Game/Art/World/Materials/M_EidrenWorld_VertexLit.mat | Assets/_Game/Art/World/Materials/M_World_ContactShadow.mat";"";"";"";"";"";"Assets/_Game/Prefabs/Resources/Nodes/GraniteDeposit.prefab";"Assets/_Game/Data/Resources/GraniteDeposit.asset | Assets/_Game/Data/Zones/Zone_GreyRifts.asset | Assets/_Game/Data/Zones/Zone_TwilightGrove.asset | Assets/_Game/Data/Zones/Zone_VeilMarsh.asset | Assets/_Game/Resources/Data/ResourceNodeCatalog_V01.asset";"Assets/_Game/Scenes/Zone_GreyRifts.unity | Assets/_Game/Scenes/Zone_TwilightGrove.unity | Assets/_Game/Scenes/Zone_VeilMarsh.unity";"Assets/_Game/Editor/ResourceContentBuilder.cs | Assets/_Game/Editor/T1ResourceVisualBuilder.cs | Assets/_Game/Editor/T2ResourceVisualBuilder.cs | Assets/_Game/Editor/VisualScaleAssetMap.cs | Assets/_Game/Editor/WorldChestStyleCaptureUtility.cs";"position=(0,0,0) rotation=(0,0,0) scale=(1,1,1)";"(0.073364,0.3745,-0.09351)";"(2.41246,0.749,1.745739)";"Captures/Standard_Low/MP0-0124_GraniteDeposit_Exhausted.png";"Captures/Gameplay_Low/MP0-0124_GraniteDeposit_Exhausted.png";""
"MP0-0125";"ungeprueft";"HardwoodTree_Active";"Prefab";"Ressourcen/Vegetation";"Assets/_Game/Prefabs/Resources/Visuals/HardwoodTree_Active.prefab";"ab2998e7570ee8740abe00379b534bc3";"210";"5";"5";"5";"5";"Assets/_Game/Art/World/Materials/M_EidrenWorld_VertexLit.mat | Assets/_Game/Art/World/Materials/M_World_ContactShadow.mat";"";"";"";"";"";"Assets/_Game/Prefabs/Resources/Nodes/HardwoodTree.prefab";"Assets/_Game/Data/Resources/HardwoodTree.asset | Assets/_Game/Data/Zones/Zone_GreyRifts.asset | Assets/_Game/Data/Zones/Zone_TwilightGrove.asset | Assets/_Game/Data/Zones/Zone_VeilMarsh.asset | Assets/_Game/Resources/Data/ResourceNodeCatalog_V01.asset";"Assets/_Game/Scenes/Zone_GreyRifts.unity | Assets/_Game/Scenes/Zone_TwilightGrove.unity | Assets/_Game/Scenes/Zone_VeilMarsh.unity";"Assets/_Game/Editor/ResourceContentBuilder.cs | Assets/_Game/Editor/T1ResourceVisualBuilder.cs | Assets/_Game/Editor/T2ResourceVisualBuilder.cs | Assets/_Game/Editor/VisualScaleAssetMap.cs | Assets/_Game/Editor/WorldChestStyleCaptureUtility.cs";"position=(0,0,0) rotation=(0,0,0) scale=(1,1,1)";"(0.090054,3.325,-0.058701)";"(4.2193,6.65,3.073817)";"Captures/Standard_Low/MP0-0125_HardwoodTree_Active.png";"Captures/Gameplay_Low/MP0-0125_HardwoodTree_Active.png";""
"MP0-0126";"ungeprueft";"HardwoodTree_Exhausted";"Prefab";"Ressourcen/Vegetation";"Assets/_Game/Prefabs/Resources/Visuals/HardwoodTree_Exhausted.prefab";"48003abed41500f43ba96fe95b35f14b";"74";"3";"3";"3";"3";"Assets/_Game/Art/World/Materials/M_EidrenWorld_VertexLit.mat | Assets/_Game/Art/World/Materials/M_World_ContactShadow.mat";"";"";"";"";"";"Assets/_Game/Prefabs/Resources/Nodes/HardwoodTree.prefab";"Assets/_Game/Data/Resources/HardwoodTree.asset | Assets/_Game/Data/Zones/Zone_GreyRifts.asset | Assets/_Game/Data/Zones/Zone_TwilightGrove.asset | Assets/_Game/Data/Zones/Zone_VeilMarsh.asset | Assets/_Game/Resources/Data/ResourceNodeCatalog_V01.asset";"Assets/_Game/Scenes/Zone_GreyRifts.unity | Assets/_Game/Scenes/Zone_TwilightGrove.unity | Assets/_Game/Scenes/Zone_VeilMarsh.unity";"Assets/_Game/Editor/ResourceContentBuilder.cs | Assets/_Game/Editor/T1ResourceVisualBuilder.cs | Assets/_Game/Editor/T2ResourceVisualBuilder.cs | Assets/_Game/Editor/VisualScaleAssetMap.cs | Assets/_Game/Editor/WorldChestStyleCaptureUtility.cs";"position=(0,0,0) rotation=(0,0,0) scale=(1,1,1)";"(0.029097,0.42,-0.006608)";"(2.451382,0.84,2.008796)";"Captures/Standard_Low/MP0-0126_HardwoodTree_Exhausted.png";"Captures/Gameplay_Low/MP0-0126_HardwoodTree_Exhausted.png";""
"MP0-0127";"ungeprueft";"IronVein_Active";"Prefab";"Ressourcen/Vegetation";"Assets/_Game/Prefabs/Resources/Visuals/IronVein_Active.prefab";"78a3b372362805f4eb16d91274c2fba0";"370";"13";"13";"13";"13";"Assets/_Game/Art/World/Materials/M_EidrenWorld_VertexLit.mat | Assets/_Game/Art/World/Materials/M_World_ContactShadow.mat";"";"";"";"";"";"Assets/_Game/Prefabs/Resources/Nodes/IronVein.prefab";"Assets/_Game/Data/Resources/IronVein.asset | Assets/_Game/Data/Zones/Zone_GreyRifts.asset | Assets/_Game/Data/Zones/Zone_TwilightGrove.asset | Assets/_Game/Data/Zones/Zone_VeilMarsh.asset | Assets/_Game/Resources/Data/ResourceNodeCatalog_V01.asset";"Assets/_Game/Scenes/Zone_GreyRifts.unity | Assets/_Game/Scenes/Zone_TwilightGrove.unity | Assets/_Game/Scenes/Zone_VeilMarsh.unity";"Assets/_Game/Editor/ResourceContentBuilder.cs | Assets/_Game/Editor/T1ResourceVisualBuilder.cs | Assets/_Game/Editor/T2ResourceVisualBuilder.cs | Assets/_Game/Editor/VisualScaleAssetMap.cs | Assets/_Game/Editor/WorldChestStyleCaptureUtility.cs";"position=(0,0,0) rotation=(0,0,0) scale=(1,1,1)";"(0.073364,0.700279,0.037511)";"(2.459049,1.400559,1.903507)";"Captures/Standard_Low/MP0-0127_IronVein_Active.png";"Captures/Gameplay_Low/MP0-0127_IronVein_Active.png";""
"MP0-0128";"ungeprueft";"IronVein_Exhausted";"Prefab";"Ressourcen/Vegetation";"Assets/_Game/Prefabs/Resources/Visuals/IronVein_Exhausted.prefab";"af880920e09480c4f8621f93066b699a";"178";"5";"5";"5";"5";"Assets/_Game/Art/World/Materials/M_EidrenWorld_VertexLit.mat | Assets/_Game/Art/World/Materials/M_World_ContactShadow.mat";"";"";"";"";"";"Assets/_Game/Prefabs/Resources/Nodes/IronVein.prefab";"Assets/_Game/Data/Resources/IronVein.asset | Assets/_Game/Data/Zones/Zone_GreyRifts.asset | Assets/_Game/Data/Zones/Zone_TwilightGrove.asset | Assets/_Game/Data/Zones/Zone_VeilMarsh.asset | Assets/_Game/Resources/Data/ResourceNodeCatalog_V01.asset";"Assets/_Game/Scenes/Zone_GreyRifts.unity | Assets/_Game/Scenes/Zone_TwilightGrove.unity | Assets/_Game/Scenes/Zone_VeilMarsh.unity";"Assets/_Game/Editor/ResourceContentBuilder.cs | Assets/_Game/Editor/T1ResourceVisualBuilder.cs | Assets/_Game/Editor/T2ResourceVisualBuilder.cs | Assets/_Game/Editor/VisualScaleAssetMap.cs | Assets/_Game/Editor/WorldChestStyleCaptureUtility.cs";"position=(0,0,0) rotation=(0,0,0) scale=(1,1,1)";"(0.073364,0.3745,-0.09351)";"(2.41246,0.749,1.745739)";"Captures/Standard_Low/MP0-0128_IronVein_Exhausted.png";"Captures/Gameplay_Low/MP0-0128_IronVein_Exhausted.png";""
"MP0-0129";"abgenommen";"StoneDeposit_Active";"Prefab";"Ressourcen/Vegetation";"Assets/_Game/Prefabs/Resources/Visuals/StoneDeposit_Active.prefab";"aedcfcffe6bd6a84593d407eda0c7095";"310";"8";"8";"8";"8";"Assets/_Game/Art/World/Materials/M_EidrenWorld_VertexLit.mat | Assets/_Game/Art/World/Materials/M_World_ContactShadow.mat";"";"";"";"";"";"Assets/_Game/Prefabs/Resources/Nodes/StoneDeposit.prefab";"Assets/_Game/Data/Resources/StoneDeposit.asset | Assets/_Game/Data/Zones/Zone_EmberRuins.asset | Assets/_Game/Data/Zones/Zone_Greenwood.asset | Assets/_Game/Data/Zones/Zone_HomeBase.asset | Assets/_Game/Data/Zones/Zone_Marsh.asset | Assets/_Game/Data/Zones/Zone_Quarry.asset | Assets/_Game/Resources/Data/ResourceNodeCatalog_V01.asset";"Assets/_Game/Scenes/HomeBase.unity | Assets/_Game/Scenes/Zone_EmberRuins.unity | Assets/_Game/Scenes/Zone_Greenwood.unity | Assets/_Game/Scenes/Zone_Marsh.unity | Assets/_Game/Scenes/Zone_Quarry.unity";"Assets/_Game/Editor/LoftWicklungRollout.cs | Assets/_Game/Editor/ResourceContentBuilder.cs | Assets/_Game/Editor/StyleProofContentBuilder.cs | Assets/_Game/Editor/T1ResourceVisualBuilder.cs | Assets/_Game/Editor/T2ResourceVisualBuilder.cs | Assets/_Game/Editor/Tests/VisualAssetTests.cs | Assets/_Game/Editor/VisualScaleAssetMap.cs | Assets/_Game/Editor/WorldChestStyleCaptureUtility.cs";"position=(0,0,0) rotation=(0,0,0) scale=(1,1,1)";"(0.103274,0.490622,0.02021)";"(2.5548,1.102481,1.98612)";"Captures/Standard_Low/MP0-0129_StoneDeposit_Active.png";"Captures/Gameplay_Low/MP0-0129_StoneDeposit_Active.png";""
"MP0-0130";"abgenommen";"StoneDeposit_Exhausted";"Prefab";"Ressourcen/Vegetation";"Assets/_Game/Prefabs/Resources/Visuals/StoneDeposit_Exhausted.prefab";"75aa2fcc87d76a546a03fb2035bcc37c";"178";"5";"5";"5";"5";"Assets/_Game/Art/World/Materials/M_EidrenWorld_VertexLit.mat | Assets/_Game/Art/World/Materials/M_World_ContactShadow.mat";"";"";"";"";"";"Assets/_Game/Prefabs/Resources/Nodes/StoneDeposit.prefab";"Assets/_Game/Data/Resources/StoneDeposit.asset | Assets/_Game/Data/Zones/Zone_EmberRuins.asset | Assets/_Game/Data/Zones/Zone_Greenwood.asset | Assets/_Game/Data/Zones/Zone_HomeBase.asset | Assets/_Game/Data/Zones/Zone_Marsh.asset | Assets/_Game/Data/Zones/Zone_Quarry.asset | Assets/_Game/Resources/Data/ResourceNodeCatalog_V01.asset";"Assets/_Game/Scenes/HomeBase.unity | Assets/_Game/Scenes/Zone_EmberRuins.unity | Assets/_Game/Scenes/Zone_Greenwood.unity | Assets/_Game/Scenes/Zone_Marsh.unity | Assets/_Game/Scenes/Zone_Quarry.unity";"Assets/_Game/Editor/ResourceContentBuilder.cs | Assets/_Game/Editor/T1ResourceVisualBuilder.cs | Assets/_Game/Editor/T2ResourceVisualBuilder.cs | Assets/_Game/Editor/Tests/VisualAssetTests.cs | Assets/_Game/Editor/VisualScaleAssetMap.cs | Assets/_Game/Editor/WorldChestStyleCaptureUtility.cs";"position=(0,0,0) rotation=(0,0,0) scale=(1,1,1)";"(0.082351,0.190769,-0.10431)";"(2.457581,0.502774,1.790233)";"Captures/Standard_Low/MP0-0130_StoneDeposit_Exhausted.png";"Captures/Gameplay_Low/MP0-0130_StoneDeposit_Exhausted.png";""
"MP0-0131";"ungeprueft";"SwampHemp_Active";"Prefab";"Ressourcen/Vegetation";"Assets/_Game/Prefabs/Resources/Visuals/SwampHemp_Active.prefab";"845822523c83fb146b6e2db2d2b8d655";"266";"23";"23";"23";"23";"Assets/_Game/Art/World/Materials/M_EidrenWorld_VertexLit.mat | Assets/_Game/Art/World/Materials/M_World_ContactShadow.mat";"";"";"";"";"";"Assets/_Game/Prefabs/Resources/Nodes/SwampHemp.prefab";"Assets/_Game/Data/Resources/SwampHemp.asset | Assets/_Game/Data/Zones/Zone_GreyRifts.asset | Assets/_Game/Data/Zones/Zone_TwilightGrove.asset | Assets/_Game/Data/Zones/Zone_VeilMarsh.asset | Assets/_Game/Resources/Data/ResourceNodeCatalog_V01.asset";"Assets/_Game/Scenes/Zone_GreyRifts.unity | Assets/_Game/Scenes/Zone_TwilightGrove.unity | Assets/_Game/Scenes/Zone_VeilMarsh.unity";"Assets/_Game/Editor/ResourceContentBuilder.cs | Assets/_Game/Editor/T1ResourceVisualBuilder.cs | Assets/_Game/Editor/T2ResourceVisualBuilder.cs | Assets/_Game/Editor/VisualScaleAssetMap.cs | Assets/_Game/Editor/WorldChestStyleCaptureUtility.cs";"position=(0,0,0) rotation=(0,0,0) scale=(1,1,1)";"(0.029097,0.681087,-0.023359)";"(1.800285,1.377826,1.446717)";"Captures/Standard_Low/MP0-0131_SwampHemp_Active.png";"Captures/Gameplay_Low/MP0-0131_SwampHemp_Active.png";""
"MP0-0132";"ungeprueft";"SwampHemp_Exhausted";"Prefab";"Ressourcen/Vegetation";"Assets/_Game/Prefabs/Resources/Visuals/SwampHemp_Exhausted.prefab";"1808750415f04f24e9173a9d2131888a";"86";"8";"8";"8";"8";"Assets/_Game/Art/World/Materials/M_EidrenWorld_VertexLit.mat | Assets/_Game/Art/World/Materials/M_World_ContactShadow.mat";"";"";"";"";"";"Assets/_Game/Prefabs/Resources/Nodes/SwampHemp.prefab";"Assets/_Game/Data/Resources/SwampHemp.asset | Assets/_Game/Data/Zones/Zone_GreyRifts.asset | Assets/_Game/Data/Zones/Zone_TwilightGrove.asset | Assets/_Game/Data/Zones/Zone_VeilMarsh.asset | Assets/_Game/Resources/Data/ResourceNodeCatalog_V01.asset";"Assets/_Game/Scenes/Zone_GreyRifts.unity | Assets/_Game/Scenes/Zone_TwilightGrove.unity | Assets/_Game/Scenes/Zone_VeilMarsh.unity";"Assets/_Game/Editor/ResourceContentBuilder.cs | Assets/_Game/Editor/T1ResourceVisualBuilder.cs | Assets/_Game/Editor/T2ResourceVisualBuilder.cs | Assets/_Game/Editor/VisualScaleAssetMap.cs | Assets/_Game/Editor/WorldChestStyleCaptureUtility.cs";"position=(0,0,0) rotation=(0,0,0) scale=(1,1,1)";"(-0.128674,0.106333,0.002229)";"(1.348569,0.228317,1.294457)";"Captures/Standard_Low/MP0-0132_SwampHemp_Exhausted.png";"Captures/Gameplay_Low/MP0-0132_SwampHemp_Exhausted.png";""
"MP0-0133";"abgenommen";"Tree_Active";"Prefab";"Ressourcen/Vegetation";"Assets/_Game/Prefabs/Resources/Visuals/Tree_Active.prefab";"4485cd97063e9fc4e822aa32acaede2a";"282";"7";"7";"7";"7";"Assets/_Game/Art/World/Materials/M_EidrenWorld_VertexLit.mat | Assets/_Game/Art/World/Materials/M_World_ContactShadow.mat";"";"";"";"";"";"Assets/_Game/Prefabs/Resources/Nodes/Tree.prefab";"Assets/_Game/Data/Resources/Tree.asset | Assets/_Game/Data/Zones/Zone_EmberRuins.asset | Assets/_Game/Data/Zones/Zone_Greenwood.asset | Assets/_Game/Data/Zones/Zone_HomeBase.asset | Assets/_Game/Data/Zones/Zone_Marsh.asset | Assets/_Game/Data/Zones/Zone_Quarry.asset | Assets/_Game/Resources/Data/ResourceNodeCatalog_V01.asset";"Assets/_Game/Scenes/HomeBase.unity | Assets/_Game/Scenes/Zone_EmberRuins.unity | Assets/_Game/Scenes/Zone_Greenwood.unity | Assets/_Game/Scenes/Zone_Marsh.unity | Assets/_Game/Scenes/Zone_Quarry.unity";"Assets/_Game/Editor/LoftWicklungRollout.cs | Assets/_Game/Editor/ResourceContentBuilder.cs | Assets/_Game/Editor/StyleProofContentBuilder.cs | Assets/_Game/Editor/T1ResourceVisualBuilder.cs | Assets/_Game/Editor/T2ResourceVisualBuilder.cs | Assets/_Game/Editor/VisualScaleAssetMap.cs | Assets/_Game/Editor/WorldChestStyleCaptureUtility.cs";"position=(0,0,0) rotation=(0,0,0) scale=(1,1,1)";"(0.029097,3,-0.003144)";"(4.68217,6,3.609417)";"Captures/Standard_Low/MP0-0133_Tree_Active.png";"Captures/Gameplay_Low/MP0-0133_Tree_Active.png";""
"MP0-0134";"abgenommen";"Tree_Exhausted";"Prefab";"Ressourcen/Vegetation";"Assets/_Game/Prefabs/Resources/Visuals/Tree_Exhausted.prefab";"a3062fe75a4d8b449ade00d146eb028a";"102";"4";"4";"4";"4";"Assets/_Game/Art/World/Materials/M_EidrenWorld_VertexLit.mat | Assets/_Game/Art/World/Materials/M_World_ContactShadow.mat";"";"";"";"";"";"Assets/_Game/Prefabs/Resources/Nodes/Tree.prefab";"Assets/_Game/Data/Resources/Tree.asset | Assets/_Game/Data/Zones/Zone_EmberRuins.asset | Assets/_Game/Data/Zones/Zone_Greenwood.asset | Assets/_Game/Data/Zones/Zone_HomeBase.asset | Assets/_Game/Data/Zones/Zone_Marsh.asset | Assets/_Game/Data/Zones/Zone_Quarry.asset | Assets/_Game/Resources/Data/ResourceNodeCatalog_V01.asset";"Assets/_Game/Scenes/HomeBase.unity | Assets/_Game/Scenes/Zone_EmberRuins.unity | Assets/_Game/Scenes/Zone_Greenwood.unity | Assets/_Game/Scenes/Zone_Marsh.unity | Assets/_Game/Scenes/Zone_Quarry.unity";"Assets/_Game/Editor/ResourceContentBuilder.cs | Assets/_Game/Editor/T1ResourceVisualBuilder.cs | Assets/_Game/Editor/T2ResourceVisualBuilder.cs | Assets/_Game/Editor/VisualScaleAssetMap.cs | Assets/_Game/Editor/WorldChestStyleCaptureUtility.cs";"position=(0,0,0) rotation=(0,0,0) scale=(1,1,1)";"(0.039116,0.35,-0.015426)";"(1.858704,0.7,1.527538)";"Captures/Standard_Low/MP0-0134_Tree_Exhausted.png";"Captures/Gameplay_Low/MP0-0134_Tree_Exhausted.png";""
"MP0-0135";"abgenommen";"StorageChest";"Prefab";"Gebaeude/Stationen";"Assets/_Game/Prefabs/Stations/StorageChest.prefab";"bed0f5490a6014e4b955be7cdc8845ba";"470";"23";"23";"5";"23";"Assets/_Game/Art/Geometry/Materials/WorldRefined/M_World_Copper.mat | Assets/_Game/Art/Geometry/Materials/WorldRefined/M_World_IronEdge.mat | Assets/_Game/Art/Geometry/Materials/WorldRefined/M_World_Metal.mat | Assets/_Game/Art/Geometry/Materials/WorldRefined/M_World_Wood.mat | Assets/_Game/Art/Geometry/Materials/WorldRefined/M_World_WoodDark.mat | Assets/_Game/Art/Geometry/Materials/WorldRefined/M_World_WoodLight.mat | Assets/_Game/Art/World/Materials/M_World_ContactShadow.mat";"BoxCollider@<root> trigger=True center=(0,0.75,0) size=(1,1.5,1)";"";"";"";"";"";"Assets/_Game/Data/Buildings/StorageChest.asset | Assets/_Game/Resources/Data/BuildingCatalog_V01.asset";"";"Assets/_Game/Editor/BuildingCostContentBuilder.cs | Assets/_Game/Editor/BuildingIconRenderTool.cs | Assets/_Game/Editor/StorageContentBuilder.cs | Assets/_Game/Editor/Tests/InteractionIconTests.cs | Assets/_Game/Editor/Tests/StorageContainerTests.cs | Assets/_Game/Editor/Tests/VisualAssetTests.cs | Assets/_Game/Editor/VisualScaleAssetMap.cs | Assets/_Game/Editor/WorldChestStyleCaptureUtility.cs";"position=(0,0,0) rotation=(0,0,0) scale=(1,1,1)";"(0.029097,0.4,-0.107337)";"(1.18442,0.8,0.890582)";"Captures/Standard_Low/MP0-0135_StorageChest.png";"Captures/Gameplay_Low/MP0-0135_StorageChest.png";""
"MP0-0136";"abgenommen";"Workbench";"Prefab";"Gebaeude/Stationen";"Assets/_Game/Prefabs/Stations/Workbench.prefab";"16ce8a1c41a4d574a906f32c4b7dc5e6";"3956";"38";"38";"7";"38";"Assets/_Game/Art/Geometry/Materials/WorldRefined/M_World_Copper.mat | Assets/_Game/Art/Geometry/Materials/WorldRefined/M_World_IronEdge.mat | Assets/_Game/Art/Geometry/Materials/WorldRefined/M_World_Leather.mat | Assets/_Game/Art/Geometry/Materials/WorldRefined/M_World_Metal.mat | Assets/_Game/Art/Geometry/Materials/WorldRefined/M_World_StoneLight.mat | Assets/_Game/Art/Geometry/Materials/WorldRefined/M_World_Wood.mat | Assets/_Game/Art/Geometry/Materials/WorldRefined/M_World_WoodDark.mat | Assets/_Game/Art/Geometry/Materials/WorldRefined/M_World_WoodLight.mat | Assets/_Game/Art/World/Materials/M_World_ContactShadow.mat";"BoxCollider@<root> trigger=True center=(0,0.75,0) size=(1,1.5,1)";"";"";"";"";"";"Assets/_Game/Data/Buildings/Workbench.asset | Assets/_Game/Resources/Data/BuildingCatalog_V01.asset";"";"Assets/_Game/Editor/BuildingCostContentBuilder.cs | Assets/_Game/Editor/BuildingIconRenderTool.cs | Assets/_Game/Editor/CraftingContentBuilder.cs | Assets/_Game/Editor/Tests/InteractionIconTests.cs | Assets/_Game/Editor/Tests/VisualAssetTests.cs | Assets/_Game/Editor/VisualScaleAssetMap.cs | Assets/_Game/Editor/WorldChestStyleCaptureUtility.cs";"position=(0,0,0) rotation=(0,0,0) scale=(1,1,1)";"(0.017226,0.55,-0.133674)";"(1.207114,1.1,0.967431)";"Captures/Standard_Low/MP0-0136_Workbench.png";"Captures/Gameplay_Low/MP0-0136_Workbench.png";""
"MP0-0137";"ungeprueft";"BLD_Grid_Area";"Prefab";"Ressourcen/Vegetation";"Assets/_Game/Resources/Art/BuildGrid/BLD_Grid_Area.prefab";"7ec0c4f5c0bd5164fa5bc96fd29d3ad0";"2";"1";"1";"1";"1";"Assets/_Game/Resources/Art/BuildGrid/BLD_Grid_Area.mat";"";"";"";"";"";"";"";"";"Assets/_Game/Editor/ResourceContentBuilder.cs | Assets/_Game/Editor/T1ResourceVisualBuilder.cs | Assets/_Game/Editor/T2ResourceVisualBuilder.cs";"position=(0,0,0) rotation=(0,0,0) scale=(1,1,1)";"(0,0,0)";"(1,0,1)";"Captures/Standard_Low/MP0-0137_BLD_Grid_Area.png";"Captures/Gameplay_Low/MP0-0137_BLD_Grid_Area.png";""
"MP0-0138";"ungeprueft";"BLD_Grid_Boundary";"Prefab";"Ressourcen/Vegetation";"Assets/_Game/Resources/Art/BuildGrid/BLD_Grid_Boundary.prefab";"04cb6e852ac8c6342a55aec622840472";"2";"1";"1";"1";"1";"Assets/_Game/Resources/Art/BuildGrid/BLD_Grid_Boundary.mat";"";"";"";"";"";"";"";"";"Assets/_Game/Editor/ResourceContentBuilder.cs | Assets/_Game/Editor/T1ResourceVisualBuilder.cs | Assets/_Game/Editor/T2ResourceVisualBuilder.cs";"position=(0,0,0) rotation=(0,0,0) scale=(1,1,1)";"(0,0,0)";"(1,0,0.18)";"Captures/Standard_Low/MP0-0138_BLD_Grid_Boundary.png";"Captures/Gameplay_Low/MP0-0138_BLD_Grid_Boundary.png";""
"MP0-0139";"ungeprueft";"BLD_Grid_Cell";"Prefab";"Ressourcen/Vegetation";"Assets/_Game/Resources/Art/BuildGrid/BLD_Grid_Cell.prefab";"7c87b9585cb14854e8bd5116725b90d3";"2";"1";"1";"1";"1";"Assets/_Game/Resources/Art/BuildGrid/BLD_Grid_Focus.mat";"";"";"";"";"";"";"";"";"Assets/_Game/Editor/ResourceContentBuilder.cs | Assets/_Game/Editor/T1ResourceVisualBuilder.cs | Assets/_Game/Editor/T2ResourceVisualBuilder.cs";"position=(0,0,0) rotation=(0,0,0) scale=(1,1,1)";"(0,0,0)";"(0.92,0,0.92)";"Captures/Standard_Low/MP0-0139_BLD_Grid_Cell.png";"Captures/Gameplay_Low/MP0-0139_BLD_Grid_Cell.png";""
"MP0-0140";"ungeprueft";"BLD_Grid_Edge";"Prefab";"Ressourcen/Vegetation";"Assets/_Game/Resources/Art/BuildGrid/BLD_Grid_Edge.prefab";"cd6cdd8ae92f88347b6a1a9d3221ca9b";"2";"1";"1";"1";"1";"Assets/_Game/Resources/Art/BuildGrid/BLD_Grid_Focus.mat";"";"";"";"";"";"";"";"";"Assets/_Game/Editor/ResourceContentBuilder.cs | Assets/_Game/Editor/T1ResourceVisualBuilder.cs | Assets/_Game/Editor/T2ResourceVisualBuilder.cs";"position=(0,0,0) rotation=(0,0,0) scale=(1,1,1)";"(0,0,0)";"(1,0,0.16)";"Captures/Standard_Low/MP0-0140_BLD_Grid_Edge.png";"Captures/Gameplay_Low/MP0-0140_BLD_Grid_Edge.png";""
"MP0-0141";"ungeprueft";"BLD_Grid_Node";"Prefab";"Ressourcen/Vegetation";"Assets/_Game/Resources/Art/BuildGrid/BLD_Grid_Node.prefab";"7043ad2a0a11882419ff0f65f2fdae26";"2";"1";"1";"1";"1";"Assets/_Game/Resources/Art/BuildGrid/BLD_Grid_Focus.mat";"";"";"";"";"";"";"";"";"Assets/_Game/Editor/ResourceContentBuilder.cs | Assets/_Game/Editor/T1ResourceVisualBuilder.cs | Assets/_Game/Editor/T2ResourceVisualBuilder.cs";"position=(0,0,0) rotation=(0,0,0) scale=(1,1,1)";"(0,0,0)";"(0.18,0,0.18)";"Captures/Standard_Low/MP0-0141_BLD_Grid_Node.png";"Captures/Gameplay_Low/MP0-0141_BLD_Grid_Node.png";""
"MP0-0142";"ungeprueft";"BLD_Grid_Zone";"Prefab";"Ressourcen/Vegetation";"Assets/_Game/Resources/Art/BuildGrid/BLD_Grid_Zone.prefab";"155b4f988f0693c43ac241e74bea03ba";"2";"1";"1";"1";"1";"Assets/_Game/Resources/Art/BuildGrid/BLD_Grid_Blocked.mat";"";"";"";"";"";"";"";"";"Assets/_Game/Editor/ResourceContentBuilder.cs | Assets/_Game/Editor/T1ResourceVisualBuilder.cs | Assets/_Game/Editor/T2ResourceVisualBuilder.cs";"position=(0,0,0) rotation=(0,0,0) scale=(1,1,1)";"(0,0,0)";"(1,0,1)";"Captures/Standard_Low/MP0-0142_BLD_Grid_Zone.png";"Captures/Gameplay_Low/MP0-0142_BLD_Grid_Zone.png";""
"MP0-0143";"ungeprueft";"BLD_Preview_Mark";"Prefab";"Gebaeude/Stationen";"Assets/_Game/Resources/Art/Buildings/BLD_Preview_Mark.prefab";"c561bced387f9bc40ad897a11bf6f8b8";"2";"1";"1";"1";"1";"Assets/_Game/Resources/Art/Buildings/BLD_PreviewMark_Valid.mat";"";"";"";"";"";"";"";"";"Assets/_Game/Editor/BuildingCostContentBuilder.cs | Assets/_Game/Editor/BuildingDoorContentBuilder.cs | Assets/_Game/Editor/BuildingMenuUiBuilder.cs | Assets/_Game/Editor/BuildingPreviewContentBuilder.cs | Assets/_Game/Editor/BuildingRoofContentBuilder.cs | Assets/_Game/Editor/EidrenBuildingVisualBuilder.cs";"position=(0,0,0) rotation=(0,0,0) scale=(1,1,1)";"(0,0,0)";"(1,0,1)";"Captures/Standard_Low/MP0-0143_BLD_Preview_Mark.png";"Captures/Gameplay_Low/MP0-0143_BLD_Preview_Mark.png";""
"MP0-0144";"ungeprueft";"BLD_Roof_Tile";"Prefab";"Gebaeude/Stationen";"Assets/_Game/Resources/Art/Buildings/BLD_Roof_Tile.prefab";"895285220d58eba48bc034220c426253";"2";"1";"1";"1";"1";"Assets/_Game/Resources/Art/Buildings/BLD_Roof.mat";"";"";"";"";"";"";"";"";"Assets/_Game/Editor/BuildingCostContentBuilder.cs | Assets/_Game/Editor/BuildingDoorContentBuilder.cs | Assets/_Game/Editor/BuildingMenuUiBuilder.cs | Assets/_Game/Editor/BuildingPreviewContentBuilder.cs | Assets/_Game/Editor/BuildingRoofContentBuilder.cs | Assets/_Game/Editor/EidrenBuildingVisualBuilder.cs";"position=(0,0,0) rotation=(0,0,0) scale=(1,1,1)";"(0,0,0)";"(1,0,1)";"Captures/Standard_Low/MP0-0144_BLD_Roof_Tile.png";"Captures/Gameplay_Low/MP0-0144_BLD_Roof_Tile.png";""
"MP0-0145";"fallback";"Noctarion_2D";"Prefab";"Figuren/Kreaturen";"Assets/_Game/Resources/Prefabs/Actors/2D/Noctarion_2D.prefab";"60f2c70fd7b9ff9429f56f5c0c3c6f5b";"0";"2";"2";"0";"2";"Assets/_Game/Art/Actors/Noctarion/Materials/M_Noctarion_2D.mat | Assets/_Game/Art/Actors/Noctarion/Materials/M_Noctarion_GroundShadow.mat";"";"";"";"";"";"";"";"";"Assets/_Game/Editor/EidraVisual3DBuilder.cs | Assets/_Game/Editor/ResourceContentBuilder.cs | Assets/_Game/Editor/T1ResourceVisualBuilder.cs | Assets/_Game/Editor/T2ResourceVisualBuilder.cs | Assets/_Game/Editor/Tests/NoctarionSpriteVisualTests.cs";"position=(0,0,0) rotation=(0,0,0) scale=(1,1,1)";"(0,0,0)";"(0,0,0)";"Captures/Standard_Low/MP0-0145_Noctarion_2D.png";"Captures/Gameplay_Low/MP0-0145_Noctarion_2D.png";""
"MP0-0146";"fallback";"Terrock_2D";"Prefab";"Figuren/Kreaturen";"Assets/_Game/Resources/Prefabs/Actors/2D/Terrock_2D.prefab";"59d8ae2a909e0134abd4e0e38ae8cfa8";"0";"2";"2";"0";"2";"Assets/_Game/Art/Actors/Terrock/Materials/M_Terrock_2D.mat | Assets/_Game/Art/Actors/Terrock/Materials/M_Terrock_GroundShadow.mat";"";"";"";"";"";"";"";"";"Assets/_Game/Editor/EidraVisual3DBuilder.cs | Assets/_Game/Editor/ResourceContentBuilder.cs | Assets/_Game/Editor/T1ResourceVisualBuilder.cs | Assets/_Game/Editor/T2ResourceVisualBuilder.cs | Assets/_Game/Editor/Tests/ActorSpriteAssetTests.cs | Assets/_Game/Editor/VisualScaleAssetMap.cs";"position=(0,0,0) rotation=(0,0,0) scale=(1,1,1)";"(0,0,0)";"(0,0,0)";"Captures/Standard_Low/MP0-0146_Terrock_2D.png";"Captures/Gameplay_Low/MP0-0146_Terrock_2D.png";""
"MP0-0147";"abgenommen";"Ignivar_3D";"Prefab";"Figuren/Kreaturen";"Assets/_Game/Resources/Prefabs/Actors/3D/Ignivar_3D.prefab";"47e7e5fe41fdef844977734f028aa57b";"2114";"2";"2";"1";"2";"Assets/_Game/Art/Actors/M_Kreatur_VertexLit.mat | Assets/_Game/Art/Actors/Wildling/Materials/M_Wildling_GroundShadow.mat";"";"chest | footFL | footFR | footRL | footRR | head | hips | jaw | legFL_lo | legFL_up | legFR_lo | legFR_up | legRL_lo | legRL_up | legRR_lo | legRR_up | neck | root | spine | tail1 | tail2 | tail3";"root";"";"";"";"";"";"Assets/_Game/Editor/EidraVisual3DBuilder.cs | Assets/_Game/Editor/ResourceContentBuilder.cs | Assets/_Game/Editor/T1ResourceVisualBuilder.cs | Assets/_Game/Editor/T2ResourceVisualBuilder.cs";"position=(0,0,0) rotation=(0,0,0) scale=(1,1,1)";"(0,0.503207,-0.150073)";"(0.656905,1.006414,1.30969)";"Captures/Standard_Low/MP0-0147_Ignivar_3D.png";"Captures/Gameplay_Low/MP0-0147_Ignivar_3D.png";""
"MP0-0148";"abgenommen";"Noctarion_3D";"Prefab";"Figuren/Kreaturen";"Assets/_Game/Resources/Prefabs/Actors/3D/Noctarion_3D.prefab";"eae5d61b6f1c2274785fac92414ed7c1";"1666";"2";"2";"1";"2";"Assets/_Game/Art/Actors/M_Kreatur_VertexLit.mat | Assets/_Game/Art/Actors/Noctarion/Materials/M_Noctarion_GroundShadow.mat";"";"chest | footFL | footFR | footRL | footRR | head | hips | jaw | legFL_lo | legFL_up | legFR_lo | legFR_up | legRL_lo | legRL_up | legRR_lo | legRR_up | neck | root | spine | tail1 | tail2 | tail3";"root";"";"";"";"";"";"Assets/_Game/Editor/EidraVisual3DBuilder.cs | Assets/_Game/Editor/ResourceContentBuilder.cs | Assets/_Game/Editor/T1ResourceVisualBuilder.cs | Assets/_Game/Editor/T2ResourceVisualBuilder.cs";"position=(0,0,0) rotation=(0,0,0) scale=(1,1,1)";"(0,0.504459,-0.183946)";"(0.530123,1.008919,1.817168)";"Captures/Standard_Low/MP0-0148_Noctarion_3D.png";"Captures/Gameplay_Low/MP0-0148_Noctarion_3D.png";""
"MP0-0149";"abgenommen";"Terrock_3D";"Prefab";"Figuren/Kreaturen";"Assets/_Game/Resources/Prefabs/Actors/3D/Terrock_3D.prefab";"9d4b5ee3a4f50094c8c49f73c24118f8";"1916";"2";"2";"1";"2";"Assets/_Game/Art/Actors/M_Kreatur_VertexLit.mat | Assets/_Game/Art/Actors/Terrock/Materials/M_Terrock_GroundShadow.mat";"";"chest | footFL | footFR | footRL | footRR | head | hips | jaw | legFL_lo | legFL_up | legFR_lo | legFR_up | legRL_lo | legRL_up | legRR_lo | legRR_up | neck | root | spine | tail1 | tail2 | tail3";"root";"";"";"";"";"";"Assets/_Game/Editor/EidraVisual3DBuilder.cs | Assets/_Game/Editor/ResourceContentBuilder.cs | Assets/_Game/Editor/T1ResourceVisualBuilder.cs | Assets/_Game/Editor/T2ResourceVisualBuilder.cs";"position=(0,0,0) rotation=(0,0,0) scale=(1,1,1)";"(0.016613,0.50426,0.026624)";"(0.725453,1.00852,1.246006)";"Captures/Standard_Low/MP0-0149_Terrock_3D.png";"Captures/Gameplay_Low/MP0-0149_Terrock_3D.png";""
"MP0-0150";"ungeprueft";"DeathBag";"Prefab";"Ressourcen/Vegetation";"Assets/_Game/Resources/Prefabs/DeathBag.prefab";"d11a6c092463e87448b91a3497659289";"848";"2";"2";"2";"2";"Assets/_Game/Art/Geometry/Materials/visual_death_bag_cloth.mat | Assets/_Game/Art/Geometry/Materials/visual_death_bag_tie.mat";"BoxCollider@<root> trigger=True center=(0,0.4,0) size=(1.8,1.4,1.8)";"";"";"";"";"";"";"";"Assets/_Game/Editor/ResourceContentBuilder.cs | Assets/_Game/Editor/StorageContentBuilder.cs | Assets/_Game/Editor/T1ResourceVisualBuilder.cs | Assets/_Game/Editor/T2ResourceVisualBuilder.cs | Assets/_Game/Editor/Tests/EquipmentAndDeathBagTests.cs | Assets/_Game/Editor/VisualScaleAssetMap.cs | Assets/_Game/Editor/WorldChestStyleCaptureUtility.cs";"position=(0,0,0) rotation=(0,0,0) scale=(1,1,1)";"(0,0.35,0)";"(0.78,0.7,0.6084)";"Captures/Standard_Low/MP0-0150_DeathBag.png";"Captures/Gameplay_Low/MP0-0150_DeathBag.png";""
