Assetpfad;GUID;Asset SHA256;Meta SHA256;Bytes;LastWrite UTC
"Assets/_Game/Art/Actors/AshRunner/AshRunner3D/AshRunner.glb";"b932d02d318892c49b20d226df0d2b3b";"3aa9af05e0e18bffbb28cea5ecc0732ab98bb89ed276b1b7f268b9d7cd5ce036";"aacdaa1ae6a80aec52ae9d2255a6f299b92d3b991f72427b30b1c998e74958f8";"497936";"2026-08-13T15:10:57.6862770Z"
"Assets/_Game/Art/Actors/CoreGuardian/CoreGuardian3D/CoreGuardian.glb";"9f9caf10cd5ad2d4d815561b1e569cc9";"00763e4ba0830bc25a41915ac65c98d7fd2290584f7c5b258129b6a207a60a51";"c678107a499dd2c17ef2e30e1f150f42e66be50be432a9fe462d5697f117e4b2";"482968";"2026-08-13T15:10:57.1835362Z"
"Assets/_Game/Art/Actors/EmberEater/EmberEater3D/EmberEater.glb";"27aba9d977ff0e34982f0ae1176c507c";"40024a60d61b887c71f5df7b7c0599592ea8a31b2c6338926d9632e5c8e37784";"80773c0b587b457cc6905af243ea17c249c02789c5d9551a8cbf960b67c58a73";"397136";"2026-08-14T09:24:19.2947415Z"
"Assets/_Game/Art/Actors/ForgeGuardian/ForgeGuardian3D/ForgeGuardian.glb";"469cdc0e26cdff64286fe38fe24fe50f";"d8bfdbd5d6cd4fa1f989c8f81b8fb08d29166b5a8e279c74ae54e4c9d289325d";"bd356494e360e0f62b4b807189f8b006d77accbb7fa9b75a61d340e64e6e6c82";"414712";"2026-08-13T15:10:56.9215105Z"
"Assets/_Game/Art/Actors/Garon/Garon3D/Garon.glb";"61b3a9b8d3efbf44d96406ababd8d434";"3aa6c517f2832e00a7f702bf01dc5cb5394f9864602a4e23eb797fec51012a81";"ec9637ba6a0698037be8b131e8a7c9469195d268627e70faa4cc4db9c6ffb5ea";"799704";"2026-08-14T09:20:54.8169462Z"
"Assets/_Game/Art/Actors/GraniteShell/GraniteShell3D/GraniteShell.glb";"2c62d83b05e79574086f340fd32b2e1f";"85c09b318de50e8eca08ecec74507c31213483c94f801079efb452800e759c45";"3044317b88d91dfd914ed14e29c8e8903204c0e847771a8c2a41e4f9458b11d7";"509700";"2026-08-13T15:16:42.8818176Z"
"Assets/_Game/Art/Actors/Ignivar/Ignivar3D/Ignivar.glb";"cd31036a7ebc8804bbbef23f12824217";"bf12895c4d1c724a97fec5322c11a4906c21e4772767cdc224061e9b77e968d9";"e37996acd390a66a81240f644cf8926e81ec35bc4d18dc405e08f8dff0d6e1eb";"498720";"2026-08-13T15:10:57.8168773Z"
"Assets/_Game/Art/Actors/MoorThrower/MoorThrower3D/MoorThrower.glb";"b2d5f5c7b98fc6b4fbe221742c99a735";"52c42e8bc675dd7e1cbf739bbb2dca115ad7920a3d4ffedf1d9df159caa37b1b";"bde0286c41bf795269518a520a2849dc3712d4181269e748f3b212505f3a9637";"451660";"2026-08-13T15:10:56.6723222Z"
"Assets/_Game/Art/Actors/Noctarion/Noctarion3D/Noctarion.glb";"b7daee05003967a42a70e50d2f4fb05a";"11fe33cb55720e20455dedb5f4a90ca5ec8c07fec390491139820544d3afa34b";"4de191340178e00b858db6cf28caef5efef1fea10235460ed0dcb281d335f7e6";"493796";"2026-08-13T15:10:57.9430059Z"
"Assets/_Game/Art/Actors/Player/Wanderer3D/Wanderer.glb";"3a8a17a3ea0ef144cb83d049ef83cf7f";"691ab0ed395d31c05383d905f0552d3043e3cd4b6e66f48d7a93a409385ae3c8";"a0692c2815b72036702d2437618049e388536860fd1f15ef7babf43487169d5d";"1800800";"2026-08-15T09:59:15.9163124Z"
"Assets/_Game/Art/Actors/RiftGuardian/RiftGuardian3D/RiftGuardian.glb";"9adae2a5eed7a9445a55ea615a056046";"3d85ab58a4ec1063d0c07a8e17978af30a72ea411f7ff0861507bb8d461e58fe";"f8ac7c8e3925862eb3bebe47c4ef8710b00d1657caa0d7b3b3abf1e998f66a7c";"439796";"2026-08-13T15:10:56.7982820Z"
"Assets/_Game/Art/Actors/Riftling/Riftling3D/Riftling.glb";"1ff239ba6bad5b445bf407be01e4bb5d";"e7b38fb162d1881784a88f9073e2dda27b8ffe4b525533b353e318959934d40a";"9c75ce7ed181b3d615efea60ed92565221e5db912438baaa7bb2724819a0f62b";"412548";"2026-08-13T15:10:56.5379421Z"
"Assets/_Game/Art/Actors/RootCharger/RootCharger3D/RootCharger.glb";"0300909cf54b3394c9c98206242e6ebe";"ad3aea80650e3d775664ab7adb016744ff7e7526579772d72068c22517eb9013";"6a5642c4fb200933c4f52abd5d927653253e639c619e46c25b65d7ebad0f7fb5";"532104";"2026-08-13T15:10:57.4289349Z"
"Assets/_Game/Art/Actors/SealGuardian/SealGuardian3D/SealGuardian.glb";"f1b0809f71e196e4b846f0cfbc1f71e7";"59de375f7ccabf4d18925074de2bcb79c29c4a168305f23e494cfbf1fcbd6a20";"5b09a9bdaeaab496f563e71810b7af0fa7f37e5605e3b9c6cd729e7816445f55";"390500";"2026-08-13T15:10:57.0516432Z"
"Assets/_Game/Art/Actors/Terrock/Terrock3D/Terrock.glb";"091ca3185de26b7419d6987e94bc3265";"df8278f443ed95f9d5ee3d201cc6f23fccf9322b142810619db126582a6b7d2a";"2040a37a02999c40a62447656dfadfa353510db5a332ce385f1cfb74d94af54a";"520804";"2026-08-14T09:24:21.4961945Z"
"Assets/_Game/Art/Actors/Wildling/Wildling3D/Wildling.glb";"4ec54e7381a5e7e488115de5863703f1";"8123140fec2c55f0aaabcd2bd751703a80274cfd32abed3b74e0d6c42a2b2f16";"c8a7bcf89180a2b795db65fc1f22c281877b94b4232b5895f3b241d388d456bc";"416048";"2026-08-13T18:20:08.2262201Z"
"Assets/_Game/Art/Buildings/Meshes/BLD_000_Wand_Planke.asset";"14d26b5b6ac777146ab7be4430067b06";"dd78e464a2ba295fd65894352e442022cc788b05347dd4cfd9c25f5189c542f7";"55d66845cde73ffcdd3b4b13c4dce873d8fdfccf135876a62a1d86af68c1e481";"5488";"2026-08-14T15:56:57.1475903Z"
"Assets/_Game/Art/Buildings/Meshes/BLD_001_Wand_Planke.asset";"620d95f164d1b954d90041f1f058b700";"dd78e464a2ba295fd65894352e442022cc788b05347dd4cfd9c25f5189c542f7";"f155e3cbf3424bb58a0f57962504a7aee253a81a7767b3965e6b24177bd6514c";"5488";"2026-08-14T15:56:57.2485222Z"
"Assets/_Game/Art/Buildings/Meshes/BLD_002_Wand_Planke.asset";"f44b3901275ae794eb7b05f631a5ead5";"dd78e464a2ba295fd65894352e442022cc788b05347dd4cfd9c25f5189c542f7";"7a66cd611c2588291b5b9e830ad8e8dd226683d46eaacd05512c87538374734a";"5488";"2026-08-14T15:56:57.6135930Z"
"Assets/_Game/Art/Buildings/Meshes/BLD_003_Wand_Planke.asset";"d1894566158f4354da978cb63b03d6c3";"dd78e464a2ba295fd65894352e442022cc788b05347dd4cfd9c25f5189c542f7";"d6229e3f4b487f1868aadcd7b9d5d1d5edc3282d3062f554e81ea904059fa30b";"5488";"2026-08-14T15:56:57.7716184Z"
"Assets/_Game/Art/Buildings/Meshes/BLD_004_Wand_Planke.asset";"a9430e3118fedda46a6c46f15507062d";"dd78e464a2ba295fd65894352e442022cc788b05347dd4cfd9c25f5189c542f7";"5c8b7a5f23d58284bf461e5f917cc28e38cce8ab2272be7238bc8eccd87909f7";"5488";"2026-08-14T15:56:57.8608282Z"
"Assets/_Game/Art/Buildings/Meshes/BLD_005_Wand_RahmenL.asset";"7e1c798da875a184d84e67b0c54049dc";"fa8f85537655f6d83277935f5f7372cfeec8c08f46f487e99955a11dd6662f61";"6054110ecf8158f8feb91176eb4868f533d483532b422679345144d6acae9171";"5486";"2026-08-14T15:56:57.6814486Z"
"Assets/_Game/Art/Buildings/Meshes/BLD_006_Wand_RahmenR.asset";"e8f0dbe7e031b3446a5d2bab29670305";"fa8f85537655f6d83277935f5f7372cfeec8c08f46f487e99955a11dd6662f61";"38cbd2a3bbaf915485f9f89b9ced376265e9be3bfb51fb9c2dbf88be8bf4174e";"5486";"2026-08-14T15:56:57.6384520Z"
"Assets/_Game/Art/Buildings/Meshes/BLD_007_Wand_StrebeA.asset";"63f0a92d80002c04699ec226adb35ab5";"dcf17f4c571340c55e1ae797dab8756f2928bf90a5b5bd197afe8e807f748dfe";"358c5ca08f45466b0951c5e17e0191f245d3ad013df03423e8ad4a909c77f3c9";"5494";"2026-08-14T15:56:58.0958218Z"
"Assets/_Game/Art/Buildings/Meshes/BLD_008_Wand_StrebeB.asset";"de4f2a93b021c424dbf29d734ea8c81d";"dcf17f4c571340c55e1ae797dab8756f2928bf90a5b5bd197afe8e807f748dfe";"3fd9eb2028f17a420f86788677e00a774e92bc7fe73d681942cd785827af86cc";"5494";"2026-08-14T15:56:57.7607156Z"
"Assets/_Game/Art/Buildings/Meshes/BLD_009_Wand_Riegel.asset";"a4abe491dbafdbf4aa82bdd9a03cf631";"04714ff72a4f8c97fd00af4a45f2e698334e4e400a706fdbf8a1d07d45cf400e";"d78ac9c2d7a95a2a5506591cf32ba108568983249cc2acee41c2bdc8a385713c";"5484";"2026-08-14T15:56:58.1945369Z"
"Assets/_Game/Art/Buildings/Meshes/BLD_010_Wand_Kappe.asset";"4a23fddc1470d2247ba80bfecc2b4f37";"245b8f094464b17c5c08b6d665c4af620f76e045aba195e8e704af14eac1f65f";"ebca207d883410cc5e091845d0e47c0e027b2df4101d6344f1ca16c28275ba40";"5484";"2026-08-14T15:56:57.5060280Z"
"Assets/_Game/Art/Buildings/Meshes/BLD_011_Wand_Sockel.asset";"933b0516d06814b4990650e08989c3e8";"f97a72214c8aac8a65085ed69e673b0c03fd559f7ef8bd6cbf2238daebbe458c";"b184965986f24c6ce3b389293e6078d8429ed4e4de8dc085d9724ef18c628006";"5484";"2026-08-14T15:56:57.8036297Z"
"Assets/_Game/Art/Buildings/Meshes/BLD_012_Tuer_RahmenOben.asset";"014809dd5fefe774fac791c3049d352f";"245b8f094464b17c5c08b6d665c4af620f76e045aba195e8e704af14eac1f65f";"daa0bbefd95e50fd15d9458e5c086b4d4ad332986955f2a07027efb55dd66274";"5484";"2026-08-14T15:56:57.0455779Z"
"Assets/_Game/Art/Buildings/Meshes/BLD_013_Tuer_RahmenUnten.asset";"afdc289e33ffd8b4b837dd5bd5b653a8";"245b8f094464b17c5c08b6d665c4af620f76e045aba195e8e704af14eac1f65f";"8eb3cee23c8b81b9b454a8c19b105c2eeefe008f46c3668ebae3768af2a89169";"5484";"2026-08-14T15:56:57.9702294Z"
"Assets/_Game/Art/Buildings/Meshes/BLD_014_Tuer_RahmenLinks.asset";"18e1c0e7b67a027498c8a3a7193e7d1d";"932131dc27f86afe0c6b68fcce9434ca165dd55dab49dba912b6b216f5c1f956";"3a6835451642c8c23a999058cc7c1111ebb4d36f21d49921e990d248c07ee532";"5482";"2026-08-14T15:56:57.1452543Z"
"Assets/_Game/Art/Buildings/Meshes/BLD_015_Tuer_RahmenRechts.asset";"2c48a8c8541d42a41acb5a97da925480";"932131dc27f86afe0c6b68fcce9434ca165dd55dab49dba912b6b216f5c1f956";"3f9d9e6aeac44a31f0e093046afdd75140b960cc96730ef3d6fc3d04552aa161";"5482";"2026-08-14T15:56:57.1235364Z"
"Assets/_Game/Art/Buildings/Meshes/BLD_016_Tuer_Planke.asset";"85b44fc4f2b2cf54aae78bdaa2c22ddb";"a47d13bbc60b1183a1b106f92a5ac607d92a4261debbcb253aa4e43b8125e329";"d77823d53712cbb9cac25a605ce9ef422f6812ce68dbeecbd964c85292173c73";"5488";"2026-08-14T15:56:58.1918469Z"
"Assets/_Game/Art/Buildings/Meshes/BLD_017_Tuer_Planke.asset";"bb161639edb9bbd49846e3151b3a355e";"a47d13bbc60b1183a1b106f92a5ac607d92a4261debbcb253aa4e43b8125e329";"244856ca27bb63a68bb20097cbf8d2a4a63f6bddae1f2041b5400b48c750fc5b";"5488";"2026-08-14T15:56:57.4503937Z"
"Assets/_Game/Art/Buildings/Meshes/BLD_018_Tuer_Planke.asset";"153b0d92b8e1ca14d9c5caa342bea630";"a47d13bbc60b1183a1b106f92a5ac607d92a4261debbcb253aa4e43b8125e329";"488a2a994756e7211d75363a0a25d3abf58c759bda5ecbc876db67e5575dd691";"5488";"2026-08-14T15:56:57.3987499Z"
"Assets/_Game/Art/Buildings/Meshes/BLD_019_Tuer_Planke.asset";"1961712fd3eb7964c96230d6a69bb095";"a47d13bbc60b1183a1b106f92a5ac607d92a4261debbcb253aa4e43b8125e329";"7bc60c1af916d590eb372f7df472ddd2345c851605148725cf189e638929f5f5";"5488";"2026-08-14T15:56:57.3418245Z"
"Assets/_Game/Art/Buildings/Meshes/BLD_020_Tuer_Planke.asset";"2063310471063184fa7c6ac16afe55a3";"a47d13bbc60b1183a1b106f92a5ac607d92a4261debbcb253aa4e43b8125e329";"3809ef63455b57f2fd9aa497191fcf9c6b3f8a2ccb1f084bf5b3d1f2b1da29c6";"5488";"2026-08-14T15:56:57.5422133Z"
"Assets/_Game/Art/Buildings/Meshes/BLD_021_Tuer_Diagonalstrebe.asset";"3ed6196778f3d8d46aba63eadd6e6fb3";"72cfdd20421725f9d23c1b5da30bf532c8306b85ee8938d8fb6d2b9ab5285afe";"5da47090d9503aa4e5d6a7451c9311a5276647de73e8da2807c30110e95c22e5";"5488";"2026-08-14T15:56:57.1106972Z"
"Assets/_Game/Art/Buildings/Meshes/BLD_022_Tuer_Schlossblech.asset";"eecc55eea01d1a948851cff07e115efd";"8a938cfc4be9bf7c16e4c04f792ba43c84b2b72ce13fe117c4024283a8a76615";"1be79ced0476c49dfa1415fdc7766bd32a7b48360a5cb43904469a2113d0a47c";"5488";"2026-08-14T15:56:58.0968282Z"
"Assets/_Game/Art/Buildings/Meshes/BLD_023_Tuer_Griff.asset";"6dff0294ccd08c840a4be46842442f38";"e8d927ad1d2e15b2b5d7277dff09dde28785331fd013ee50b50607f74bba165c";"6b4e19e5cde0cf114690a70cb3cfafb03744df70fe5dc9a423fffb11d0c5af10";"5492";"2026-08-14T15:56:57.9120805Z"
"Assets/_Game/Art/Buildings/Meshes/BLD_024_Tuer_Scharnierband.asset";"14172f350e6f52d4fb0a4269e741642c";"0de6bacd65198f852fac2ef860f7fe02ad086597a05f1d136588df7edd8d8bb9";"332d7a05379a5fd1e6a24090ea65ee68ee682c5db78a5c373682edccd2124cea";"5486";"2026-08-14T15:56:57.3057298Z"
"Assets/_Game/Art/Buildings/Meshes/BLD_025_Tuer_Scharnierband.asset";"d76a6f81d8261d740a5519aef53b091d";"0de6bacd65198f852fac2ef860f7fe02ad086597a05f1d136588df7edd8d8bb9";"e6e8fdee059feb97bcc22bbc32de5305d5324f1ac186bf0fd9420a891306131f";"5486";"2026-08-14T15:56:57.6634649Z"
"Assets/_Game/Art/Buildings/Meshes/BLD_026_Floor_Planke.asset";"7fd9b66ec88b18d439a81aebd30d4610";"f3a064fef4bd40a53a5f20332806fbff2355ea3d4aab0f89e710ae97998fd09c";"046be7d40b9e593a17a4a5500cd11921e300b81621a9ff0f9a62921100bd715e";"5488";"2026-08-14T15:56:57.2930645Z"
"Assets/_Game/Art/Buildings/Meshes/BLD_027_Floor_Planke.asset";"efbd32e8b1a0dcf4faa6fb085b85a9ef";"f3a064fef4bd40a53a5f20332806fbff2355ea3d4aab0f89e710ae97998fd09c";"7f8b56e1104459a0015ca15f409ab8ff38bd7f313631921ac207c761a68cc2cb";"5488";"2026-08-14T15:56:58.1383505Z"
"Assets/_Game/Art/Buildings/Meshes/BLD_028_Floor_Planke.asset";"011e700d3a81389489663c79fee187d9";"f3a064fef4bd40a53a5f20332806fbff2355ea3d4aab0f89e710ae97998fd09c";"3ab40bc4fc313562825f4cd93b76726f34fe4e65a32ad8e1ebb8d3ca61a5aa5f";"5488";"2026-08-14T15:56:57.5571693Z"
"Assets/_Game/Art/Buildings/Meshes/BLD_029_Floor_Planke.asset";"8ae2fd3d331fb604cb7ed11d7143699b";"f3a064fef4bd40a53a5f20332806fbff2355ea3d4aab0f89e710ae97998fd09c";"9e9909d7ca5529f574ad2e9f1eac021dae70eb1a63b4c52ba63028823953c0a8";"5488";"2026-08-14T15:56:57.9237628Z"
"Assets/_Game/Art/Buildings/Meshes/BLD_030_Floor_Planke.asset";"4c9dd11a6224c8944bf18109164695f4";"f3a064fef4bd40a53a5f20332806fbff2355ea3d4aab0f89e710ae97998fd09c";"403ec96bbd99ab54d90bbe51bf4020fb54ad9ba1af742f508ccc0e9fa9552d58";"5488";"2026-08-14T15:56:57.8015979Z"
"Assets/_Game/Art/Buildings/Meshes/BLD_031_Floor_Planke.asset";"f69d82deeb1cf0a429f0a79c282d36bb";"f3a064fef4bd40a53a5f20332806fbff2355ea3d4aab0f89e710ae97998fd09c";"477d46beb93fd06034dd6079149ae4b715876108e886e77b9c01651dbdcf1226";"5488";"2026-08-14T15:56:58.0559177Z"
"Assets/_Game/Art/Buildings/Meshes/BLD_032_Floor_Planke.asset";"14e8598b4c414b6419b9419fdf887718";"f3a064fef4bd40a53a5f20332806fbff2355ea3d4aab0f89e710ae97998fd09c";"82a9fcb689c201ff56b611ba50679797ebd1441b422860cdf258eece052b0c9c";"5488";"2026-08-14T15:56:58.0911415Z"
"Assets/_Game/Art/Buildings/Meshes/BLD_033_Floor_Planke.asset";"72f7afbd8513f6a4cbbb5605937235b4";"f3a064fef4bd40a53a5f20332806fbff2355ea3d4aab0f89e710ae97998fd09c";"eb934268f45804f1d01003a4e47801c0a97455bfbab9e6d7d51115eb37f375f3";"5488";"2026-08-14T15:56:57.6120837Z"
"Assets/_Game/Art/Buildings/Meshes/BLD_034_Floor_Unterzug.asset";"a4d192eef4d452e40b46329edbb81f7d";"8e8f027cada21e6f98c05f83bea2c5e7d8ad793384f96c7d5d5e17c998d3a7a5";"4b5d5dabf9fdf4f81f7f8a8812c500d807fe9ddf8ac42412385f76b1aa78f4e2";"5486";"2026-08-14T15:56:57.8737326Z"
"Assets/_Game/Art/Buildings/Meshes/BLD_035_Floor_Unterzug.asset";"c6a4eac2bfb18714eb8963f44ef1e80a";"8e8f027cada21e6f98c05f83bea2c5e7d8ad793384f96c7d5d5e17c998d3a7a5";"aa5377fc05cc8869fb868e6d32686efbe7867d6042fbbaed162c3fa2529c90a9";"5486";"2026-08-14T15:56:58.0778421Z"
"Assets/_Game/Art/Buildings/Meshes/BLD_036_Floor_Nagel.asset";"f8c59b2c52ca54445801becf1585fa57";"e3d02a7ccb024af6420710bad859a468a7a42db9edd0b5aacfa711b1ac8a1c36";"34e782a1e9eb093ebf4310acd5fef3cf45c2c6488eca2e202e45795d6ef2eb6b";"5494";"2026-08-14T15:56:57.9976339Z"
"Assets/_Game/Art/Buildings/Meshes/BLD_037_Floor_Nagel.asset";"dcc47b95c0c5e6a49bbb86c3fbec03d8";"e3d02a7ccb024af6420710bad859a468a7a42db9edd0b5aacfa711b1ac8a1c36";"6133905e768367c7c9e2091e9731bf4ac10af7b25cda9a468fe9a1c6d01662f6";"5494";"2026-08-14T15:56:57.5080227Z"
"Assets/_Game/Art/Buildings/Meshes/BLD_038_Floor_Nagel.asset";"900773b25637872428dad607eb26acf2";"e3d02a7ccb024af6420710bad859a468a7a42db9edd0b5aacfa711b1ac8a1c36";"49053c0f28e4db6b1132db106a81b3977c8da952a5921536668271607c56f27a";"5494";"2026-08-14T15:56:57.2553852Z"
"Assets/_Game/Art/Buildings/Meshes/BLD_039_Floor_Nagel.asset";"357d0227999a7da4e95a1155c6dd9471";"e3d02a7ccb024af6420710bad859a468a7a42db9edd0b5aacfa711b1ac8a1c36";"b6cb284d3ee60d2bd4c4d0c092c989e3596414b2c2ef0b6d2b2d92d675a0e42a";"5494";"2026-08-14T15:56:57.8005879Z"
"Assets/_Game/Art/Buildings/Meshes/BLD_040_Floor_Nagel.asset";"a88418537bf9a054c8e5176bd7df170c";"e3d02a7ccb024af6420710bad859a468a7a42db9edd0b5aacfa711b1ac8a1c36";"c97b9e66617022ad4880e9187d1ce37ddccd8cf755b95674512662f61630b819";"5494";"2026-08-14T15:56:57.3244320Z"
"Assets/_Game/Art/Buildings/Meshes/BLD_041_Floor_Nagel.asset";"435a0e493a58de8448235692cb3ebc75";"e3d02a7ccb024af6420710bad859a468a7a42db9edd0b5aacfa711b1ac8a1c36";"822307ed552d419ed70639724c0f47285e32cf02e48b72f79c4a1970e323a8f6";"5494";"2026-08-14T15:56:57.5862915Z"
"Assets/_Game/Art/Buildings/Meshes/BLD_042_Floor_Nagel.asset";"1de10f790cf9de043be6c76423dca4e4";"e3d02a7ccb024af6420710bad859a468a7a42db9edd0b5aacfa711b1ac8a1c36";"482e094b04e41b8be46915597bfd483f8aa4e359124d6711ba1e64f905c8ece5";"5494";"2026-08-14T15:56:57.3037214Z"
"Assets/_Game/Art/Buildings/Meshes/BLD_043_Floor_Nagel.asset";"345e51ef94438674c979d21854479d76";"e3d02a7ccb024af6420710bad859a468a7a42db9edd0b5aacfa711b1ac8a1c36";"e16e0d884ebd97613ed147380a0219d6770a5685b62a7f2c9a7124bc2ea40810";"5494";"2026-08-14T15:56:58.2048077Z"
"Assets/_Game/Art/Buildings/Meshes/BLD_044_Farm_Furche.asset";"49a8ad9111cebe04482eb00c07aaea21";"2e33707d6429f541496d35250bab0f957fc72df16bdae66640e72a1352733913";"bcc21dc7804f00a06e1ffc549170854341d97ebf058cc43c1f6621bf80bbfa29";"5486";"2026-08-14T15:56:57.2895331Z"
"Assets/_Game/Art/Buildings/Meshes/BLD_045_Farm_Furche.asset";"ed05581849c9a4a4fb182b4ebbda9319";"2e33707d6429f541496d35250bab0f957fc72df16bdae66640e72a1352733913";"0901456be16a417063c6171c8368452e6b0afc6c9129923543fe2639911a4c09";"5486";"2026-08-14T15:56:57.4145736Z"
"Assets/_Game/Art/Buildings/Meshes/BLD_046_Farm_Furche.asset";"12b93aac0ec77844e8178ec57bcba3b9";"2e33707d6429f541496d35250bab0f957fc72df16bdae66640e72a1352733913";"10a7ca5590714bed233eb98855bfc6e250de2130a748d8325287e670a235922b";"5486";"2026-08-14T15:56:57.7178466Z"
"Assets/_Game/Art/Buildings/Meshes/BLD_047_Farm_Furche.asset";"57aa09c21217bb84788e35be7a62cfa5";"2e33707d6429f541496d35250bab0f957fc72df16bdae66640e72a1352733913";"41b4a9dc4d1952ebba5ce0da84a0296777989cfd9b373654a22bd0ac38870a1e";"5486";"2026-08-14T15:56:57.1842580Z"
"Assets/_Game/Art/Buildings/Meshes/BLD_048_Farm_Furche.asset";"afb0173137be5344fa7e27458dad7658";"2e33707d6429f541496d35250bab0f957fc72df16bdae66640e72a1352733913";"31c98c44cb5b2a4cdf67a88ce0f8bddb990fc83055ea9ebb7c206d9d71816e33";"5486";"2026-08-14T15:56:57.5712755Z"
"Assets/_Game/Art/Buildings/Meshes/BLD_049_Farm_Furche.asset";"ee6d0fe79f633884ebcf5063f6970a4f";"2e33707d6429f541496d35250bab0f957fc72df16bdae66640e72a1352733913";"f5ce8c535ad9e6aab1ded76d6c1d0c1feb5bbd73491904cd8dc0a9acd9e3f92e";"5486";"2026-08-14T15:56:57.5722749Z"
"Assets/_Game/Art/Buildings/Meshes/BLD_050_Farm_Furche.asset";"a70e6fa5e67f4fe4aa12451adbe6404d";"2e33707d6429f541496d35250bab0f957fc72df16bdae66640e72a1352733913";"23929dfc61b715dfbb46c9d6583f914cddda8e391a5feb3b0dfdf0774dabe01f";"5486";"2026-08-14T15:56:57.4648342Z"
"Assets/_Game/Art/Buildings/Meshes/BLD_051_Farm_Furche.asset";"50d7996e40d53a14a8ecb32e1deb98ac";"2e33707d6429f541496d35250bab0f957fc72df16bdae66640e72a1352733913";"58ff1db9b1cda7d3a59dc97840462ee19517a4cb6d8450cbaa83f98ee22db69d";"5486";"2026-08-14T15:56:57.6100568Z"
"Assets/_Game/Art/Buildings/Meshes/BLD_052_Farm_Furche.asset";"a45d7a42427edd346ba05246ae0a524e";"2e33707d6429f541496d35250bab0f957fc72df16bdae66640e72a1352733913";"bcc3e47ded9e1baddb5ebbf960891b7b193d4b69dad4fb8cecbdfc7c5ba8aefd";"5486";"2026-08-14T15:56:58.0533847Z"
"Assets/_Game/Art/Buildings/Meshes/BLD_053_Farm_Furche.asset";"27c75d18ebf75144a8fe85fe02c0d62f";"2e33707d6429f541496d35250bab0f957fc72df16bdae66640e72a1352733913";"1f37a1d0e1bdd0d900db82c08dc8218871972c4fa18fa5f5e28727027998cc22";"5486";"2026-08-14T15:56:57.9828343Z"
"Assets/_Game/Art/Buildings/Meshes/BLD_054_Farm_Furche.asset";"d5f53d7d88ba5bb4bb483994523fba1e";"2e33707d6429f541496d35250bab0f957fc72df16bdae66640e72a1352733913";"83dee0716f80300e2b720e7f573392c56995ee79ef916e40abca94244fa4b8f6";"5486";"2026-08-14T15:56:57.3263657Z"
"Assets/_Game/Art/Buildings/Meshes/BLD_055_Farm_Saatmarker.asset";"e274884bd3f4b5948a285e8b55d10d61";"b7a860f2386f51e3adcc3990fc10ea09d6583fd89e599b9d0681026f513201bc";"facf31c54ba0d66fbf67e30d87c34379b0e2e2381bf9ac340402e8b0470124bc";"5490";"2026-08-14T15:56:58.1716589Z"
"Assets/_Game/Art/Buildings/Meshes/BLD_056_Farm_Saatmarker.asset";"5c272dc593f384c4eb8d579968e8767a";"b7a860f2386f51e3adcc3990fc10ea09d6583fd89e599b9d0681026f513201bc";"19817f544bf33615ae7f802066d92991c83b1ab87076d2776635ab86ebc26e51";"5490";"2026-08-14T15:56:57.3964292Z"
"Assets/_Game/Art/Buildings/Meshes/BLD_057_Farm_Saatmarker.asset";"2bc813e49534a0e4aaa010d8e32b8c0e";"b7a860f2386f51e3adcc3990fc10ea09d6583fd89e599b9d0681026f513201bc";"7d657a167939b66c487cbd15f42d5f37f1d9538c50d9f444b627fe94227dc293";"5490";"2026-08-14T15:56:57.6995498Z"
"Assets/_Game/Art/Buildings/Meshes/BLD_058_Farm_Saatmarker.asset";"d5b96a5e41fab81408a95bb978477dcb";"b7a860f2386f51e3adcc3990fc10ea09d6583fd89e599b9d0681026f513201bc";"4bc2ad60a7f1e316a989c7a1e2dcb54cd94efd886048a5f5a8e29b807fc3239c";"5490";"2026-08-14T15:56:58.1877640Z"
"Assets/_Game/Art/Buildings/Meshes/BLD_059_Farm_Saatmarker.asset";"37c00d0785fc29a4ca9f53c4d0671966";"b7a860f2386f51e3adcc3990fc10ea09d6583fd89e599b9d0681026f513201bc";"3ecdde0931895880550f18a573263572a386a5d41481e117039ce4c9c00c77e7";"5490";"2026-08-14T15:56:57.8848866Z"
"Assets/_Game/Art/Buildings/Meshes/BLD_060_Farm_Saatmarker.asset";"be79e353276342c4198835e857529b66";"b7a860f2386f51e3adcc3990fc10ea09d6583fd89e599b9d0681026f513201bc";"14b3bf5340bd31e2a1f45fff4a18b90059f28450276926f7641334aa0d2463c9";"5490";"2026-08-14T15:56:57.6070200Z"
"Assets/_Game/Art/Buildings/Meshes/BLD_061_Farm_Saatmarker.asset";"14a841eb8d4783f419800af553402060";"b7a860f2386f51e3adcc3990fc10ea09d6583fd89e599b9d0681026f513201bc";"75902339ec3c4278be12acd35dfe5fd547b4c0fab2ae7ae1cbba61d3c7c0ff27";"5490";"2026-08-14T15:56:57.9673161Z"
"Assets/_Game/Art/Buildings/Meshes/BLD_062_Farm_Saatmarker.asset";"ea3ab2a1285672741bbeefc05b0f3226";"b7a860f2386f51e3adcc3990fc10ea09d6583fd89e599b9d0681026f513201bc";"82cc1fffc070d540dfd8ec1f039c068e29c492cdcd5e34d47728b1a2d2c8f87e";"5490";"2026-08-14T15:56:57.1610294Z"
"Assets/_Game/Art/Buildings/Meshes/BLD_063_Farm_Saatmarker.asset";"e61e4ecc9d708ba48ab402e0c98273ed";"b7a860f2386f51e3adcc3990fc10ea09d6583fd89e599b9d0681026f513201bc";"2a04fae5c22a57672bd525f2992eeb9ddd24e9f563a4bc23c0149b033a7c96aa";"5490";"2026-08-14T15:56:58.0932734Z"
"Assets/_Game/Art/Buildings/Meshes/BLD_064_Farm_Einfassung.asset";"3f230395e0688b54fa272d84caa049a2";"14887876acd135d796a800d5a20ac6de64e18601eee76a814d66ca89a0aa622e";"73b6c7eb9edeb6ec53556aacbf0d33b106e8269741f9f842531a96864671275f";"5490";"2026-08-14T15:56:57.3833443Z"
"Assets/_Game/Art/Buildings/Meshes/BLD_065_Farm_Einfassung.asset";"afb110bbec5327843baf8858807b0af6";"14887876acd135d796a800d5a20ac6de64e18601eee76a814d66ca89a0aa622e";"347fa5ed7f1799825b3192f0a2243fbea518b5a1b5836e30afe658034a3c73dd";"5490";"2026-08-14T15:56:57.3954246Z"
"Assets/_Game/Art/Buildings/Meshes/BLD_066_Farm_Einfassung.asset";"4363c7898bf8bd54ba5b8360b8d042a8";"6187e7f7ba39c1b65674059f899e5f2771266145ebdaef37f119bc1381e543d5";"87824cc8e3bc0e0f9c303a056323c2254c0759637c34028f100454f6ddb836bb";"5490";"2026-08-14T15:56:57.8593239Z"
"Assets/_Game/Art/Buildings/Meshes/BLD_067_Farm_Einfassung.asset";"7b0d924fe317fdd4cb4101d3e54a440c";"6187e7f7ba39c1b65674059f899e5f2771266145ebdaef37f119bc1381e543d5";"729039cbc0ac968906a70cdfa8ea347ca669fb240871b124d1144b9133bffa07";"5490";"2026-08-14T15:56:57.0784428Z"
"Assets/_Game/Art/Buildings/Meshes/BLD_068_Farm_RechenStiel.asset";"7f94611699550b944a196f7e2ae079f2";"f48ac05270c85ea177e5efed8ec03131119cbe08376848301336da1f1e27b2e7";"0d71f6c85dfa86afb1109abe984aae1368c9bf5ea9c6a013678da72429a98eb4";"5490";"2026-08-14T15:56:57.3997497Z"
"Assets/_Game/Art/Buildings/Meshes/BLD_069_Farm_RechenKopf.asset";"c50aa9f82083c5642a13efe34b395745";"36bbf8b0171ecff5b19c210abb984a0bfa74fc20b79625fa1ecda021a4330d7c";"f71479ae017b5739a34c54651f5ab196e348122c02ac1ccf323983aabf3a1998";"5490";"2026-08-14T15:56:58.2072437Z"
"Assets/_Game/Art/Buildings/Meshes/BLD_070_Topf_Kessel.asset";"3e300dc23c09c6640b403a3fcd5ed134";"de4b70444098e9632cb6c661a341ffc3b441263ee6e01e1f3318d936e57a0d74";"8ddaadcf2bcb49a9d3aa50dde9eade3639b3490f16d8ff2ad79dc063714d9da3";"16046";"2026-08-14T15:56:58.1246489Z"
"Assets/_Game/Art/Buildings/Meshes/BLD_071_Topf_Lippe.asset";"1072c4f9c1c4c1043b55b08530d2e818";"8cf3163989eccc96ccb79e91f9ec62b601153be95506b1054de13a3c6e327b05";"d0baf71420fcdfd1de42116799b4ddef58dda379aad6ff37bc08487b8f7514a6";"9301";"2026-08-14T15:56:57.3529318Z"
"Assets/_Game/Art/Buildings/Meshes/BLD_072_Topf_Inhalt.asset";"5f72603231f72df4b8cea7002c6f9d87";"016efb15825b51d2cc8d0107c4b0eb58b31b8fb608b7654889232549b8b85de0";"0488c92184921ebda5acc80c9aa078e27ad40d04f5de33dc82a45e968bdf79d4";"5490";"2026-08-14T15:56:57.7481567Z"
"Assets/_Game/Art/Buildings/Meshes/BLD_073_Topf_Bein.asset";"5b0a53e59f3be4e419bde1ecb0ee18c2";"0fdbadbff019513d91363ccbe2e5979e13eca3ec59aaa2e7a3daf5607b1f6fec";"42e605a44b539569f021d5dd558fa251f5737bb8a2bb0624b56d4e1a34af118f";"5490";"2026-08-14T15:56:57.8722285Z"
"Assets/_Game/Art/Buildings/Meshes/BLD_074_Topf_Fussplatte.asset";"b0273d46d76bb18449ba02fd59e0b0ed";"f9f4eceecf3ad469359d028701441f5ddfeb233924f7dd827515ff89cb9f2cd5";"f98cbc7097c4c704eea4bbf3ea1db909165940c02aa9b291cb9a214a977373d1";"5486";"2026-08-14T15:56:57.0949115Z"
"Assets/_Game/Art/Buildings/Meshes/BLD_075_Topf_Querbalken.asset";"4254d09d16ea27a4dbcc42a7417827fd";"ba9d44be7871c2852ddb8b246eb83a77c1c4b8d0613e26cebba576b7f9bd615a";"4e46e3d4d67bd427fad95112993b938df242fe7b189315af1973457dcc09ce31";"5486";"2026-08-14T15:56:57.8874045Z"
"Assets/_Game/Art/Buildings/Meshes/BLD_076_Topf_Bein.asset";"c51420f481a82c74d93bca69651e0b2d";"0fdbadbff019513d91363ccbe2e5979e13eca3ec59aaa2e7a3daf5607b1f6fec";"1a97c485e369d1adfd6cd9048cdb5455caac690e67e59d8bc673ce73f18b342c";"5490";"2026-08-14T15:56:58.1938685Z"
"Assets/_Game/Art/Buildings/Meshes/BLD_077_Topf_Fussplatte.asset";"66e0d607d4beab0409226a53876929db";"f9f4eceecf3ad469359d028701441f5ddfeb233924f7dd827515ff89cb9f2cd5";"7d5c88362b4674e614fa8bc270eecaf90dfbcce6e1b32ec0c989199121021d36";"5486";"2026-08-14T15:56:57.2532664Z"
"Assets/_Game/Art/Buildings/Meshes/BLD_078_Topf_Querbalken.asset";"87f86fe1b852acc48b22219f0bab1bb8";"ba9d44be7871c2852ddb8b246eb83a77c1c4b8d0613e26cebba576b7f9bd615a";"d708053c4d5b130d67bda0b86bee337d7e721fe9f9bec6de1ed8893e6de0c3df";"5486";"2026-08-14T15:56:57.5437119Z"
"Assets/_Game/Art/Buildings/Meshes/BLD_079_Topf_Bein.asset";"101386e580fabef47a5b438caf04b9e5";"0fdbadbff019513d91363ccbe2e5979e13eca3ec59aaa2e7a3daf5607b1f6fec";"e1c1d564cde314734b0b6bef1f02e8f9909da6902cfc8c830b5f251f50e250a3";"5490";"2026-08-14T15:56:57.7836665Z"
"Assets/_Game/Art/Buildings/Meshes/BLD_080_Topf_Fussplatte.asset";"003088a8d92a98747ba44135359af8b7";"f9f4eceecf3ad469359d028701441f5ddfeb233924f7dd827515ff89cb9f2cd5";"87a0dba711ab4dbffb505839af86abbe233d4a69b5db5d274245704616058bb9";"5486";"2026-08-14T15:56:58.0523705Z"
"Assets/_Game/Art/Buildings/Meshes/BLD_081_Topf_Querbalken.asset";"b5516bc72ff552946a1d71ecd953f586";"ba9d44be7871c2852ddb8b246eb83a77c1c4b8d0613e26cebba576b7f9bd615a";"60628982f708f8cb744f20c6d7324ea859eee3c7b724683561ef1fdf81a6b053";"5486";"2026-08-14T15:56:57.1956361Z"
"Assets/_Game/Art/Buildings/Meshes/BLD_082_Topf_Griff.asset";"ff3be54c64a85ac4caf2815dc7be2199";"836678bbdfc58a274f9d8338ed0945378326b2525feaff9d4cfbdfe60237aec2";"c629bf774f6ef850d17cf707314bbca6dd2927d841606d31f3cd975a124a7931";"5486";"2026-08-14T15:56:58.1887675Z"
"Assets/_Game/Art/Buildings/Meshes/BLD_083_Topf_Griff.asset";"1a66149b499c4d143a9441071449e16c";"836678bbdfc58a274f9d8338ed0945378326b2525feaff9d4cfbdfe60237aec2";"2c9bf54a7835b3ad32f6a2488dcd479190abec283acb78ea65b80dc24ead91a1";"5486";"2026-08-14T15:56:57.9583626Z"
"Assets/_Game/Art/Buildings/Meshes/BLD_084_Topf_Deckelstuetze.asset";"ee7f8355acd875241a48d5c98f8162fb";"8c11eae5a9b11b52b27809f00fd03d1b82273fde40ae9b1e95e8a5049f55fba8";"bfc2baf7f50a5f26f7b7bd06ad144f3da1c9067f30643ec99a5d2e7fd281839a";"5488";"2026-08-14T15:56:58.1123357Z"
"Assets/_Game/Art/Buildings/Meshes/BLD_085_Topf_Aufhaengeoese.asset";"4ab53552ef104274d940dda8878a25fa";"4ebe63c247021635fd3f72707319a6943f304abbb5616aeff35b036950beb0b0";"c4ddbeec0981d9f25e4db5b2242542efbc8d51e7527eb3ecc1be8ae35c8d81a4";"5486";"2026-08-14T15:56:57.9996390Z"
"Assets/_Game/Art/Buildings/Meshes/BLD_086_Topf_Herdstein.asset";"7d4472d3f271407419a1b32696ebbf15";"56e4ba0236fedf9baf1fc4679813ce136e1e70c98e3f0dd6fd6fb4d421bbf922";"ca59a759220c06a86f1cb30aa1628cf1c7d0eae98713a9e5b9c9ff8e3365d3eb";"12042";"2026-08-14T15:56:57.4822627Z"
"Assets/_Game/Art/Buildings/Meshes/BLD_087_Topf_Herdstein.asset";"597ad326b2d5ba441977f4da7a3c47e0";"def4dcc6378a1c17270df5079db58a002a244cab4a0bf3b77b28a69a097ad257";"2034b2d4bc4389b413635a6f1d2dac9dc0587868a948a9d08817f1263f26cc06";"12042";"2026-08-14T15:56:58.0800230Z"
"Assets/_Game/Art/Buildings/Meshes/BLD_088_Topf_Herdstein.asset";"9d5dec784a0406d4189f52bd0907fb7d";"56e4ba0236fedf9baf1fc4679813ce136e1e70c98e3f0dd6fd6fb4d421bbf922";"6290a158fe1fafef7b97cbc42eef98dbe696da84735bcafd37197b49ae58b4b1";"12042";"2026-08-14T15:56:57.9858810Z"
"Assets/_Game/Art/Buildings/Meshes/BLD_089_Topf_Herdstein.asset";"7058087504881a44ab559d33f983ce48";"def4dcc6378a1c17270df5079db58a002a244cab4a0bf3b77b28a69a097ad257";"b889e0d742a8f83a2fc00d3b8aeb0c61aeb4707b4b87b6f3ef1cb74646ccab24";"12042";"2026-08-14T15:56:57.7360528Z"
"Assets/_Game/Art/Buildings/Meshes/BLD_090_Topf_Herdstein.asset";"2543966bd442a2e4b9786d536849738e";"56e4ba0236fedf9baf1fc4679813ce136e1e70c98e3f0dd6fd6fb4d421bbf922";"abc594148777bca90304cbbb6c63e14a98213b9dbe7929cfda7efce82a430f57";"12042";"2026-08-14T15:56:57.8879097Z"
"Assets/_Game/Art/Buildings/Meshes/BLD_091_Topf_Herdstein.asset";"d490b265c52f7cc4390d29f31e6064eb";"def4dcc6378a1c17270df5079db58a002a244cab4a0bf3b77b28a69a097ad257";"710df088068114550afbc29524c7388ed71d542441e46c452e4994ebfe531a13";"12042";"2026-08-14T15:56:58.0399114Z"
"Assets/_Game/Art/Buildings/Meshes/BLD_092_Topf_Herdstein.asset";"4dce9805256cbab4996a1d53f1b6006f";"56e4ba0236fedf9baf1fc4679813ce136e1e70c98e3f0dd6fd6fb4d421bbf922";"8922485d2bafbd06831636d821fb07aca6de5a83f09fb211a425fd84e926fca1";"12042";"2026-08-14T15:56:57.5461170Z"
"Assets/_Game/Art/Buildings/Meshes/BLD_093_Topf_Herdstein.asset";"ff0db9c211adff9479af5f0ad640a487";"def4dcc6378a1c17270df5079db58a002a244cab4a0bf3b77b28a69a097ad257";"158fafb910c6debec27808d82bc43fa3c01229f39b501dd68aa2c2510cb51607";"12042";"2026-08-14T15:56:57.2281655Z"
"Assets/_Game/Art/Buildings/Meshes/BLD_094_Topf_Herdstein.asset";"ad1a17ad69139a9469596b3f823c9e2f";"56e4ba0236fedf9baf1fc4679813ce136e1e70c98e3f0dd6fd6fb4d421bbf922";"542efa1adc9c92a0f1a4ba4c1e2b37fd10d3a42a40fb09136dd181333923f437";"12042";"2026-08-14T15:56:57.8241049Z"
"Assets/_Game/Art/Buildings/Meshes/BLD_095_Topf_Glutakzent.asset";"89647ce46bcac3c4dbf7a7a133d39150";"4b42fbe725f7d5d50256938b61c7c2131ce41d5caf387a0e047b9a5e0a3d19b3";"c5ea2beb0e899803b8a7695cf0f7baf0c8b828be1b739a3a5f6863edb82441df";"5490";"2026-08-14T15:56:58.0585139Z"
"Assets/_Game/Art/Buildings/Meshes/BLD_096_Topf_Aschering.asset";"92a30c42c6663424eb5220b38ad7d391";"a61f0069dcdf259ec67aaa8c55a785b61eea01ce17323c972e8b3c457b0f50d7";"d9d7a7a3a9e0f652ed17191dd96e85897690cdeb8af5c2b77770320fa8f2e02f";"9281";"2026-08-14T15:56:58.1766880Z"
"Assets/_Game/Art/Buildings/Meshes/BLD_097_Topf_Kohlenest.asset";"aaff3972696075345819d523cdf87bfe";"75d77cba8b61c3f3b1caea4af01d2a5e15222d5a384f08b0cef0096d33932d0a";"49a5c77bc09f3f54dfe6f72f9fece1ddbc9a8c57290757ef2cec9492182c49f1";"5490";"2026-08-14T15:56:57.7010592Z"
"Assets/_Game/Art/Buildings/Meshes/BLD_098_Saege_Grundgestell.asset";"9b445a0be3f43ac4bade8a4772274b37";"170e9b678c00ce278242bbe8bcbaaf0fd2078dc793f0ef81294503e8a42b228a";"7540d9547e64e391a1c470236513faf157bb23b7dcd56daa35e3670d87bd49da";"5490";"2026-08-14T15:56:57.7198272Z"
"Assets/_Game/Art/Buildings/Meshes/BLD_099_Saege_Stuetze.asset";"c84b2d441c086c043bdddc4f39b71ca6";"543403d5b53b072a85385fe3ef5064d230e6a6bd3498a6458fa8b4dfcf4f8bfb";"a81d54bde66d97f0be6636a7565f353dd979db92cdb6c395fa8c62cdb5bef0ac";"5490";"2026-08-14T15:56:57.5737007Z"
"Assets/_Game/Art/Buildings/Meshes/BLD_100_Saege_Stuetze.asset";"7c52bed6c988db04688b43850d8fa9ae";"543403d5b53b072a85385fe3ef5064d230e6a6bd3498a6458fa8b4dfcf4f8bfb";"cb53fc7f132ce654bfabcb8654edd37c654d55845fcadd3129c75ac118f46d9b";"5490";"2026-08-14T15:56:57.8570070Z"
"Assets/_Game/Art/Buildings/Meshes/BLD_101_Saege_Ueberkopfbalken.asset";"794bbf0b1dc8b1847a56b27deb6638ed";"15fb42b915b8834780b612f9a1a99419a32be7e9fe232f5ec7566252190aa57d";"155e5ee59b3952dd6fec4b1fd6539851954124d043f8ae997460f75a3081b08b";"5486";"2026-08-14T15:56:57.6151390Z"
"Assets/_Game/Art/Buildings/Meshes/BLD_102_Saege_Stammholz.asset";"3a899d09029fbe9419eaf9e0bb6fd510";"342111a0a71bd046cc83937a3294429b71943f331e9d3cd73552e117693765d2";"791ab1725d1af5a10df68afb4226017f314696207640a80f04ca68f01bf1691e";"5486";"2026-08-14T15:56:57.6862951Z"
"Assets/_Game/Art/Buildings/Meshes/BLD_103_Saege_Saegeblatt.asset";"c08693441b8fc414f893ed316791793d";"2a583eb0b576b40596dfa64082f5e0c1265931ac5eb6163f828a4c561167ab04";"736039f8756bb9b79d8b867c8106833c9cc3e55a24f6b995522b82805f90d7af";"4959";"2026-08-14T15:56:57.7736203Z"
"Assets/_Game/Art/Buildings/Meshes/BLD_104_Saege_Fuehrung.asset";"1caa50cca2b4ef34bb5bf1fa6bf8000b";"a23dc28fafac9a052f6b8b87dc505a1921d70197c087285086310a048e091818";"3f80b3de81db479bb54d1387f48890787b020e84b97465a76561e9ed0649bd27";"5488";"2026-08-14T15:56:57.5099616Z"
"Assets/_Game/Art/Buildings/Meshes/BLD_105_Saege_Kurbel.asset";"dafcce497d805354b914c0bf4df0c871";"e1633111162fbec59237ac3999ebda4f79afeea16ded17bdcb3fd8f5f70c309c";"3f0495fa8ab2bd572a0dc13f1d88b9eeb0aa931b49725d4e392cf91502ef9d01";"5486";"2026-08-14T15:56:57.9008029Z"
"Assets/_Game/Art/Buildings/Meshes/BLD_106_Saege_Kurbelgriff.asset";"14bd031cff4544546938636074b1ec5a";"520a804776fa37cb3ba0a96879535f73d33b59439d9dd540ff0c33bade43143f";"89a83dac80b9f5044cefb97b1ac97a3b93ffef26fa37161eec281cfb0704f475";"5486";"2026-08-14T15:56:58.1401500Z"
"Assets/_Game/Art/Buildings/Meshes/BLD_107_Schmelze_Ofenkorpus.asset";"955acda8d57c79d498fcfb44a4f73272";"17cf3b04d1cb129e030c281ccd1431739c6dfbca1a205b5d89437a52e1bdd375";"41b134d9b7f5e21b193f3912dfb174602c04e8f5df86856cb0a9b82c12727809";"14788";"2026-08-14T15:56:57.2661560Z"
"Assets/_Game/Art/Buildings/Meshes/BLD_108_Schmelze_Feuerloch.asset";"26a529544f3ab494fa590a0dc415a1d0";"54f1f560f764880fdcdb023e98a58d879c8935dbef1b27247f6a1b8058f96a99";"9018eed303fb3f342085e67931bc7488d50ace95bd052c15a9cf9143e324cb23";"5492";"2026-08-14T15:56:57.2788931Z"
"Assets/_Game/Art/Buildings/Meshes/BLD_109_Schmelze_Kamin.asset";"bfe997dcb9ca48b4889c1c43eba3908b";"20f7a215bcbda4a63826a0e254b087f1af0af7326991b8f251db56faa24e8108";"88259c1f0ef1affa0eaa24eeb613252288ed9e68f6acbbf489cf2957c46c829c";"5494";"2026-08-14T15:56:57.3650828Z"
"Assets/_Game/Art/Buildings/Meshes/BLD_110_Schmelze_Kaminkappe.asset";"ad5fec3076af73c4d9a93570730acb7e";"e2d08850cadd416888e54d7c094ff4cd22935917325de2521b2f363cb560da80";"bf021f11302099bf5401a1268877fc039cb49691b8d3afd34b6f7469cd433af6";"5490";"2026-08-14T15:56:57.4672673Z"
"Assets/_Game/Art/Buildings/Meshes/BLD_111_Schmelze_Balg.asset";"cf578d62f164d9a4dbc0a335e7a95aa2";"c466fbf5f5c230d548f1a4e43717b62513f65719fe80d907ef8692c46960f31a";"57f11b0084b1617631df4dc2ade839f243f9f417a3468279870c404da32a2a9a";"5486";"2026-08-14T15:56:58.0146340Z"
"Assets/_Game/Art/Buildings/Meshes/BLD_112_Schmelze_Balgduese.asset";"8ff856a3b1779cf4ab4e3cc6712234f5";"bb5e05786991b754f93942907070b25219b195e0f1a65aaf644f0ed5e71a9010";"f16ee48c1596ccd9e25df615c99b8e07bb0c12a20aa596ed99a9b6b490914d5f";"5488";"2026-08-14T15:56:57.9452247Z"
"Assets/_Game/Art/Buildings/Meshes/BLD_113_Schmelze_Tiegel.asset";"a43b92a65db5d2c40835472c8a2da878";"d966f3ec740a04317a31bfa3bf687c4adb3fc130959e419615eeedd4680df68c";"c81578cb0ba36bed8db6879ca83ec4a53c61a25c92839cad4d016dedfaf87d0f";"9287";"2026-08-14T15:56:57.3295350Z"
"Assets/_Game/Art/Buildings/Meshes/BLD_114_Schmelze_Barren.asset";"5fc39196cce5c2940a986378077b8a8a";"343d3895c0d2d5f6b2365fffd46a9c949a44fcacfb7ed02e4b5c1f0548e4904a";"8de172cd0f7efd2ecad819275e908fd0d20ad0ff24889421c5123aa1421847f8";"5486";"2026-08-14T15:56:57.9727714Z"
"Assets/_Game/Art/Buildings/Meshes/BLD_115_Schmelze_Glutakzent.asset";"a1818bcbbf3bdfe43bb671cdd90bb113";"eb03168f9e77018107b70682b8a4c7668370d76cf95de1137dc5530d5852920c";"0584c75e6d88ac7f11ece9dcd28ffbbbd5113c98bd2babe1b776bbeccefac238";"5488";"2026-08-14T15:56:57.9294169Z"
"Assets/_Game/Art/Buildings/Meshes/BLD_116_Schmelze_Sockel.asset";"1eba4557d13616940a625d314aa055d6";"4192b429261de5332788591b6cfe4c619eca7cb30d49cf760e8cca6c5459cd80";"4763e114ffec48923a3806ed81bfaed3dfd2202239029f0672f413130a937aef";"5486";"2026-08-14T15:56:57.4346714Z"
"Assets/_Game/Art/Buildings/Meshes/BLD_117_Schmelze_Stuetze.asset";"d996ddef9e6bffc429148e58eafdc61c";"4999f70b551a191e054d01a7cddfb21bc0e4a4b0f509246d1a9e51f3ccaa752c";"75ca9f35d9995d9107bb016218a63696c2aaa345b1b7d0f38c924a8bb414a97b";"5486";"2026-08-14T15:56:57.6485975Z"
"Assets/_Game/Art/Buildings/Meshes/BLD_118_Schmelze_Stuetze.asset";"22e967c6f761e85459bddd1bdd1d3239";"4999f70b551a191e054d01a7cddfb21bc0e4a4b0f509246d1a9e51f3ccaa752c";"d36ac710cd502574b5aab6efac1fa0d57aaa8896d752a9c763ea735542e2a1d7";"5486";"2026-08-14T15:56:57.6614449Z"
"Assets/_Game/Art/Buildings/Meshes/BLD_119_Stein_Schneideblock.asset";"f0007fde8d2cac040937ae04bf936e51";"2a0a8b6d3c8994bed93da32423eada061be6806cd12b9057a940145497a3c316";"91835244db64b4ec8584e695192928198405118b3714267c4266ec1794442a2c";"5486";"2026-08-14T15:56:57.1348354Z"
"Assets/_Game/Art/Buildings/Meshes/BLD_120_Stein_Steinplatte.asset";"4de04aed740e5f94eacae744afdfd9de";"2abaaab13491e7e5c31b62250cccfd86b7888d509f6a2ce77a3cd2af0cb193d5";"b186702a9dfe519c1940be401f34d124a845b77ede8ae1378b129ad1bfcdf65a";"5484";"2026-08-14T15:56:57.5882916Z"
"Assets/_Game/Art/Buildings/Meshes/BLD_121_Stein_Klingenrad.asset";"d9a410b0a412a91468f36b1cbfa62e74";"f8e80b2d25a4d25c25251b35f04fde7b861924b286c298657220221b4cd05a17";"ed9805026e64adf7b052f5c786cd9ff6332ec271be9c61b3f29c8dd1e60b6bbc";"9265";"2026-08-14T15:56:58.1610026Z"
"Assets/_Game/Art/Buildings/Meshes/BLD_122_Stein_Achse.asset";"b305e8e1fdbb8b24491053d822cfb06d";"f9c0e358c72f505675bb8449a22b00bdcc95b9de1e26c020097031b653f9a119";"df52bcb5dd04f2ae792c0f8cb2003e68825271d4d5551ad25cdfc7444bf7879d";"5486";"2026-08-14T15:56:57.5214556Z"
"Assets/_Game/Art/Buildings/Meshes/BLD_123_Stein_Kurbel.asset";"fa5a0f42c1da1bb448bfc98638d2897e";"82374730f38116f8b6f8092019cc65635b63141ae6fcd5f7132571a5f248aaf3";"9180504aef5344e0b3386fe5d16509eec712869c5695993e0bdabdb330650a4a";"5490";"2026-08-14T15:56:57.0568158Z"
"Assets/_Game/Art/Buildings/Meshes/BLD_124_Stein_Kurbelgriff.asset";"c617648daa1d22549831a91735f11c76";"52630816f32402dfed241f82e889ce968d1b1c4492cb8d53526b5e87a6756f52";"deeb6202e6f8f979813f7a57e608db30da5db4c129d1641c5dec394f96e96cf7";"5492";"2026-08-14T15:56:57.8620991Z"
"Assets/_Game/Art/Buildings/Meshes/BLD_125_Stein_Stuetze.asset";"b6055ed70d3b1fc4982988efb1b500ed";"b64991a6edd34ff9755ff60a13daa0364c49115bdb42c17103db6d5af72e538c";"2ee5f93baa07397f3921622264212ad6cb9d02cb70d7a0a1ca1f5347f1fd28ab";"5486";"2026-08-14T15:56:57.4170883Z"
"Assets/_Game/Art/Buildings/Meshes/BLD_126_Stein_Stuetze.asset";"0827d40e5dac8c64289dac85a86f68a0";"b64991a6edd34ff9755ff60a13daa0364c49115bdb42c17103db6d5af72e538c";"bece1fc1ee350398877b23d96a5c29af74bbe107b018a3252b4ba81c32ec23ed";"5486";"2026-08-14T15:56:57.4320649Z"
"Assets/_Game/Art/Buildings/Meshes/BLD_127_Stein_Schnittkerbe.asset";"f213d0f734584334e9b7e98647181c5a";"50a9d37d4b0ea86e4f7828cb1629db8adbb369cddad203ee7a3c191bf7e0da20";"294d1b45d2075cf64c505394799baf075eae687d7a045c4c88656e7320214e48";"5486";"2026-08-14T15:56:57.4525185Z"
"Assets/_Game/Art/Buildings/Meshes/BLD_128_Seilerei_Gestell.asset";"1d2c49737a498e84f8234d83706dc276";"25fcb972887b07e354397b8850df08da39f63356d3a4fd930bfcff65fdff7c8d";"bdce0254724575f622e8e6f035fd5d1cb01111d2404130e47dbd1d87f955f1ea";"5486";"2026-08-14T15:56:57.4939532Z"
"Assets/_Game/Art/Buildings/Meshes/BLD_129_Seilerei_Gestell.asset";"859d643cbe3c63c4ba281ec344af2adc";"25fcb972887b07e354397b8850df08da39f63356d3a4fd930bfcff65fdff7c8d";"4c2a657b2c9e714a8955392bf73fa1ec4aeac2dd44559ff693d0ad60055caaca";"5486";"2026-08-14T15:56:57.6840174Z"
"Assets/_Game/Art/Buildings/Meshes/BLD_130_Seilerei_Spannbalken.asset";"f5939684de355d14bb5c4a58bea52e48";"dd7065f742dc68ed80bbe5f09caafd12ab6de403788664f0775ae55d509f4e9a";"d08be112bd698f05609858bbfeb400785d9fd0cb711f909742c7c8dd05a2e8b2";"5484";"2026-08-14T15:56:57.2165526Z"
"Assets/_Game/Art/Buildings/Meshes/BLD_131_Seilerei_Strang.asset";"357fe2504e49f624da9708cfdd70aadc";"a9c6d259d6fdd280ec9d2bcbc64438951d86a97e7746b307ca368166d5a72f80";"983adaf9abda260b947367fbbc85147d04c410e6e12cbfe7735c6ab717c0d75b";"5486";"2026-08-14T15:56:57.1721939Z"
"Assets/_Game/Art/Buildings/Meshes/BLD_132_Seilerei_Strang.asset";"416ba16db00000440a8f21499f84003a";"a9c6d259d6fdd280ec9d2bcbc64438951d86a97e7746b307ca368166d5a72f80";"b526aacb8e0b8a89627b9a4a92cb889124ebed94ba3def8d9a08340c4f55f93f";"5486";"2026-08-14T15:56:57.9268775Z"
"Assets/_Game/Art/Buildings/Meshes/BLD_133_Seilerei_Strang.asset";"67d627a9483021b46bbf978b9b58cd71";"a9c6d259d6fdd280ec9d2bcbc64438951d86a97e7746b307ca368166d5a72f80";"c6cbfd8a690ef919369f1003bca016019b25bf96dba9f9254a4447568f39b3ed";"5486";"2026-08-14T15:56:57.2507539Z"
"Assets/_Game/Art/Buildings/Meshes/BLD_134_Seilerei_Antriebsrad.asset";"2e27a229eea11414fa964783c67549ab";"6a023a9783d5baa70cc62a3ad38cd1e0a5b46c1d3f40fc16091e801291b1af7d";"bbb84836fe22576a80f458376405cb6bd27557c29cd185fa55d8c353a09f8450";"9263";"2026-08-14T15:56:57.8424023Z"
"Assets/_Game/Art/Buildings/Meshes/BLD_135_Seilerei_Seilrolle.asset";"a91f84ab729eb424893c66b251f78b3e";"d77817a9181f9fcb88d2464bbbaf1614a605edbed2e63955e2dbfff4f7bc7390";"466ed340d804bae8cda1f6dd0d88dc5ddbb5e1d0f3cee521de88a1b0a4d1faa2";"9249";"2026-08-14T15:56:57.5591758Z"
"Assets/_Game/Art/Buildings/Meshes/BLD_136_Seilerei_Sockel.asset";"9cf93ad2eb208544caeab314f5ac37b9";"2f2793ed6396eec807ca522fb84e777c4a4340dc2386f6cdedd870cbeceedc16";"d81a7df179acae78dc8d4b90293e1f61819a6b7f14415619ff6f171178edcf8d";"5486";"2026-08-14T15:56:58.0280641Z"
"Assets/_Game/Art/Containers/Forge/Meshes/Forge_000_TaperedBox.asset";"0282a1ac68a12f74881f4df22359a8a1";"d13da24a9513c2113dd7ed33d47ae3edb233aefa68c4e1afb4e90fa504cc65f9";"feaa8ff750710c32899d985778c67f9450cce28c651166945c013bb0a550ec8e";"5528";"2026-08-14T15:57:00.1145574Z"
"Assets/_Game/Art/Containers/Forge/Meshes/Forge_001_TaperedBox.asset";"db08176723eeb4640a94a384076dd1d5";"f0d6274039c041171235c3d6a78345a46be25a9fa0166d50b26b9868b253aeb1";"2c0f2d657f1e56e29be8ac2ed45497031cf2fae52783c897ddee5289d1071e2d";"5490";"2026-08-14T15:56:59.6963617Z"
"Assets/_Game/Art/Containers/Forge/Meshes/Forge_002_TaperedBox.asset";"9f764bfe92288324c9acc5b3796332ad";"a61dbac00a24d88dc59f25493eac0aade9394d2b06daa53aa1080eba621a12a7";"5ff7a86c452a39eac6f04927d19725e5118d81e8ffa8d1a331674faea525e473";"5482";"2026-08-14T15:57:00.1635512Z"
"Assets/_Game/Art/Containers/Forge/Meshes/Forge_003_Loft.asset";"67da0a6b67c9fd24d8773df4945c61f6";"04179d40276aa65d1613df18191f666587ab73923159b6fe889bab895b0cc110";"a66b0960cd7dd58439f2e5109e2c89fb6cb8e5808f41730655c374c41b2c76a9";"8069";"2026-08-14T15:56:58.8456632Z"
"Assets/_Game/Art/Containers/Forge/Meshes/Forge_004_TaperedBox.asset";"a7415c4d9fa4550438b0548e04afc9fe";"52ef3b260ab3efe309b8f788f75affb455ae1f1a56fab082f4a3274ca29da888";"784b4922ecabc7ba746378c2c4b632c177c484803a42997cd06945a421696012";"5530";"2026-08-14T15:57:00.0188878Z"
"Assets/_Game/Art/Containers/Forge/Meshes/Forge_005_TaperedBox.asset";"710f23dd3cb35e04587d7e945618d4b8";"0a92f57630425ba37611c21ff1e6da64e7c0ef43a0dd90b462b9957c026586ee";"1fba3db9d56a7d663a006985bddc215bbc2feeeb976aeaff419bba137e525e48";"5526";"2026-08-14T15:56:59.8458219Z"
"Assets/_Game/Art/Containers/Forge/Meshes/Forge_006_TaperedBox.asset";"188bf120677e71548b3e6022b28c103d";"0a92f57630425ba37611c21ff1e6da64e7c0ef43a0dd90b462b9957c026586ee";"00ad85e7c73b4ebc36792de64fc6e58ac0e9709569c5efc9a6c765adcc76fa54";"5526";"2026-08-14T15:56:58.8574647Z"
"Assets/_Game/Art/Containers/Forge/Meshes/Forge_007_TaperedBox.asset";"ad885cc719006ba4ca9434ac6191e034";"d8efbc3f6499de650b0afcaaaf2ff3f9a5e51b4d22ad11c0c3bf61c769e13cb5";"227499c8a49aef203dac44b311ede0d2c50c2d65b3be0cad44d5141b1116109f";"5502";"2026-08-14T15:56:59.1160097Z"
"Assets/_Game/Art/Containers/Forge/Meshes/Forge_008_TaperedBox.asset";"2603c1cbea16dbc4ba15d8dc9fdb31d3";"10052764f7014a242b69b12c21e0179d303559d2172615ac1d02474b16427413";"9c24c3318b11ed14ab56b83a91cee146f6c146624cdf1b980b7d2b4e8e8ce25b";"5502";"2026-08-14T15:56:59.2517207Z"
"Assets/_Game/Art/Containers/Forge/Meshes/Forge_009_TaperedBox.asset";"f6df772a6cc76b740a9c21e12b0cafbc";"1bb9f17b09dd0a79dbaec6a8264ff96cd64acaca003199002af072ffed5dc392";"9c937ee151fa82a93fbdc7f6aeb05f133b12a03b272020e5230f72c9915a9d4d";"5506";"2026-08-14T15:56:59.6176732Z"
"Assets/_Game/Art/Containers/Forge/Meshes/Forge_010_TaperedBox.asset";"87f4ad5313a8d7e4eba67d7bf734e33d";"8e49c725b398f52db33fa19d48eda8a447b19433909ba59891faa6e2b7d0224b";"01d83ff1c493ad45927d1b51fcaddc777f1e08862d106d6d80aecb89ea1f5cc5";"5522";"2026-08-14T15:56:59.5217152Z"
"Assets/_Game/Art/Containers/Forge/Meshes/Forge_011_TaperedBox.asset";"f0e8c2a119dfe5945932957fbf636506";"b3e4a8bbf5546dd5bf1dcd927910f1498d4b81a190769d1417659c7768af6a1c";"9fc7d2c060ca42012abd63f0e601453f79b413d179ea3cc59c40ce6bd00a61ca";"5508";"2026-08-14T15:56:59.7695830Z"
"Assets/_Game/Art/Containers/Forge/Meshes/Forge_012_TaperedBox.asset";"479b26142e7a9554985a632d689700d4";"1f28c12c0d126ceba5fe8ef79ec7d6d6fbdfaee0579d0c2596d3968b70cf8a50";"31c506734180ed1c012ff7c7ed15326938b8dc6eeb6873b04b27203e7b75bec1";"5528";"2026-08-14T15:56:59.5701101Z"
"Assets/_Game/Art/Containers/Forge/Meshes/Forge_013_TaperedBox.asset";"5c739ad59d1fc0d41acebaf4eb1b2362";"fd35489f025a60974bdc4a0e96ed9b80bbde722163cc6bb0626e4340cd510fc6";"e1158291272c8b1504dcc3ef223cd924e9f947a6745bd939e6b70f53e5445098";"5492";"2026-08-14T15:57:00.1756665Z"
"Assets/_Game/Art/Containers/Forge/Meshes/Forge_014_TaperedBox.asset";"b9f7b7f7c9b0edf418b5bff468bdc933";"1a294b2e4db7d5d64c1c62e3c87c50803f911489dbbe22eae8a5703006e38f52";"b522a1b49cee255960bd5bd6d6f5cdefae761f8ab6c999db0a9d5938e2476feb";"5484";"2026-08-14T15:56:59.0480086Z"
"Assets/_Game/Art/Containers/Forge/Meshes/Forge_015_Loft.asset";"ab9bfa13c4fc0834e9007766515f728b";"3824c13e1556da5c26778b3833a5ecab0b3fed41a15bd9f5970db8e23d73e48c";"1158960782adc1752e04d9baa237efe244cd3c94c842105d46261061591e5c55";"8061";"2026-08-14T15:56:59.0360589Z"
"Assets/_Game/Art/Containers/Forge/Meshes/Forge_016_TaperedBox.asset";"22f3edc120464df4d9e45063fa1c9858";"0ddeec457b070de9c34adcd55379afed330bb6cf27ca6d7c81d5483308cf7c08";"1635a4820f508ecd3a3c2e7e7d95892adeaf90e4972f1ef633c8175b01ccd610";"5530";"2026-08-14T15:56:59.6555310Z"
"Assets/_Game/Art/Containers/Forge/Meshes/Forge_017_TaperedBox.asset";"f71dc9252e01db144afb89913e0d24c8";"bcd7f25b959df3a0412735aa214a1bb61f19612740f62b5053d7fc59ba8ac58f";"b5327d8a734d02a72736d504aead67add4b613394f2b526ce11a8d3da2757340";"5528";"2026-08-14T15:57:00.2796521Z"
"Assets/_Game/Art/Containers/Forge/Meshes/Forge_018_TaperedBox.asset";"e80c867b8d82f4247b1f6b3540d76845";"bcd7f25b959df3a0412735aa214a1bb61f19612740f62b5053d7fc59ba8ac58f";"0fb056e2935fa22bcd2ef4d963948e8c3affa112de13a2c73696287ed32b3e82";"5528";"2026-08-14T15:56:59.8602549Z"
"Assets/_Game/Art/Containers/Forge/Meshes/Forge_019_TaperedBox.asset";"f23e5ad1935550c439c26af0f7525aa2";"bcd7f25b959df3a0412735aa214a1bb61f19612740f62b5053d7fc59ba8ac58f";"c6db85614008591b8658a2fc64c88cc323b27f07344487022cd26e13f5f79294";"5528";"2026-08-14T15:56:59.4801857Z"
"Assets/_Game/Art/Containers/Forge/Meshes/Forge_020_TaperedBox.asset";"eb6defbffa343cc468e13388d054ec2c";"a1e4d114e040911752ba6e5d5fe807937603bc3cf95f1964e91996746000af33";"6f44919dee742f0011937a7f57d5ffd9454b3f755f30e1e1dcd8a7a9030d3992";"5482";"2026-08-14T15:56:59.9654186Z"
"Assets/_Game/Art/Containers/Forge/Meshes/Forge_021_TaperedBox.asset";"8df7ec353b28e1f46b1bf71f5dd30ec9";"202142617bf39a18a8dbed57e4b3788da1979e856bcffaa819d95c065ab3f280";"4e591ed6198f142bfe4eb19dfaaf048694c2ff30d5ac765460e564685ae6ef32";"5510";"2026-08-14T15:56:58.8808096Z"
"Assets/_Game/Art/Containers/Forge/Meshes/Forge_022_TaperedBox.asset";"9107f1d3f422cbb4fa0c1a557a347622";"fc8be50120483e3999638fc0975d1439a218e38207696b9df6fed0d0da19b5ce";"73df813b3219e9775d9215b3527c9bf4ff80b028f60fe4d7ddd9dad1d26093c7";"5510";"2026-08-14T15:56:59.9330285Z"
"Assets/_Game/Art/Containers/Forge/Meshes/Forge_023_TaperedBox.asset";"2ad90879a6807ff43b5adcd742f99665";"239b30192c787f8b78f5a39e24a91e557fb26a52da8a81dce6529855ca9cc573";"e09569ec29d4d44e3b52be3ecb7a8152b542946ceef9ba0365119fa41c3a588a";"5502";"2026-08-14T15:56:59.1966499Z"
"Assets/_Game/Art/Containers/Forge/Meshes/Forge_024_TaperedBox.asset";"1c2c8191d54d5814cb8f3571118571a4";"4d204e27cedf2a6dd4c0a6a7cced8b429d279ede0beca2b0659a0a51d6956180";"2aeab71a5b86e77bf6d048c3a8ab4080e851ee2fedd3f996080cb2ac37c12419";"5530";"2026-08-14T15:56:59.3495070Z"
"Assets/_Game/Art/Containers/Forge/Meshes/Forge_025_TaperedBox.asset";"a8a233a0fc8b7a24ca8eb4ea4e64ab7a";"d617edaec04d9b5e8aa3b38b0f1d5a1e9cdc28c3a59bc16217414439d1c485b5";"94a0cd1384b7b0ef46318641d715cb8e05b6a149c91e4971dc9dc46b4800b881";"5508";"2026-08-14T15:56:59.5437278Z"
"Assets/_Game/Art/Containers/Forge/Meshes/Forge_026_TaperedBox.asset";"a4f1ddce95e2b1342815e0bf40315cc8";"4edede439b1a54ba8c1ea672133777b92289b5e437ef8de8bb554def39b0bda5";"78c4659386626211ff07e95580e698020f7d16e250adf6a3d6aa1d43001c4224";"5510";"2026-08-14T15:56:59.0967360Z"
"Assets/_Game/Art/Containers/Forge/Meshes/Forge_027_TaperedBox.asset";"a29227edbbcb88f489e59cd89fba4460";"ea65086fdbec3b15251746f59bd86dd084b8da01c190dc7532d77e5dff695656";"e7382938ca9cb376632bc13bff8afd7de792cd7fa0631725d5c9e9ff2e824036";"5486";"2026-08-14T15:56:59.2071849Z"
"Assets/_Game/Art/Containers/Forge/Meshes/Forge_028_TaperedBox.asset";"e4663420aaead0441a4bad0c1dcc42e1";"aa4b2e2fecd16f955ff607c756383676678e6260d8abdead9ecb2219d5480b9a";"201bc0ee665132e30e86263a4def22a0a58aceacdf863d29f8e6953099d153cc";"5490";"2026-08-14T15:56:59.5601886Z"
"Assets/_Game/Art/Containers/Forge/Meshes/Forge_029_Loft.asset";"9421eab903b0570499b9fb1ab06575a2";"3ff54c6892be1c020b3b88dc43b0dadcd47df59df0537d6d89ee60dca5093330";"0b780de3424e83b63ef988e319a83bf2c1864cb715c17de83827727b115d43f7";"8065";"2026-08-14T15:57:00.1878504Z"
"Assets/_Game/Art/Containers/Forge/Meshes/Forge_030_TaperedBox.asset";"fd00cef6dedf5cf418f5b6ca64a545ac";"63a4bdff3dec72610624ed279c506c10fe31a130006cff143c81cde48e58d486";"0df8e44a2e941cf00fc87964b10df48bc8eff0e4e3ba4dc6b84ed4430f14245c";"5500";"2026-08-14T15:56:59.8971282Z"
"Assets/_Game/Art/Containers/Forge/Meshes/Forge_031_TaperedBox.asset";"359650929d482d847a744bc468bebdf9";"f898dc7373fcebb1067bbe4cb8a600a373a12ebe6d5f9e3ebaab2fea1802159a";"3af70a1c063ec36b4788562c4077e4898129424f5c28829deb16953f534bb71d";"5502";"2026-08-14T15:56:59.3704176Z"
"Assets/_Game/Art/Containers/Forge/Meshes/Forge_032_TaperedBox.asset";"6e2a6976e66b1a04d86986e8b78b142a";"f898dc7373fcebb1067bbe4cb8a600a373a12ebe6d5f9e3ebaab2fea1802159a";"64d57762355c5d4ce3101133fc9cbe2f81ec3d3a78ab3cc8dd91b271363adf1e";"5502";"2026-08-14T15:56:59.7103931Z"
"Assets/_Game/Art/Containers/Forge/Meshes/Forge_033_TaperedBox.asset";"a7c3be9c4fe48594f9589e8ab4887e8c";"f898dc7373fcebb1067bbe4cb8a600a373a12ebe6d5f9e3ebaab2fea1802159a";"b7814cb5d5a848e96785cd436da65419b7a03b37240037a9f4da43c7b4ee3fd1";"5502";"2026-08-14T15:56:59.2178374Z"
"Assets/_Game/Art/Containers/Forge/Meshes/Forge_034_TaperedBox.asset";"65c55015e52bacc409c11daa96cf46c2";"f898dc7373fcebb1067bbe4cb8a600a373a12ebe6d5f9e3ebaab2fea1802159a";"62ced16620375d068ea8ccf9676a9befd7d76b9533f0559b576c5dde5ab6b2fd";"5502";"2026-08-14T15:56:59.7674809Z"
"Assets/_Game/Art/Containers/Forge/Meshes/Forge_035_TaperedBox.asset";"1ca81ff396888bd4fbb9ecb630c5a2bb";"82cdc2db484a0ff4e8b9435ecec9e6bd89f596e0dca850213d829ff2c07023f0";"46bc71118272159cc67c674c1ddd912c7521a360e7599c58da79ab2663b34d76";"5482";"2026-08-14T15:57:00.2001312Z"
"Assets/_Game/Art/Containers/Forge/Meshes/Forge_036_TaperedBox.asset";"9f8c8802b1758fd43b1927ba2b34c3ba";"b77a55166d821f99c329b9fe92d0b0baa3ee6d64e204cf84dbafef0c47571300";"d38f9e62b96431f814d060aa7dbc3585bece3865006154dbd01d1bf9cdb982b2";"5496";"2026-08-14T15:56:59.6662067Z"
"Assets/_Game/Art/Containers/Forge/Meshes/Forge_037_TaperedBox.asset";"647981efa295b934eb79601bc9fda81a";"3b69b6f6e04f90b063b94ee2d595d471a139821f7ab7bdec5a6a73b155d8c125";"b6fa261a875b364245e3aa5179d8dde8f6688a86a8ad2c797c966e9c78c406a6";"5502";"2026-08-14T15:57:00.0301569Z"
"Assets/_Game/Art/Containers/Forge/Meshes/Forge_038_TaperedBox.asset";"f20c892919ebaa54f97a92a2fcfda094";"d16bbf4bb1c33153365d13a8a8729fafed5d74f627d8a407c014b11de4515a3b";"5aee9683303b9d158f1adfcdb09a88240b91d394127d68e770b7edc80cec2841";"5502";"2026-08-14T15:56:59.4571161Z"
"Assets/_Game/Art/Containers/Forge/Meshes/Forge_039_TaperedBox.asset";"154a6ec6a3bf8a5488fcb7e156cd4e33";"e11cf6f69b51b212ac5168a2887f70ca685383270c97c0ae3a6050239bc5e1bc";"5374023949ff54a3fb73db278d6b9ee0b4480fef33aa9e7118520ec86fc0a70c";"5500";"2026-08-14T15:56:59.3192985Z"
"Assets/_Game/Art/Containers/Forge/Meshes/Forge_040_TaperedBox.asset";"df54167e741f74f41a15a5c3e1c93091";"067c4b0e737a847015a37040f79a5a334ff5de7b51e9d0314f07c7d33262cc20";"a7b539a2cb6caf68bd13339c2f157e6154ca913cb0219189d9c3462dbc62cafd";"5494";"2026-08-14T15:56:59.6843702Z"
"Assets/_Game/Art/Containers/Forge/Meshes/Forge_041_TaperedBox.asset";"2c7b3f1bc59e86940abbca0943040d59";"476407278f03668557c6759b41bc6e64b9ce81a454f5cb6aa32f1238b6207864";"49be034d3e9436d667082879505c7894bf5b5d414c0eba2e6257deca8004ef0c";"5494";"2026-08-14T15:57:00.2477349Z"
"Assets/_Game/Art/Containers/Forge/Meshes/Forge_042_TaperedBox.asset";"c3efa774852627b4aba6ccc7149bb139";"f600d6801892d85ba2837947f3c23429bde344542137e33174201384ea1a088c";"853394197991ef2b6deae7cf2f9b12bfc02e569743ba9b89869b34b0597d5133";"5528";"2026-08-14T15:56:58.9132018Z"
"Assets/_Game/Art/Containers/Forge/Meshes/Forge_043_TaperedBox.asset";"38815078ea739064799382360acb8063";"46597c07eb34292576426821775b1de27b5158e36f8699e8bcda69f1efea322c";"97354afac9198e1a2d6d125817ee134c72a1d4ff413c316e04e145ae657b7afb";"5510";"2026-08-14T15:57:00.0719453Z"
"Assets/_Game/Art/Containers/Forge/Meshes/Forge_044_TaperedBox.asset";"65eaba1fc63f37c40a010878a06dbbf6";"8fc09a70fc4dfa9272ae4df4c410bf750d9c1ec5ad2b74d8e2049a7833871e50";"666f325ac88c9c9e61da6d16bdd7e834ab910078caf3330381568443a060ece7";"5486";"2026-08-14T15:56:59.7118417Z"
"Assets/_Game/Art/Containers/Forge/Meshes/Forge_045_Loft.asset";"cff1e51d859865e4388eb2b2d00557c5";"24f665ddefa7662d37f55536b81ecda862e525c0b4f2337128f65f86f8e48339";"f52ef912e919f4691b0e1fa2aafca4a731e308b32e67e196df8e282e1bc3cab4";"8089";"2026-08-14T15:57:00.2256690Z"
"Assets/_Game/Art/Containers/Forge/Meshes/Forge_046_TaperedBox.asset";"e110aa8e5b3d2954aad34cfb6e6ce353";"16bd1822149aee6e3680dc9a4a23eb327f2047f48dfcf92dbb6d3fe5c411998a";"8f985bdde50654354b21f306942223e5eb3ee29bcc2ab2b5082276b8aed8bdbd";"5492";"2026-08-14T15:56:59.7555410Z"
"Assets/_Game/Art/Containers/Forge/Meshes/Forge_047_TaperedBox.asset";"b492733477d7e924b90b6dc6461fada0";"fbccbbdd6744b058c1962587b8ed329db5f52c95db1bd15424a8fcf7d9bca2f0";"b0da6de3d910ec56eadc927732994c2038066ceb2fdbd9c769c34440d18f4d98";"5526";"2026-08-14T15:57:00.1287055Z"
"Assets/_Game/Art/Containers/Forge/Meshes/Forge_048_TaperedBox.asset";"824027836ae831c46b4cdf75cc641e18";"fbccbbdd6744b058c1962587b8ed329db5f52c95db1bd15424a8fcf7d9bca2f0";"c59591ec20761601ea4760eac22a6b40e88ea46fa48447ae1dc8563cbf7518af";"5526";"2026-08-14T15:56:58.9989306Z"
"Assets/_Game/Art/Containers/Forge/Meshes/Forge_049_TaperedBox.asset";"636de5cec6715f84086105916f89c959";"fbccbbdd6744b058c1962587b8ed329db5f52c95db1bd15424a8fcf7d9bca2f0";"4e2996d27ce9e63d739fcab391b1fa047f7e5e95313ba3523a9de8fcb4c86e2b";"5526";"2026-08-14T15:56:59.0593505Z"
"Assets/_Game/Art/Containers/Forge/Meshes/Forge_050_TaperedBox.asset";"b065e65e430c22346b365e5f26e2f79b";"fbccbbdd6744b058c1962587b8ed329db5f52c95db1bd15424a8fcf7d9bca2f0";"92326f8d459d8c5905c2ee6d7c076d3e65648daae174f013a2751214d6806b41";"5526";"2026-08-14T15:57:00.2235064Z"
"Assets/_Game/Art/Containers/Forge/Meshes/Forge_051_TaperedBox.asset";"515347f64dca1874e96e5e5802d27f41";"fbccbbdd6744b058c1962587b8ed329db5f52c95db1bd15424a8fcf7d9bca2f0";"fd9f25144d5b01743f5f5e85d0caa46022d8b6aa049c9ffeb87be2ed713e3347";"5526";"2026-08-14T15:56:59.7432910Z"
"Assets/_Game/Art/Containers/Forge/Meshes/Forge_052_TaperedBox.asset";"b268462005f2f6b488658864dcb49ac6";"a1b6046c1698730043596a5018920a2f385cc4e59467ea2abc0f3bb30aba0188";"d0f9d68f5fa607d337e0d4d9b810ed90b7d44f800b320bb199dc7ca1a2abd721";"5482";"2026-08-14T15:57:00.2114321Z"
"Assets/_Game/Art/Containers/Forge/Meshes/Forge_053_TaperedBox.asset";"b680aa22bc11b804b99a21d4bf6eea2c";"639869dc1e05f423714418f553f85ad50c8205f53e45eaf2a16383da43e017ab";"ea25384da8caeb6e03678dec2f06742b619ae793b916908d2406abda644cd3b0";"5496";"2026-08-14T15:56:58.9652487Z"
"Assets/_Game/Art/Containers/Forge/Meshes/Forge_054_TaperedBox.asset";"7b4b5ef7b24496d4db26d17ecdd4b45d";"1499facb8800fb5778e0167fa8b02de3ed613a208868052dbab531f0a1bc52a0";"1a0911686d9359e9f1901e0c72bda1decce0242250605f7e7daad0cd677926f8";"5504";"2026-08-14T15:56:58.9849071Z"
"Assets/_Game/Art/Containers/Forge/Meshes/Forge_055_TaperedBox.asset";"e2df439cccbbcba46ae944668ae69708";"959a5fc39370bcc112a077709d8d9e69880933731fcd4302ae2e9142be527dc2";"4007b0ffa96c0873f1bddd847435911e2e0e5737854f3eae1c23f9b57c20a1c3";"5510";"2026-08-14T15:56:59.3300940Z"
"Assets/_Game/Art/Containers/Forge/Meshes/Forge_056_TaperedBox.asset";"e2ca9565ff9303747b2c3857d5ceecb1";"0dd2ff9de91a75aca2d38fc373c1437dfb56ace8f618dc8a4d0f731a17d9e679";"8bc699fc0cffde5e5a9cd817337e2f26e9b0f62e697abc08df9bdc22d4c358ec";"5510";"2026-08-14T15:57:00.0842069Z"
"Assets/_Game/Art/Containers/Forge/Meshes/Forge_057_TaperedBox.asset";"71acb919800b5e84b86eb2d486b9a88d";"610b5d9a22234217ef81638797076e1ac409ab3c750ff21bb25a953872218bcc";"1418fe3540639fcd6a71da2dce14157f4ecbcd7d9558ac36c8bd7f8d072a027f";"5504";"2026-08-14T15:56:59.8196311Z"
"Assets/_Game/Art/Containers/Forge/Meshes/Forge_058_TaperedBox.asset";"22126f70bd91fef42991e652c2326d98";"67f9ff00a88ee129c16d0e6f66c4cc78ad97258e7d6b5a689c6eefe64fc234fb";"713a6366e61f9147248eca3c60cf18b616f59f78fc2faf8a6f3184415cdacf24";"5522";"2026-08-14T15:56:59.5323918Z"
"Assets/_Game/Art/Containers/Forge/Meshes/Forge_059_TaperedBox.asset";"ba4354c7bfdb3d047b78e57a3fc455f6";"07cd320ad453f554a71d2aacb26a0f9168d7eaf723f22edfe72034fbc5d32fd4";"66ac3c80ea7d514fcd25355300ba633d8a613862ee244b976b561ccde6453e5a";"5540";"2026-08-14T15:56:59.3907746Z"
"Assets/_Game/Art/Containers/Forge/Meshes/Forge_060_TaperedBox.asset";"f9e8389488df3554ea6b9c0fbfe813e2";"2eab5d4818f635ae94f1cb97adb90b5f3b77c05fbf9c3f598e19c46a7cf85d95";"09771ffd7350049260dbdc43c75084fd5177e61f652ec7f1c57eed9943fde857";"5496";"2026-08-14T15:56:59.9132632Z"
"Assets/_Game/Art/Containers/Forge/Meshes/Forge_061_TaperedBox.asset";"4f6e1e91d503a8b47bdb0d0d331bc2c9";"4f782ec584cf14b01254c2713065246ae6c777d4b78879b70fd5db2a4a3055ea";"8deb036b145f050667408fadcdd22c25fde0dfec086a8f08a07f84bf5f051663";"5492";"2026-08-14T15:56:59.0847656Z"
"Assets/_Game/Art/Containers/Forge/Meshes/Forge_062_TaperedBox.asset";"dac3799e2a50129439069e3b4d9453f1";"e670f90a95005a3753c64c1bf3a29ea5969195d7ae3ff6fe39a663e7fc3416b9";"e4155a5a2c16bc848c3f3e467e3522eeff9f9d911338e949e50b3d8c6b4241df";"5496";"2026-08-14T15:56:59.9883832Z"
"Assets/_Game/Art/Containers/Forge/Meshes/Forge_063_Loft.asset";"6c0f9bb737776ab46b502e85ba0dedf8";"e8b3d9c2a16fe606cf3f5f3d9d79ed2a6a057af294f6393d812f2ee196463bce";"9d1bf190cbf219f3db4bffa2915fbd6876c9652ff1e2c38dfd4cf72fcc415045";"8069";"2026-08-14T15:57:00.0606527Z"
"Assets/_Game/Art/Containers/Forge/Meshes/Forge_064_TaperedBox.asset";"1bdf97fac2760ba478eeeca7bbe3f5ee";"2e341674d92a96782f6ef5ccc214af557d9cf9568da985049bc19366a1402384";"94bca710e12a16489667f9d927259bee904eaa7ac6dd5af6656e07679b53459e";"5518";"2026-08-14T15:56:59.0732743Z"
"Assets/_Game/Art/Containers/Forge/Meshes/Forge_065_TaperedBox.asset";"e1fedb93be0baca439e52d52be989f29";"52824a4ea1e58168131201c1ed1d9697cab54fa8e189d0c3b889f5388430e642";"42ef77febe5c4cebfcb5d663072ca6ade5611dfb9c3144f709358d0fcd81ac3c";"5500";"2026-08-14T15:56:59.8759627Z"
"Assets/_Game/Art/Containers/Forge/Meshes/Forge_066_TaperedBox.asset";"eed0f76ad4b0b7e4c9661defe7fbc99d";"36a12a93525d257b15578f5a62996c60cfa0b3aafb967647d447103cf913e6f9";"507ec93a1d0aa36bcc479cf624262a9fc73ad45b89ca687bcc50b8e563e16d04";"5482";"2026-08-14T15:56:59.2738064Z"
"Assets/_Game/Art/Containers/Forge/Meshes/Forge_067_TaperedBox.asset";"6e4463f4abc943c43994b916475181f4";"4938c8cf2be61d6c58292522d498260e37aec9475420f67140b22277a58750e8";"453682598d129e8ce00a50a3f1cd6bb0120ec16b39c984923c5fab2db17ec788";"5500";"2026-08-14T15:56:59.4138896Z"
"Assets/_Game/Art/Containers/Forge/Meshes/Forge_068_TaperedBox.asset";"048886d9cd6c0ff4cbb8d3387ed0340f";"d8d81dd55f2a7159dd1eed8dc08b9c414bb4a7718b28d8897d197077f2336c34";"fee9e046c05a56fa84a395e4502e04b85d3087c6d67babe2fb139f3ce6987cb5";"5500";"2026-08-14T15:57:00.0054796Z"
"Assets/_Game/Art/Containers/Forge/Meshes/Forge_069_TaperedBox.asset";"aadfe0c0c34388749a0c42735f31a336";"5717b1fefd74d4c8209f1f82fcf3e64c4edf5c9769a1aa8d47d2d1c0444585ab";"a690b51e242b6fdc095ba6d011c8d74b4df1d9fac1dcf1b8a437244a0fc8a2bb";"5526";"2026-08-14T15:56:59.5094077Z"
"Assets/_Game/Art/Containers/Forge/Meshes/Forge_070_TaperedBox.asset";"d698d16b43d05274999b3cd4c7c36168";"9258f4cde125d8373e77a5e1e6f7a038e150cf13e76a91d7998529979ac9a849";"563576208aa00e2e1203b909b90083631301ea67bb1db47742c9f976abbea5c8";"5506";"2026-08-14T15:57:00.0994744Z"
"Assets/_Game/Art/Containers/Forge/Meshes/Forge_071_TaperedBox.asset";"d1945904c4b66944dbf98b2aabfb2737";"ad57b53eb8dcd8e64bc1178893b475aed97b79be66e7ef526692c33fa32c1a3b";"dc3efca14c11b3e1fe2843fdbf108e3146acb1845274e29f96df3f7c810b7762";"5498";"2026-08-14T15:56:59.1354466Z"
"Assets/_Game/Art/Containers/Forge/Meshes/Forge_072_TaperedBox.asset";"73f63b53fbdf5bb4481750d7e97556dc";"4831991af5d3e654d044ac78a099eabfa7500bb10a350d6a127be3d2c0ffbd4f";"f29a5a9849e2834fa140836402bab52bd7800c22678815e23b6f827bcd1bc4fe";"5518";"2026-08-14T15:56:59.1561252Z"
"Assets/_Game/Art/Containers/Forge/Meshes/Forge_073_TaperedBox.asset";"6112ce4f84e9fe149a55011f8c1a2740";"efdec6105c048e6160c651cd914abc7ca014c5cdbc7e599ca35ac1a9577b3338";"296ddc1bfea779e242e8457361418bb35d355f33692dc8ba464b08590bf5485e";"5488";"2026-08-14T15:56:59.7823622Z"
"Assets/_Game/Art/Containers/Forge/Meshes/Forge_074_TaperedBox.asset";"b509647e823cba44994f28b788ea83d3";"263e95162dffad42ce3a2e4dc5d9ec6fca2a2d19db32a4bad123ea3f5c015a68";"852b521ef4f0aca221efa7adf7265a1ad75c5dd62e69f5c6882a5bfaf9591ef6";"5492";"2026-08-14T15:57:00.1457085Z"
"Assets/_Game/Art/Containers/Forge/Meshes/Forge_075_Loft.asset";"9a753a54a82c1b842a41e5e4b7bbe75f";"a3f3379189e4b5291cec243c6234cfa14686c584636d621913f9d835acec4d4d";"d88e81f80dfdae2a5da5b8bb1d697fcfbba63b542615dd6526759e36229af142";"8069";"2026-08-14T15:56:59.6302206Z"
"Assets/_Game/Art/Containers/Forge/Meshes/Forge_076_TaperedBox.asset";"9f8541111c1d12d45b75c12e2dab2750";"f6175d71b68c032eae2b4f968b854df96cd491a67fd2ae80af2f4ab8150addb0";"8fb03300060040ffb7f21c9e5e72499b6ac9dea94052724a43729faa5ad351d9";"5494";"2026-08-14T15:56:59.3598584Z"
"Assets/_Game/Art/Containers/Forge/Meshes/Forge_077_TaperedBox.asset";"1f502fe373e122c4c80918521bfae932";"5995e18f9bf0505993d4fa389bb0909a3163ffcdbd802f8dfac37da1ae49fe4a";"62eff58f84de75d8ac7fd70c79d9d5d94be5544f64480b36417abcc6f61b2544";"5536";"2026-08-14T15:56:59.0343460Z"
"Assets/_Game/Art/Containers/Forge/Meshes/Forge_078_TaperedBox.asset";"fdb5cdd0e2954a04a8634a7fcb39e856";"5995e18f9bf0505993d4fa389bb0909a3163ffcdbd802f8dfac37da1ae49fe4a";"13421efb344598fdecc5c181b5966b47a3874a4905216dd405fb63b0a53e7bc9";"5536";"2026-08-14T15:56:58.8697165Z"
"Assets/_Game/Art/Containers/Forge/Meshes/Forge_079_TaperedBox.asset";"2e2fb2faa2455734cbfacdb42e3926aa";"bc23c919758ed703219bd2896fe9496488cc4ab89fe87f4ddfbc52433b9607d8";"ec4b81f11e989ba71e6969ba066eec86a21d72846f4c33d90303ca545a2ce8b9";"5482";"2026-08-14T15:56:59.2965480Z"
"Assets/_Game/Art/Containers/Forge/Meshes/Forge_080_TaperedBox.asset";"34ddd2c83980da247821910dbf35c525";"54fb7f1ac75a91175ba851eb6db23e9b2bc1d8015b2272ef93ec2327195bc8d0";"08ce49a44f60f548b5b0207192aa5d6bd303d37cb826043b89527d5e955801db";"5496";"2026-08-14T15:56:58.9256428Z"
"Assets/_Game/Art/Containers/Forge/Meshes/Forge_081_TaperedBox.asset";"82b13a5fde5fa454882b00771203f5a7";"9c8d963ea453118b8bed9c18e4a0b880609f4d09332082128d9de6478dc3c68a";"e0f58194c033439fc118813a5702c3ead1dcda9b28e706875a0d37259fa08015";"5510";"2026-08-14T15:56:59.8348047Z"
"Assets/_Game/Art/Containers/Forge/Meshes/Forge_082_TaperedBox.asset";"a898dd4246f6ff040a38015900f915e1";"bc9bcbf8c3106038fe86487530c92846cd3baf2220646f9243ee4d8316b1fa64";"7c7a85f6d2ba8202824b3e3b3faa1858cdf0c7f468ea65639244a6832750db8f";"5510";"2026-08-14T15:56:58.9453355Z"
"Assets/_Game/Art/Containers/Forge/Meshes/Forge_083_TaperedBox.asset";"c2b69ce50bf4ded43b71b74a794eca5e";"9191baded209e93f88c6a1cf51793f015077dcb3646adad31d982a560ae17b18";"1bb39dcf4ebeedc791205359bc36c52215eb977322f161ba160397766fef62a0";"5514";"2026-08-14T15:56:59.8614754Z"
"Assets/_Game/Art/Containers/Forge/Meshes/Forge_084_TaperedBox.asset";"620c295fa1d38e04292e5fa14a9edaff";"ff6d8db1e68da59a0fe4b418c57d4880f4079d7bdf7063cba3975898a07eda70";"310ec789499ef26cb6ef350d642b651f11e740494f71fd2f064df69826b7660f";"5530";"2026-08-14T15:56:59.8488510Z"
"Assets/_Game/Art/Containers/Forge/Meshes/Forge_085_TaperedBox.asset";"1666f24e285d74f418c5566b57409cc9";"4dfef329391ac8985d231fb8a7640d234556ad9d4977dcdd94016cf9286a62f7";"7415794338cb820bcb949293522af4c1ba34eb5fe164db105bd2c01e23183508";"5530";"2026-08-14T15:57:00.2603815Z"
"Assets/_Game/Art/Containers/Forge/Meshes/Forge_086_TaperedBox.asset";"f87bf913c4df8d246b26b69ca2452e68";"05deadfb9d757ec56f2261c80e7ec4417f3e073ed6b1f3c4735f2f2ba0661c43";"541b81c572a61ab0262d2c6e1a9257af4a19e8ac7b94601c450863f29741a540";"5528";"2026-08-14T15:57:00.3049101Z"
"Assets/_Game/Art/Containers/Forge/Meshes/Forge_087_TaperedBox.asset";"34dc763b71e073749a0e6965aa4ed999";"da905c56c73e52aa559629fad3f0924d16e860268a275ef29feab408eddb31fd";"4190a4f7d39ca5fc17955a40e9431f9c4a2e84810c84a9450168b4e6ae05deb5";"5512";"2026-08-14T15:57:00.2945919Z"
"Assets/_Game/Art/Containers/Forge/Meshes/Forge_088_TaperedBox.asset";"9dd034f94929795458b2fc45f70dfd0c";"02ccfa7d9abba19d1bec0e928b99b4c1ef6c7d024e0fee28ab73871bc8a876c0";"19fd0e82a0b9af33de957efac53f33cd5f4f512f825b938d14fa485ff3bdf783";"5488";"2026-08-14T15:56:59.5992156Z"
"Assets/_Game/Art/Containers/Forge/Meshes/Forge_089_Loft.asset";"f9522789967db2c4a9d052070eca7542";"fb6bec4930b47bdbb3c2df4c7202d2d39dd85d7142da2c41078c6aa18984af8a";"cfbc9f5e04d1835b0ff533b6cb75e0ac0ab74d01d52f296288ed3eef43490a54";"8097";"2026-08-14T15:56:59.2394774Z"
"Assets/_Game/Art/Containers/Forge/Meshes/Forge_090_TaperedBox.asset";"f23c48af7aa18fd4f882b63f2a0c456d";"474ee670f22304294609f659af571c22a5b2af1b2868e19a1f03631b3488dd5d";"be0abe07bbaed6b52347a8a334a4d71d9d9b266cb1d718598170dea97fb5fc9f";"5500";"2026-08-14T15:57:00.0478202Z"
"Assets/_Game/Art/Containers/Forge/Meshes/Forge_091_TaperedBox.asset";"8bd7ea906312dc84e81bd7db5be4201f";"01b0ee1c8a942c03c7c6dcea5d0e0d5f27280c366b4ac38df84cbebbeb944cc0";"bd5d26e2f4197246e9f014828aafa718b16eb284fbd073b9cd910dba239e2b04";"5528";"2026-08-14T15:56:58.9023238Z"
"Assets/_Game/Art/Containers/Forge/Meshes/Forge_092_TaperedBox.asset";"10ba064e95b0c69499ae978601d1b1ed";"01b0ee1c8a942c03c7c6dcea5d0e0d5f27280c366b4ac38df84cbebbeb944cc0";"6dc6dc0029a11e3adfee0d345c269621100b71625d9b577c6b24fd67f7d67c34";"5528";"2026-08-14T15:56:59.8946159Z"
"Assets/_Game/Art/Containers/Forge/Meshes/Forge_093_TaperedBox.asset";"b914984ae59db8a49af1ba3f3a68e5cd";"01b0ee1c8a942c03c7c6dcea5d0e0d5f27280c366b4ac38df84cbebbeb944cc0";"c1ef90125ee4f87e9a0b84f4ab3da0f0e26c70b0ebd90202b777c090f8022996";"5528";"2026-08-14T15:57:00.0969657Z"
"Assets/_Game/Art/Containers/Forge/Meshes/Forge_094_TaperedBox.asset";"238c775717bcbee4aaf9282a4f850ac2";"01b0ee1c8a942c03c7c6dcea5d0e0d5f27280c366b4ac38df84cbebbeb944cc0";"860994e92f5b11381d2a8a495793deca8acb38bc94cf00b55865824469f8ae75";"5528";"2026-08-14T15:57:00.0166236Z"
"Assets/_Game/Art/Containers/Forge/Meshes/Forge_095_TaperedBox.asset";"5795027bd6f9fc04881eacd4dd7f3f85";"9d284f46ae2df8fdbbee4aed857febc17a9a6fab0f35a3dc859e66e612201a98";"79ff64396c5a779cabb96e3d176efeadbf2bfbbf7c6d5e7f5532da8179bfe69d";"5482";"2026-08-14T15:56:59.0237318Z"
"Assets/_Game/Art/Containers/Forge/Meshes/Forge_096_TaperedBox.asset";"2c1aa478b0287824a9628773b333a5b1";"da13feb576f2fe7af97a94cbbc8914a0ae99fe8a25c09d3981be0fa59ea95573";"90a6690057e4a6c70e5ee15a168bb2baf2cb6af9b4af86a3ed3c617061b6f405";"5496";"2026-08-14T15:56:59.7453207Z"
"Assets/_Game/Art/Containers/Forge/Meshes/Forge_097_TaperedBox.asset";"59fbfd83dbe3264409ddbbd93fa46cf3";"4c222eace9a0cad2e04cf7bac18b36ae09a4b5d91b7282f75d8d873c44610030";"e517154202d590ed7102a31e0fc5a85bcf092003971e7e829999ad4bbfef0f84";"5504";"2026-08-14T15:56:59.0095532Z"
"Assets/_Game/Art/Containers/Forge/Meshes/Forge_098_TaperedBox.asset";"44b4aa5b3f038384785707e3fd2e3cd9";"b2a9d2fccfb75b07b316f456760060b1a04e8939dd74da02a2018d02595557f6";"fe2451feeea2993e5dc9f7bccb14f26999f6a8aee70264bde219691866956c93";"5500";"2026-08-14T15:56:59.7965739Z"
"Assets/_Game/Art/Containers/Forge/Meshes/Forge_099_TaperedBox.asset";"420f15e631ba0bb4ab4ad087463f800b";"3dee3aba7b2c2bd20d1222d2e1d8a48a6a07ed4770482ef3d64088cc26af713c";"1e94f3f42dfe08693381d0d45bf398edaed1ba185b6ef450c3d9d983b0b6296b";"5500";"2026-08-14T15:56:59.9497391Z"
"Assets/_Game/Art/Containers/Forge/Meshes/Forge_100_TaperedBox.asset";"8597252262939684ba0901c229f93f80";"1fdbc2f98efaec3ff3d11e73d98fe94735ec51cf9aa9cf62c4d8cededb53d53f";"9698489aebc79102871c9480a87c6eea24bc169cd03316f7a7cd2ae81ac329ae";"5502";"2026-08-14T15:57:00.1307137Z"
"Assets/_Game/Art/Containers/Forge/Meshes/Forge_101_TaperedBox.asset";"fe4f6b06a951c5d489f7de2c4e35b406";"1d9bc5b1f5ceb6ab411fce7635e103277cf94343583fe0c163dd500561329ed0";"3eb1d6ea0587afaa43e2d0e75b7d5afb1e83be0ca61b53c4bfc407d347f7e76d";"5530";"2026-08-14T15:56:59.2284141Z"
"Assets/_Game/Art/Containers/Forge/Meshes/Forge_102_TaperedBox.asset";"bf5fb9cb117d9d646bc8d3a2d6a4d113";"211668fda0b65538f7c9c0e700eab35568a8d6d35bfd9b9440b602042d7aa769";"da7fd47b4f5bfae459b8ebb0f21c49ecdec40f2c49f4fcb158e6688ece21bbd6";"5532";"2026-08-14T15:56:59.2860261Z"
"Assets/_Game/Art/Containers/Forge/Meshes/Forge_103_TaperedBox.asset";"9a3d1d204e0c04f4c8b6cc7434c4ab79";"721198d2fb3a78b60371e37af38a9776abbbffd11d08b88092f7e5830c2ce04d";"0402c70c0467dca976690303223ab440859fa0d848b92d96d79776616fb3dbbd";"5520";"2026-08-14T15:56:59.2632929Z"
"Assets/_Game/Art/Containers/Forge/Meshes/Forge_104_TaperedBox.asset";"6f66db94046474d4f8a64037d960ea5d";"167c457beda2dd22f3fa3e47151f5d1613bbcfdc7d8c6f1b2204d56932caf366";"52f99eef39749843aa807de6edb8c3e618175b7df2c8219b889d42e330de3601";"5492";"2026-08-14T15:56:59.4677126Z"
"Assets/_Game/Art/Containers/Forge/Meshes/Forge_105_TaperedBox.asset";"6f72858207136c2479cc409835044693";"94fcb86f4fce0c1efd653dcb67d0e27f7edd47b227a01267825937d6d0fdca5f";"f743dc04f2e398676242320a56a246add6b690035ef1aa58727fb1fdc36b2102";"5484";"2026-08-14T15:56:59.7281743Z"
"Assets/_Game/Art/Containers/Forge/Meshes/Forge_106_Loft.asset";"e08826f518d3b4641834d7d550e9a3fd";"1217e499980cc1dcaa75cfd662bb3ccb8a6ff787e012ea6e1e6c6736fe9cbade";"41ef7a08a1b5714e6a704b24ef2d00e69b2dada3e823da33cf08023ffc4c7c23";"8069";"2026-08-14T15:56:59.4013561Z"
"Assets/_Game/Art/Containers/Forge/Meshes/Forge_107_TaperedBox.asset";"61b863f2af43cc041be0524469fee51e";"b2c965d5c67a8ea0c94484509b3ce9e1d2c2d72b8189a48dd2a182bc7b6ce3e7";"721bed6b69f92e2b0897e843cbb2685384097c38f1b1f0ae03164d95f528f918";"5530";"2026-08-14T15:56:59.5879342Z"
"Assets/_Game/Art/Containers/Forge/Meshes/Forge_108_TaperedBox.asset";"08cd01e0c0ed9e34e8c0da823d39521d";"600eb553ed08d651e0c719b9528acbe73dc5c2a8d3b2b261e09ed4e36cc04063";"75da6605c473994b937502ce83521d1bce664d03bb28d587cc931e156cd52040";"5536";"2026-08-14T15:56:59.1861821Z"
"Assets/_Game/Art/Containers/Forge/Meshes/Forge_109_TaperedBox.asset";"0d3b04d6347f91445864c3a29f1ace57";"600eb553ed08d651e0c719b9528acbe73dc5c2a8d3b2b261e09ed4e36cc04063";"53a93ca64a57d502c3f50fe196fe3c2ddf2d41a4a9de5fce3ceed97532b18365";"5536";"2026-08-14T15:57:00.1270848Z"
"Assets/_Game/Art/Containers/Forge/Meshes/Forge_110_TaperedBox.asset";"35b2cb90d8b257e439645b4123ee9043";"600eb553ed08d651e0c719b9528acbe73dc5c2a8d3b2b261e09ed4e36cc04063";"b4a7599fe072f619de0f3e4ea03ac72b28d0c559848d665c5a79e7f18448a010";"5536";"2026-08-14T15:56:59.7945362Z"
"Assets/_Game/Art/Containers/Forge/Meshes/Forge_111_TaperedBox.asset";"f1e9e8875e702fd4491d7820414f5d67";"290954ae9413fe65d7db19ba0dbf6adca9f8272f635cdf03b41cf3e2c31fff03";"96d1ddc89a057239f8b2f2adb76f875597a68840ce70c85fda44be36e648f016";"5482";"2026-08-14T15:56:59.3082042Z"
"Assets/_Game/Art/Containers/Forge/Meshes/Forge_112_TaperedBox.asset";"9b9e50b7cec2e4341a1fb7d32d1d8564";"6abc28815e9fd9c260af4f3f431dda067bc2811800ef8dc16a4d1ec007eaca08";"909893d8812839d999ed748c55f01a32e7152e95ee2d55a4af8e6a9dbd0c63f0";"5496";"2026-08-14T15:56:59.4268621Z"
"Assets/_Game/Art/Containers/Forge/Meshes/Forge_113_TaperedBox.asset";"b40f8a369b0949244b4e43bc18adaed2";"bc7fbdbe9f27656cad1e7ae85b70201a68c27c57c3a3b9b902d2d95595f0792b";"448a7ee8e4acb0a9c5a1ba7468bcd1fc4d78285013e53252bc8d7ca0307cfaea";"5504";"2026-08-14T15:56:59.4473616Z"
"Assets/_Game/Art/Containers/Forge/Meshes/Forge_114_TaperedBox.asset";"070da388fb7163e45b3077ddb36f9fc7";"4c20400a3812505b669cf9dfa38400168f5e6925ae717f7ca28965a0b35243eb";"c754c681e41064f359713d265b73bae8702306562a4981327f1bcbf9ace6a832";"5496";"2026-08-14T15:56:59.6432967Z"
"Assets/_Game/Art/Containers/Forge/Meshes/Forge_115_TaperedBox.asset";"79e635d9a3316c04daecb84c478374fa";"904fc338af3d796ae4b7ece07055b509fd2f8c33b1fc240b506e5874445cc4d1";"e102faf03dad4887bff5c6dcdbd5d83265507ec9663d6c57e641c8a795874106";"5500";"2026-08-14T15:56:59.1736476Z"
"Assets/_Game/Art/Containers/Forge/Meshes/Forge_116_TaperedBox.asset";"b9646a25d72742a4195a83b3ab1fa7ac";"0358b56c5421e5a1d07dbb6a13e0dfa210643adf3438ef7b64a51aabaaf3990a";"e7c534eec8ed5308c21b016024e3b663ac222feadce83b1d85efdcc06889281c";"5500";"2026-08-14T15:57:00.2370897Z"
"Assets/_Game/Art/Containers/Forge/Meshes/Forge_117_TaperedBox.asset";"91261f8312b0bd34dbe50aae7583f201";"4f272e0db62761dbf61d818bfee0e48a81be2a025820c726472c9b58bfcd4771";"9de0211132a4253d06cb2280415f2ec864512e1a1738217a528b4843a95c6303";"5514";"2026-08-14T15:56:59.0618461Z"
"Assets/_Game/Art/Containers/Forge/Meshes/Forge_118_TaperedBox.asset";"b8cad6c8f079b4440af64c48eeee29bd";"c24e84fe9ff80b59c7854285195cb122714cbdb99c3c58c1fabde766dc81d123";"a054c4735b8f53deead05ada1a003dffe8d40e05ec31f116ce17bb94ad38bbe8";"5520";"2026-08-14T15:57:00.2811655Z"
"Assets/_Game/Art/Containers/Forge/Meshes/Forge_119_TaperedBox.asset";"37f6d4825052abf43b121cc808dca335";"01f25974ce0e7ae84f3404f8f842010a00143a0de43d29f6cc2fcfa661bc2f9d";"70c4266d91ef1a73565dc3bf257701aee866010d56353832162239a0c4a77010";"5498";"2026-08-14T15:56:59.4921589Z"
"Assets/_Game/Art/Geometry/Meshes/CookingPotHero/CookingPot_AshBed.asset";"d76227d5e812f264ba12475ae6f10ca2";"a2dca54f18b1494745f0dd92c8d80a2082a8af6e56ad0b46f8b59c61ff5ae6ce";"389d4d6ea3b1c9150bb5ae8b386e402a7343d7a731ad88db9cb323da8f2f4d4e";"5639";"2026-08-05T10:39:51.0180147Z"
"Assets/_Game/Art/Geometry/Meshes/CookingPotHero/CookingPot_Broth.asset";"28738154cd3f88945a73546a5b5e7b2a";"767c87bd0e867c652e65f27419e96700b7e98cb651cd7d375e139cf6b307a325";"134510c38829db6b71216e92f4d9e70c8a354b8acea8c196cfdd4bc2dc49d128";"5642";"2026-08-05T10:39:51.0200265Z"
"Assets/_Game/Art/Geometry/Meshes/CookingPotHero/CookingPot_CopperRim.asset";"b3ed91f15de7cb94087c6ee1b9273e86";"ab0783952bbf3db9f9ab11330e7fae0a397eb7e1138e53488b2b139b77fd1b0b";"2cd987fe5e9ff8855c4a0b424d00b9c48528b4c2aaead65c7708d28f8fb9a368";"29596";"2026-08-05T10:39:51.0229196Z"
"Assets/_Game/Art/Geometry/Meshes/CookingPotHero/CookingPot_EmberChunk.asset";"4a8512c569c18834f993d76bde16b0dd";"0047372b8ad6958a4d3ebeea60bb0857bbf4c24362173eb40de72fb2b90ea2e1";"ec2fd185f168f52a446233fa38328df1b2262255ea76a2f4cea16d9074edff59";"8902";"2026-08-05T10:39:51.0249478Z"
"Assets/_Game/Art/Geometry/Meshes/CookingPotHero/CookingPot_Handle.asset";"36fcd1954fe4b31498fc4c88eda1df71";"fd4feda8eb4e1f90c0653b48e452f70cf34da6a7625e806aeff437effa70435b";"5b7508112f0aee11030521f7b8cde4dce5b8e00ada4098080cbbbe065c755fcf";"16518";"2026-08-05T10:39:51.0273891Z"
"Assets/_Game/Art/Geometry/Meshes/CookingPotHero/CookingPot_HearthHoop.asset";"3c1e78cb02a5c0b429afbd48393151db";"16b1ad559b7e3b5a29344cf5b4e908439752acdcb2b614e9431e757b7817b562";"eb355346f5d9e67dff2db535b2940da2c2c96b365c72d484a757297238cbf39c";"28357";"2026-08-05T10:39:51.0293950Z"
"Assets/_Game/Art/Geometry/Meshes/CookingPotHero/CookingPot_HearthStone_A.asset";"0fcd0e061d2a35a4d8b7e8fe548a1425";"99c7fa35b920725b5b632477147fd913f0f35154a284ef4768114dcc41d02b66";"edc56dafa01771c082cc8d668d83a4a0a579318ab0b7d90778992517d577a48c";"12167";"2026-08-05T10:39:51.0318380Z"
"Assets/_Game/Art/Geometry/Meshes/CookingPotHero/CookingPot_HearthStone_B.asset";"25cbf2c07019c774fba92a40789d179a";"3b514149b53625dfb8ca80e52835609da0d230ab696e26b143f2a20745bcac4f";"795b81ff1f3541a2d723325b3f45b36e39d6577e7c7a4fcc257111ba5e2b9af3";"13259";"2026-08-05T10:39:51.0328371Z"
"Assets/_Game/Art/Geometry/Meshes/CookingPotHero/CookingPot_HearthStone_C.asset";"6a7632c8ae83d3e4bba291f6a9c5f345";"751c8011771b51547b2457fca16413dd27bf0d076f53a459d48224089db45a25";"d1b16ba6cd9d96715aab2b0cae4eac1340afbc7f6e6e0490ab1faf369dc834af";"12169";"2026-08-05T10:39:51.0358546Z"
"Assets/_Game/Art/Geometry/Meshes/CookingPotHero/CookingPot_Hook.asset";"fb8da9a53c0553d4481de98166195d57";"113b3fed3283f9d751cf5530fb3f16c48d83ca27ab4e5b6d1e27eb20f97d6fb8";"099b49659de4316edd01424cd98e520860a2943a8c3da4b9d1ee233261533eb6";"9056";"2026-08-05T10:39:51.0378622Z"
"Assets/_Game/Art/Geometry/Meshes/CookingPotHero/CookingPot_IngredientChunk.asset";"9775eac3438a6a548bc150f053674b87";"51bf741aa6b2d31b2071f1da5bbd7afc57b3c39de753b70c7086349de0b09dfb";"eff1dca53aa01ad31c4d5931bcd61fd53cdc0fa9ab3cfcda9709542d59dd141c";"8901";"2026-08-05T10:39:51.0398691Z"
"Assets/_Game/Art/Geometry/Meshes/CookingPotHero/CookingPot_LadleHandle.asset";"adccdad255a206740a8129da2c850eee";"83941073552172a495840048602d34a750c22fd0626ba5c8f3c244b0f4681b57";"30ae1ea02c1cd3b6beaed265723d6b9c3483bcbee9a9de2082892e6aae820319";"9063";"2026-08-05T10:39:51.0428685Z"
"Assets/_Game/Art/Geometry/Meshes/CookingPotHero/CookingPot_OpenCauldron.asset";"31c1733802b0c3f41b408b08efc87084";"c343e0f672a42e07ad8e15fb2011a7c85838d7725bbeb89f4c3cd0af3baa8e21";"b65fac7c7cd4fc24e27bac25eec94b169be75354c0d5faa97b385509aef0b584";"31773";"2026-08-05T10:39:51.0458869Z"
"Assets/_Game/Art/Geometry/Meshes/CookingPotHero/CookingPot_Timber_Left.asset";"12517b9d2eb73c848872380071afcbe0";"7530cbc7cb599e5fde049f8410c8a8880d2a3014863342f13d7d98f04e641e24";"c11eb327a752206b83409f5a1d36336d7114b4364de60c2118cd79548a67e729";"9993";"2026-08-05T10:39:51.0489056Z"
"Assets/_Game/Art/Geometry/Meshes/CookingPotHero/CookingPot_Timber_Right.asset";"b225f317446ce8c438f294a8ab41af55";"74f6dc2ebb574d2fc3a953a92f9289c882d17acf025884b4d9722c8e629244fd";"e6b9ae3f8e4ea28b27fbc90326a21d4432f6225faff7eb91c075d229a6eab96f";"9994";"2026-08-05T10:39:51.0503615Z"
"Assets/_Game/Art/Geometry/Meshes/CopperOreHero/CopperOre_BrokenFace.asset";"64687e1801330f14699e6ddd4f5b9730";"371f0ac939f03d23208beec348c4d8a0c2c688cf7d4324794e78283796f0cec3";"3804f0d6e473ff027e7ce2685ed2af73186bfe4c59e770616b6a5273a898d5d3";"19021";"2026-08-05T10:39:51.0525379Z"
"Assets/_Game/Art/Geometry/Meshes/CopperOreHero/CopperOre_Crystal.asset";"037cff6e92a168e4dbf4d7038f69f6e0";"4eec2761eb53c00f66885925bc0b25e7047a0aa62ea86b2a831a738956db78f4";"7f6e1571103c21c7a4ffa109b5364474127657ae15fc47fb10d128b41e0f8474";"6671";"2026-08-05T10:39:51.0559032Z"
"Assets/_Game/Art/Geometry/Meshes/CopperOreHero/CopperOre_HeroRock.asset";"0135d470ed2f45e4689c21f74f70dfa1";"b37e59c9d213b5f3e5c00c3cda62706a04ffbc60eb109af1d63803463a50731b";"6cc596316c93cc48ca840259af876264030e5d51b195807a359e975d16f300c3";"34004";"2026-08-05T10:39:51.0579135Z"
"Assets/_Game/Art/Geometry/Meshes/CopperOreHero/CopperOre_Nugget.asset";"ff271b2b3ae3dea40bb7ace923c26fac";"f508aa5f7a2c4cbe16adcfc8e479511cd5310b0fa48b7ef2959d57ecf974d4e2";"05d94e827758b0d436740483eb460b214cdb18f5d07e3404ce69e67f8761ec97";"13411";"2026-08-05T10:39:51.0599203Z"
"Assets/_Game/Art/Geometry/Meshes/CopperOreHero/CopperOre_Pebble.asset";"9406f9b91b1ba9348a22ff9f2e967079";"0a559dc3b6d6bbb4e68f108c5e3a4cf39f70d4fa0764a6a1f73fb41cfd910b52";"357a3a3d9a3db6634f92fd453fa93204eb6b484ffbad34f66a3f784758a56e9b";"13417";"2026-08-05T10:39:51.0639207Z"
"Assets/_Game/Art/Geometry/Meshes/CopperOreHero/CopperOre_ShoulderRock.asset";"603d3bf9755081848b1a2c0914abd1f8";"c00ac40e4bfd3365bd50abf762aa6fb458aaf06fb7125b72aabd14a936247ce5";"dfbd60304b27dd49ecf0ec94af26ddf2d0f13749c938af261381036e2b76292f";"24017";"2026-08-05T10:39:51.0664326Z"
"Assets/_Game/Art/Geometry/Meshes/CopperOreHero/CopperPatina_0.asset";"08916acfca458674c9051795e5a0cbe1";"b7ab897c59607e9fdf7744beeb847cbb34e2419d1d9515ced648da350c0b943a";"def6cb81e3aaddbd7d8b939b78cfada0dade058904393ae17e102cd61d535d3f";"7806";"2026-08-05T10:39:51.0690059Z"
"Assets/_Game/Art/Geometry/Meshes/CopperOreHero/CopperPatina_1.asset";"523d00d5ebb4b124c8558e76e06f3385";"0d2ea1ac46601f1232bbd98ac4e7e942954d02edd92bf2e76e5cf37224c94814";"4de819f0e69b79e9af0185f2d0412952be1df5b8e7dd56c671ed6dc0d033e918";"7806";"2026-08-05T10:39:51.0700052Z"
"Assets/_Game/Art/Geometry/Meshes/CopperOreHero/CopperVein_Crack_0.asset";"e0351c48428cb524084f202fae4d9fea";"aff9b8edd6c6b7aee2163174245d75b86710a6825fb60b08c3a4ee014a4a0f8c";"4f0eaa9b19f55b1ea591d606bdb7153a72551e082470915eabfb7454be4ac64b";"15923";"2026-08-05T10:39:51.0723298Z"
"Assets/_Game/Art/Geometry/Meshes/CopperOreHero/CopperVein_Crack_1.asset";"cfffad3231758f149a39404695c988f6";"90549f4d2ba20b77c135335aa402222d1a074da0696b445b3443415799c38564";"105a221a980d3734c180bee80e8706ed11100dd1ff91338c2fff4bfb394ed09c";"10927";"2026-08-05T10:39:51.0733288Z"
"Assets/_Game/Art/Geometry/Meshes/CopperOreHero/CopperVein_Crack_2.asset";"d387c21db1274594795bdad6c1b07b02";"77731f2749cc2079ea9af35135842d64e0218019dfeb1fa6dda6c3d317d90ea7";"be1a78cc56af500917fae6a9da79e1511f0892ae66180441d2b72c0403665ff5";"10931";"2026-08-05T10:39:51.0758461Z"
"Assets/_Game/Art/Geometry/Meshes/CopperOreHero/CopperVein_Crack_3.asset";"5bd37b6fcb9a9e54886a2fa77f5b5b52";"75b1dd7d66f67af4e54250ba00de7d9eee9f4250580ebfe1a87cb7c880f55126";"fe47c4e551172a7ff7aaffd38136d070ae4b8f63f78b3c5b04b1fa3efee53b48";"10929";"2026-08-05T10:39:51.0778548Z"
"Assets/_Game/Art/Geometry/Meshes/CopperOreHero/CopperVein_DepletedRemnant.asset";"307416060f40e2b4a9cda8df2fc8239a";"61f3b4b0850faa6932acdc81b38664d67ce4c46661ec54178942bfefc7dc710b";"262d550c9009b910b129494a7b1063e7e26e7906f0cdf9aa4947a0cdf0178a82";"7820";"2026-08-05T10:39:51.0798616Z"
"Assets/_Game/Art/Geometry/Meshes/CopperOreHero/CopperVein_Metal_0.asset";"a052f38dee405cf4ab74ecb8fe5247a9";"1ee094cb1751f1bf7ab5eccd2ed4d1d05b1650fd0eed2d4207e246cc9b241790";"f4616d4eb1f7ac447fac9f63a698cdd533845a4e61b117cd0ecc0f4ba15649b5";"15919";"2026-08-05T10:39:51.0808604Z"
"Assets/_Game/Art/Geometry/Meshes/CopperOreHero/CopperVein_Metal_1.asset";"0f6e46af1e5378f459634658598ef72d";"b2c4dd3b2d6c619ac2c90fb75b8b33bcdf3cc89df59810d72124077bb9dbb735";"c5fa8ca8bf01a700a167ce22a37f480cd486cbd9b4d9aca3ac944072d2ab1217";"10935";"2026-08-05T10:39:51.0828616Z"
"Assets/_Game/Art/Geometry/Meshes/CopperOreHero/CopperVein_Metal_2.asset";"4ebfb2354988a9446a117724bdbe1957";"4558346c0102ca685b59a21df4335d06d83339848109f83f62d1031d0cb85d58";"d60df474e46bba3ccb43ed1eac55f8b5dbba4db25b12e99153ff96600c2118e5";"10933";"2026-08-05T10:39:51.0868942Z"
"Assets/_Game/Art/Geometry/Meshes/CopperOreHero/CopperVein_Metal_3.asset";"8401d4b1e41cf5f4aab7b881f8401203";"f8da6880badf4cb16eca816c33aacc2085edeea585405e7fa7165f405019d7df";"b746afaea26458976a1f373c935e95edebf51ab049fe8565998ccf75f9ef9c53";"10925";"2026-08-05T10:39:51.0889010Z"
"Assets/_Game/Art/Geometry/Meshes/visual_berry_bush_active.asset";"ea77dd40204293544a8a5e5bb4b4d1c5";"ae56a022bfee43b0e90a37c425a9f868f4da2f0a995fe9d746e10c12f760ddb3";"7db5667a751821e22905991250f484ac677348d0383400a3bd23c6db00bddc2d";"4284";"2026-08-05T10:39:51.0903045Z"
"Assets/_Game/Art/Geometry/Meshes/visual_berry_bush_exhausted.asset";"5c187826ccbca52448b56b93045a3bd5";"f279c65329114ea523f0ef0c524af4338bae03451ff236d8b2b41e6aec5d309a";"a0b0c09668d9a968d9efa4d162e27c54192eca8f16c20306bee0e04546e2bbec";"4289";"2026-08-05T10:39:51.0923131Z"
"Assets/_Game/Art/Geometry/Meshes/visual_env_rock_3109_main.asset";"e11552e62cb6e9b40b1561b8eefad276";"897f2e6245b2971e612931f80a7f0e9a6050e9dd251f64ef079f48d845c8e96a";"8b050cd17b4b23fb6c39483cb0ddff80688eaf68b2687fdaa910dd4d104af17e";"16066";"2026-08-05T10:39:51.0943205Z"
"Assets/_Game/Art/Geometry/Meshes/visual_env_rock_3109_side.asset";"87cb28982fdc2894fb3c740a1fc3f5ff";"27d088c98beabdf2f38c6a144b49303ec15d45faedf1a6751ede67645b98a29e";"6f2aa7b2ea945ecf238a949f761035b18349430c8e0ba2b8df09910e57abcbd8";"12172";"2026-08-05T10:39:51.0968290Z"
"Assets/_Game/Art/Geometry/Meshes/visual_env_rock_3511_main.asset";"37fad9bc65a83b64eaaa1a011a891e35";"78ddde4dad5e2b8d44b59575e628785b297d36e1a4ffe60334a0794ee7002d97";"fa6737d2a96d70153640339a349eda23754b3965b14096c1daf1deb8f581a13d";"16068";"2026-08-05T10:39:51.0988455Z"
"Assets/_Game/Art/Geometry/Meshes/visual_env_rock_3511_side.asset";"9807a13417695324ca2584714f7df235";"29cf57e2f1a94f4810e14acc71406a0ca9aea72f0da8c971dc6c1e8b0686148a";"6af9df26b47c3f89a8c98bfd747eecd5a3dbcfb49bfee67df81343fc02dc4e4c";"12170";"2026-08-05T10:39:51.1008470Z"
"Assets/_Game/Art/Geometry/Meshes/visual_env_rock_4027_main.asset";"102c1622eea71e849a3dc3c4de40c372";"541f7b1b6e7ba412f2cc6e831137c3537edd73551cb1ce083a7060015ef9bfda";"5d82728fb53f667330b3bf0bf6c35d474c414f5234cd82be217eefa2df63afd2";"16064";"2026-08-05T10:39:51.1028456Z"
"Assets/_Game/Art/Geometry/Meshes/visual_env_rock_4027_side.asset";"02a09607e8574ff4ba533f37e252f366";"037a603df0c3431955f3fc49a43893bcf4aae28dbde9b12c6c905798d3656d32";"db693efeef1e4996477ea8a40249a8433a6cb939f69f491de52609416eac0639";"12174";"2026-08-05T10:39:51.1043544Z"
"Assets/_Game/Art/Geometry/Meshes/visual_farm_soil_clod.asset";"b2482470ec8cae346b4b69a0135aaceb";"a6e1c6bc7537883137402220e7b08710a76ddfc12bd0c44a01283b3fd9a726c1";"f65e5426b7b56ec5497d9cb4c75cdb620b815598acf6cf2ce62e44d190e71e8f";"8904";"2026-08-05T10:39:51.1068756Z"
"Assets/_Game/Art/Geometry/Meshes/visual_fiber_plant_active.asset";"4ffd74339b14458488686385240cf916";"aff0b8d04d5a64a73501c1a2114f355ba0c5ac2a582e56230ab116f32aa40aa4";"ab3527741577a7718bbdeac5124472776af9227b26edfeca1b6b662e89aceca7";"4283";"2026-08-05T10:39:51.1088795Z"
"Assets/_Game/Art/Geometry/Meshes/visual_prop_bush.asset";"e61d9143dfad7fa4190a754dde412e81";"6b87ef5777de828aaa3b71a3ebc69d94611874595637a07f27e7800a6520b7df";"a61e0cbb92c5620327b3be7f26a7ae4f39d890a1c8315ce720d447e6b3e66bad";"4276";"2026-08-05T10:39:51.1128807Z"
"Assets/_Game/Art/Geometry/Meshes/visual_prop_fern.asset";"7c92180e440cd9f4a899b2ab8bf97e46";"8be1688b9ab44f2885bb3047d35e88d7b4b0b637c5cec752951b3265dd9ebe82";"6590e13ca2532f0c8b35102d7669b7d03964b171acf6e462e2e6a8fbb1310f3c";"4280";"2026-08-05T10:39:51.1159066Z"
"Assets/_Game/Art/Geometry/Meshes/visual_prop_flowers.asset";"42fa29cbac612724a94cc0d0314118fc";"edd417b5aff59ad9d1f0b0138e4b9ab9607acf61742bea8d52c2f8135d6180b8";"11aaa6408f9ae083f9144c3dec7439e6aa321439abba2bbc1a16f170d5aeba07";"3973";"2026-08-05T10:39:51.1169167Z"
"Assets/_Game/Art/Geometry/Meshes/visual_prop_glow_mushrooms.asset";"a07f9e48bd6bf1d44b8a5f448cfc968b";"3fca21f7e762629df3666e8e88226392671e7ab7142a57bdfd47b862b079ab65";"f289158875bd8d5b3229771eb072fa8e76f49646608acefca2698868fb4c04eb";"4292";"2026-08-05T10:39:51.1192018Z"
"Assets/_Game/Art/Geometry/Meshes/visual_prop_ground_grass.asset";"41ba261cf6af4024295cda3d66ad36e9";"f0d55879e536bce683d815fe2627b617e52d64c1d9d180db79de159cc278fcf3";"7513e6a261247f7306b94b7478bb7efad998c2f8e0b0ea01ed3fc87d8cdfe3b1";"3652";"2026-08-05T10:39:51.1204723Z"
"Assets/_Game/Art/Geometry/Meshes/visual_prop_ground_moss.asset";"3d4e96548e741054299a0b65f2b91c93";"82f3192891ed298f0f1cf0a6d5b5bb403225724cbdbd19329cc8ea63f8c94122";"3f41c504caa8a2a5411100b7a60574427566f7ed0d969cafef09687847750a65";"3651";"2026-08-05T10:39:50.1217393Z"
"Assets/_Game/Art/Geometry/Meshes/visual_prop_ruin_monument_front.asset";"c30416ccbaea1de40b16ae728f745ddd";"d97b24224c32867c2ff2a5f80f852a29062c94cda4b793d90f5a716b150809d2";"053324eafbd438107fee6b0949733397ecd5dc1bd96028ef14eb99d9ced60415";"3661";"2026-08-05T10:39:50.3228047Z"
"Assets/_Game/Art/Geometry/Meshes/visual_prop_ruin_wall_a_front.asset";"8a022e9567c3d5246a678767ba8a1b3a";"a5cb516aab30ce241095cb866089f6a8281cc4d85e26515bf2ce0f8416de52a8";"73a08f5d70509f1904783aaff864454faf5f4296324da7a57497fda06a5445b7";"3659";"2026-08-05T10:39:51.1224826Z"
"Assets/_Game/Art/Geometry/Meshes/visual_prop_ruin_wall_b_front.asset";"04603a13d2015fd489199524235c60f6";"cf9e08377d9109994fa2d86d801f13b4ef18a3e6362d51702b551c7f2bb2ea65";"8d8f2ef57dbc03a06d47b54e515ffa2a4642716997b8a4ca26471bf7cb19ac18";"3661";"2026-08-05T10:39:50.2200620Z"
"Assets/_Game/Art/Geometry/Meshes/visual_prop_rune_front.asset";"4b1ef41beb75238469b3dc48f9a60bd8";"8389ab10fd627cdd3bd9f70a8c9e28dfb35f599652670e8718856499c6efdfc4";"2c2e585e7bf8eab938da988fdaead6260e7729d38ab1d7e948881d032ac6a201";"3652";"2026-08-05T10:39:50.0704201Z"
"Assets/_Game/Art/Geometry/Meshes/visual_ropewalk_coil.asset";"b44a272a15717714c914e5b1fc104fcb";"d00164b5cad23a3a9c30e077bc6575fe2e5b5686aa2ed23434620cf9880e5f80";"343752d31bf549b3d6afd341c79d355d1a8bb8c5aa9576aa48d1cc553ec4f0eb";"33326";"2026-08-05T10:39:51.1303377Z"
"Assets/_Game/Art/Geometry/Meshes/visual_ropewalk_strand_0.asset";"51979bbf1be038e4bac9c3b488a4ff77";"f782a9c5d1a80fb98c3b167037d1b3c220598c2ab4ee672a021f17b3227a2cd7";"bb4d0abcc9bde5bf41cb6ee1567f89418f2cff51b2f79941ca09b3508c6c4c98";"29658";"2026-08-05T10:39:51.1333371Z"
"Assets/_Game/Art/Geometry/Meshes/visual_ropewalk_strand_1.asset";"33205a2d3079a4f47b253999698bb93a";"f2ae8e57c58df5f843757a8c4d1cabbe4447d85ec2f09f4436c26ca6a4b23ea6";"bac335d71de7991cfc2a56e8f18e41d53bbe152d67510b476b488fe89667f94a";"29600";"2026-08-05T10:39:51.1358515Z"
"Assets/_Game/Art/Geometry/Meshes/visual_ropewalk_strand_2.asset";"1e391e3c5d1846340839dbdbdbccabbd";"638246a24a3649673276894db69f185f441ab64991610cfe538f06dafad42ae5";"5ab62ca4988f8537d82d57ad10991b9a145f336d9be6f4706b7df0cd7dc23f37";"29654";"2026-08-05T10:39:51.1378592Z"
"Assets/_Game/Art/Geometry/Meshes/visual_sawmill_toothed_blade.asset";"9724fec781c947443acb5be1cdf970ee";"27bea548549bb7d0a0d19ea92ee5a32cdd9554e7c687c27bb8a8cda6dca0eb1e";"5ded83bf4692edcf4acd0a1ed3e6931aa5d92a63f5bd2005bfbb9f2b4bc5f98e";"25842";"2026-08-05T10:39:51.1398680Z"
"Assets/_Game/Art/Geometry/Meshes/visual_sawmill_wood_chip.asset";"39848a0e8f83d484995bc19b5fbee575";"3e03149dfe744f3f0df3720a931e3d44626f0c895c3633f23d420ef8ba80e480";"1f9371dbc5597bd045f7a231e2b41e182da04fa4cbd84b9b2e22267f721787fa";"8905";"2026-08-05T10:39:51.1418664Z"
"Assets/_Game/Art/Geometry/Meshes/visual_smelter_bellows.asset";"d5a34011a447b6d4fae5f3ecbadf9c18";"3131a428bb1a7069db23e388e9c925981d976b04cff4a23575a1abfac61a6185";"a4c938ee45071fa0e01d4f4c86a498c19a73080accac2cd42b4ffd3b5a91b90a";"5319";"2026-08-05T10:39:51.1428690Z"
"Assets/_Game/Art/Geometry/Meshes/visual_smelter_iron_ring.asset";"36e1919bb34ebd14ca067a66118a5bf5";"a9746866d3e59937fc1bde9104ffc8c84bd6fbd3259c279c10c0d9da5a7075f7";"e4b6d9f97696f0eb6849468cda69ef5bec2beffb11d19e956c4199275359d23d";"25250";"2026-08-05T10:39:51.1458893Z"
"Assets/_Game/Art/Geometry/Meshes/visual_smelter_kiln.asset";"59cd49796dc4fdf41bc5416aedc2f6f5";"43a175c923e7e663da91aec90802bd67bc85d34c2bbc0f140b30c7f3d8b0caf9";"63499816410baa99372cf6d9d964d00b5c027ad01dd292860b1ff977c457f6bb";"23082";"2026-08-05T10:39:51.1478994Z"
"Assets/_Game/Art/Geometry/Meshes/visual_station_stone_a.asset";"1eb4e76f4ebb2b0428fee1a74889d6d9";"f30ed51674702937a5320ed55a798a31d8e3299635e5ed1a8ec4478b751f03ae";"071e43f3401e2834037cde6897eba93e07422bb8709278e2329dd670aa2b1eb9";"12165";"2026-08-05T10:39:51.1504131Z"
"Assets/_Game/Art/Geometry/Meshes/visual_station_stone_b.asset";"02e3b727d83603f4f96d8cb7ff06a6c0";"1787de68a5f5fe2ce3058e2e05b03333dbfb4815f98e0b5b996e389e624fd17f";"c09240042b2e47feb97cbcc2ffccc527df742b6cd2f1a364955c08fc9f6db251";"13261";"2026-08-05T10:39:51.1524148Z"
"Assets/_Game/Art/Geometry/Meshes/visual_station_timber_a.asset";"eca36865b9a6ccc4f9fa1d97f4b010bc";"e2805227345cee559f907b11e137493ae01f9ac5ee32be98287bcb8dff17c849";"d29b894105000d0b0589b3f3bf2556da7b6161d583cb7f577e767c403e6e665a";"5322";"2026-08-05T10:39:51.1549362Z"
"Assets/_Game/Art/Geometry/Meshes/visual_station_timber_b.asset";"f6f9465529739574ab9b34dea2ff3688";"5d64e745937a524fe140444e9b4ca6e9ec87c1308458b9c2a9b063365baa7efc";"e26ff88bc41c0491746d9d02d603607717d016b197a013e57f37ebb86ec4ab93";"5324";"2026-08-05T10:39:51.1574499Z"
"Assets/_Game/Art/Geometry/Meshes/visual_stonecutter_masonry.asset";"c2230da5b3292104888da908a6cedd1f";"a4931dc98ce116d68b1b85cc9032b0092d90f15d6bd00f19bca78cf7c9ae249b";"7a361c21b586c7a33474637e488ae46021da7abe996857f5ec2949a4f4d1fdc2";"5327";"2026-08-05T10:39:51.1681200Z"
"Assets/_Game/Art/Geometry/Meshes/visual_stonecutter_rubble.asset";"d0b3ae56244223a419d87a0905a5e6be";"7a519fa48936cced9bb8e24802024666853b7a5c3beee241dbde67d7c1cc8106";"df3791a5cb7285d2efce505c896c44427ca57ab9bbfbbf9d315ad5b42aa446ae";"8906";"2026-08-05T10:39:51.1701267Z"
"Assets/_Game/Art/Geometry/Meshes/visual_stonecutter_wheel.asset";"8d077870d6658d04aba0831b1ab5dc6e";"a4aad9554e1f87bddf714978412558d9e6ae8288daeab16749d8917448655f48";"a775915f6b2d2ece8026450ff1fddcc617131c4b2127611fa8a33f7a7e62281f";"23329";"2026-08-05T10:39:51.1721272Z"
"Assets/_Game/Art/Geometry/Meshes/visual_stone_fracture.asset";"56e141bd7f9f6784188364c9d8db3115";"45dd780663197f7a0a25176b18e63a96d8fe2182208b25ad67f7514594601893";"8b6e2c074be9eb23b4186a23673b4bed58ff35ba95ed5da3200ff98ac18a1cd9";"5322";"2026-08-05T10:39:51.1594587Z"
"Assets/_Game/Art/Geometry/Meshes/visual_stone_hero_a.asset";"60089e6195bfb50499c5b19b9c87e2dc";"89f7b465586865bc7540e331b79fa0a3f7a6b364aaec9432e634903865d4d0ce";"0349858c60ae0fba2b269440bfb01ebb9ce78fb590ffb709db191f5c4879c026";"16058";"2026-08-05T10:39:51.1624577Z"
"Assets/_Game/Art/Geometry/Meshes/visual_stone_hero_b.asset";"9991898e6769bab4e8af953bfa40db5d";"233f9b02398faec47c7c173e1cc9f4f8510bae4744e485b7738fe5475a13887a";"a035b6e509c6e6b6ceae3d843c9a338f41d0c4dc1e55f5c4ff6bd08041d737d9";"14654";"2026-08-05T10:39:51.1644692Z"
"Assets/_Game/Art/Geometry/Meshes/visual_stone_hero_c.asset";"d07bbd0d4a19a5b498d8511eb211cc73";"e52311e54192d8bc356c9d83af4791d4a1d50e6e243bc4399396e8980a33f145";"fd18e57041332c054d22eed5a0a5ff95df65a5f52646985290e92744987c81a8";"12160";"2026-08-05T10:39:51.1671121Z"
"Assets/_Game/Art/Geometry/Meshes/visual_wall_masonry_a.asset";"6cfb6a8ef085cf94d8b1c6d47e621cd9";"b7f4ed796e6a269bba013dc7c4390841085a4ba3fa5bbd4a27ff0e9d68496978";"5431ee64411f987ae28e45d4562af741faba04e9224ae44a2339a2f733b2004d";"5326";"2026-08-05T10:39:51.1751420Z"
"Assets/_Game/Art/Geometry/Meshes/visual_wall_masonry_b.asset";"88e10798b5700454ab832aef695a291a";"24716f7769f6fb45bc54a3184b026f5f3d6718396468e8512cca248e0e7f60d8";"8a2dc5708ef0f5f83a24917a4a9320431c4a2fc106c92410c78a24f89304cf80";"5322";"2026-08-05T10:39:51.1766467Z"
"Assets/_Game/Art/Geometry/Meshes/visual_workbench_hand_saw.asset";"12e8430eea7b6394ebe1477778139546";"fe746a81ce34b9bcb3f7cbf3365429ef0c9c3a4705b3448fff4b53fa2afae908";"2d4dc52c21772f66e89d01a4888caed7cc7c5aae47fb8426eb57527d94cbe008";"6807";"2026-08-05T10:39:51.1786601Z"
"Assets/_Game/Art/Geometry/Meshes/visual_workbench_timber_a.asset";"699f5eef981b4bd499b63c7fe8096642";"bd2a6b4d5bc60740a9f9fb18ce000a4a30c1cfefebe2cfdbc97bc21099863799";"ac8f9fbbe71148c79277eb00e7153e528c77bdad85e2eae9f500b6ab111bd2eb";"5322";"2026-08-05T10:39:51.1796596Z"
"Assets/_Game/Art/Geometry/Meshes/visual_workbench_timber_b.asset";"f183631144eda2546b8f8313a6fb6073";"1697806e790a1fe173bc2cd392a201521627f41ec2fecf59718b40369da30e08";"2841baf4d89e517d039c0c93dc017230d410616191f4951061d2e60a21caadfe";"5322";"2026-08-05T10:39:51.1839063Z"
"Assets/_Game/Art/Loot/Meshes/WorldChestMesh_000_TaperedBox.asset";"e87d71057bcde3948b254c8e3d3c399b";"5551f25eece7024a1c81b8c80023a3ead1bc54701ecfe10263c00809af59b08c";"8877f8e84a603d1a0788b58912e2913b427f1533faead8113cab24eb47466e72";"5538";"2026-08-14T15:57:01.0106145Z"
"Assets/_Game/Art/Loot/Meshes/WorldChestMesh_001_TaperedBox.asset";"78f102da006069f43a35eadcac5f9dee";"7da46855460732020a18958fd9dc0ad147fe39f3e473f4c0e9512561f971c910";"a9f54874ca7b8d8a203320d8e3a9f2dd0c1e57920ebe53f6cf3fbc3c33ac117a";"5516";"2026-08-14T15:57:01.3731882Z"
"Assets/_Game/Art/Loot/Meshes/WorldChestMesh_002_TaperedBox.asset";"72170d08428c3b5429d61046e2e2f885";"94894d079f15603defa9545e99b37eed70467fcf9b747a0fe8c556e0453a4a85";"eb2425423c5735dcb52b73bd0ce0491af75655e26bc7dcd44599359fe5bf0cfc";"5496";"2026-08-14T15:57:00.8788574Z"
"Assets/_Game/Art/Loot/Meshes/WorldChestMesh_003_TaperedBox.asset";"9b6ca048341509646b9c450cca19cf02";"a7c9c852d6ba5aafeb270c12f501121ae8715878abdd7113ee9f5f6e46994f13";"550fa0c59031c5fe3361be43e9aa468aefaa2630cfd96cd4e0c56a981f6acbdd";"5518";"2026-08-14T15:57:01.2448355Z"
"Assets/_Game/Art/Loot/Meshes/WorldChestMesh_004_Loft.asset";"64de557af14377b4794bb6fa87987cf5";"e85090fe2469cd7b45c28f8b6b540761c03b6f267b45f06da3a3c1199860dd5c";"16d46ecdaf044ede8fd7d116f2a2998c5524a01d5cb61ded913fc88f6d35e5f1";"8073";"2026-08-14T15:57:01.3049828Z"
"Assets/_Game/Art/Loot/Meshes/WorldChestMesh_005_TaperedBox.asset";"a26e153bef573be4eab65f299fb2e542";"9ef1d3305bc2a9af0ea0c350163f7eb56eeb35e9eaa0cdb5c6d0294b0c2da269";"c6824bd1a582a2ffa34607f3afd2267c286a65e009db797b34649caa7769f519";"5510";"2026-08-14T15:57:01.3390337Z"
"Assets/_Game/Art/Loot/Meshes/WorldChestMesh_006_TaperedBox.asset";"ca3c28f17546cc544a50dc9319ce49f8";"0616188c0d5d604311a86a1e0394ee7a1b0665b9958f38b1a9cc53d25244c911";"7a7e5c41f1f429add6083c62b0be92b89be470a34e95e4c48d37e6bf65c5a6ab";"5534";"2026-08-14T15:57:00.9711477Z"
"Assets/_Game/Art/Loot/Meshes/WorldChestMesh_007_TaperedBox.asset";"ed9feff2010057b4f910211c4a0491be";"9e4b75644b9ab36b9a95b7bfdb03815d9cc31a27ac16a6d0db3bf5876ccd5883";"348a78bfc0c046da44a9fc55c0ef18ee9e2b9ca9dd2ff73e0f703cfebb0ba7ce";"5512";"2026-08-14T15:57:01.0876874Z"
"Assets/_Game/Art/Loot/Meshes/WorldChestMesh_008_TaperedBox.asset";"7e753e567060a7a4984d7a075a2694ea";"9e4b75644b9ab36b9a95b7bfdb03815d9cc31a27ac16a6d0db3bf5876ccd5883";"5d05d012346f44ee39db8cf08a3dd24c2e9802f9294747d50f636a5fc9fef456";"5512";"2026-08-14T15:57:01.0232007Z"
"Assets/_Game/Art/Loot/Meshes/WorldChestMesh_009_TaperedBox.asset";"4b53a7162a95f0e40b6937828c299f76";"874182a92d65cc02f4ee6ace75b271c6c5a2492935d4347dbcfbcedcc1160bdc";"158776d057a41bc507df0bc03b14e2089e17ed71eb78def77ef048b6e233671e";"5508";"2026-08-14T15:57:01.1618471Z"
"Assets/_Game/Art/Loot/Meshes/WorldChestMesh_010_TaperedBox.asset";"ce58cd1462706614aaad5fd2e38afe12";"bc12d4980ee7890384a0ad08567f14cbe163fe5c4a811b5e49a7c0e96c278faf";"e78531216b95ba9bf6b1cafda21cb19f058122b707134a88ffd0a5c15ae547be";"5502";"2026-08-14T15:57:01.1365486Z"
"Assets/_Game/Art/Loot/Meshes/WorldChestMesh_011_TaperedBox.asset";"bc32c7fd06b46fd4cb49928868283c78";"64336bbf69ec53d5873301860023e047f6a37919f2a13d3101aae12d936f44cf";"1d7f76cc43e31f451842dab834f4f1022e5a78410515a027078f50227372babe";"5538";"2026-08-14T15:57:01.1499550Z"
"Assets/_Game/Art/Loot/Meshes/WorldChestMesh_012_TaperedBox.asset";"f1d154d0aa277d742a7bff361b68ea10";"656dc3a3a3a27e628a485bdb0165ce373bacca7944377318789dc1f8d7e52284";"f33842e7ea18303c18c67ce5efaedf9c7b3ebf52c5c9d918d1bdc2fd0f91d745";"5502";"2026-08-14T15:57:00.8024529Z"
"Assets/_Game/Art/Loot/Meshes/WorldChestMesh_013_TaperedBox.asset";"53fbd1ee54729024c800c7c37388fc72";"96103555c67f3d9323616f5166f963321d86e7d9dfe480cea2a0fadc09d06666";"ee18c2cba586c44ed59c8e7035b4c8ed3f04f3b33edb6ba6b5eea9bbb9b19b6f";"5516";"2026-08-14T15:57:00.7736885Z"
"Assets/_Game/Art/Loot/Meshes/WorldChestMesh_014_TaperedBox.asset";"865a1f0c36a99c64484c29eabe2743b8";"eaf6489faebff571ae98cac830f7124e97ac8b8ca9db44ed556663841a9a2be6";"244f6f28e76a617fe3d9845fac1f7d0986872910bb4252b7083f1f466dc260ba";"5520";"2026-08-14T15:57:01.2912065Z"
"Assets/_Game/Art/Loot/Meshes/WorldChestMesh_015_TaperedBox.asset";"bdd43937a8f0b74469aea4cb380353c3";"7da443a6003562e734b3048126cfcff5d945d976e166fb67bf7183b45171199d";"d48b401ef6b7a984f25c1b7d240000faea1fe8f211044deaa91e91be983c9dc0";"5502";"2026-08-14T15:57:01.3842642Z"
"Assets/_Game/Art/Loot/Meshes/WorldChestMesh_016_TaperedBox.asset";"1659cd48a35922042975611aabf56e4b";"10b1e5f47adda662cd1d1e3ab4e640dea461b64d7e304544c8d9ff3575b81261";"b50efc8584d383d92aed601027b5bc6960d8d720392d0db4172af85004ae925a";"5500";"2026-08-14T15:57:01.4033913Z"
"Assets/_Game/Art/Loot/Meshes/WorldChestMesh_017_TaperedBox.asset";"9461f1ddd5819594c987680021628289";"1cae04d237e70dd846d7c304429d5dd95580a5912aa77d2c4cafe64561780149";"8b4d679f5724168d8cb265c573fa723ec4064dd5974f83d69ec4e4640d115d4a";"5492";"2026-08-14T15:57:01.0742588Z"
"Assets/_Game/Art/Loot/Meshes/WorldChestMesh_018_TaperedBox.asset";"2793eb8c52ada974fb3eecad648e9751";"1865baa095f6fc524c358c0dc88b2c140d02ed04998273ad0855bd06c159edc5";"c2c8ee0b9c30cdaeeae14e5262df996d2703d1e22a5d85c563ac57cf05410e3f";"5492";"2026-08-14T15:57:01.3532221Z"
"Assets/_Game/Art/Loot/Meshes/WorldChestMesh_019_TaperedBox.asset";"2fa7b5068feb5b7468dba41db778d7a1";"165a202fb63dff933b8f2d3de3db0a6d7ceceda81970145566d7a8717676fc7c";"b3f599515dabc90c1decc46e1799a47645ab96267ddcd5fe59f69f9e3b8246c3";"5522";"2026-08-14T15:57:01.4643063Z"
"Assets/_Game/Art/Loot/Meshes/WorldChestMesh_020_Loft.asset";"db86b156ceb4897439e913e95f113d2a";"71f2d8d9f3e2c0db47e955f97d06119ecdecfc5416ec3d237d4cf8b2f1d3f1e2";"94da15be249ec4a447d941971fa2399d95e97975e2c62a774bf36ad2c0374dc1";"8069";"2026-08-14T15:57:01.0379907Z"
"Assets/_Game/Art/Loot/Meshes/WorldChestMesh_021_TaperedBox.asset";"26d013c43834cdc4a91052a7fa948d9c";"68bf84abf399a26a2b2fd86926b5a54217057bea2c0997b5db8b33385e07b3b1";"0bfaf9208cd99a1585828d2830402a7ef561b3f10af6cf01aa70128f2ab8ada2";"5504";"2026-08-14T15:57:01.3195239Z"
"Assets/_Game/Art/Loot/Meshes/WorldChestMesh_022_TaperedBox.asset";"8d98bf60d2d7c4042886306d4d6229d8";"49b50f94632352ef690811d3571a989f7a5761dee27871f4522a739d40a5a44c";"d52fefc4aa84286c94b979a17310d3bfaa05bb6fa60c956b417cde680d913c78";"5496";"2026-08-14T15:57:01.1163230Z"
"Assets/_Game/Art/Loot/Meshes/WorldChestMesh_023_TaperedBox.asset";"c5edbb208a6f2584391aad5319ba24bf";"6b513d3621397e60c4e3dffc971fcf171329a7a96f5698d995fe6ef945104dd8";"63ecc552bf33c7b00f50ee193ec4017b623e26e3b5a138468227be497e87ef03";"5516";"2026-08-14T15:57:01.0902249Z"
"Assets/_Game/Art/Loot/Meshes/WorldChestMesh_024_TaperedBox.asset";"f4916306af50be04a8e1ee6ffffdc01c";"6b513d3621397e60c4e3dffc971fcf171329a7a96f5698d995fe6ef945104dd8";"9548db2929de6ca8333cc3bd8b732e8b151feb196f48fe70d6571795ed2262f9";"5516";"2026-08-14T15:57:01.2186128Z"
"Assets/_Game/Art/Loot/Meshes/WorldChestMesh_025_TaperedBox.asset";"5d1cbbf0d799113498cdef16c5131165";"6b513d3621397e60c4e3dffc971fcf171329a7a96f5698d995fe6ef945104dd8";"ae5af81f9acb9a46f1d8edd048366b6f1243c19b862dd87624f691614f89d796";"5516";"2026-08-14T15:57:01.1757636Z"
"Assets/_Game/Art/Loot/Meshes/WorldChestMesh_026_TaperedBox.asset";"cee072bf11542f048a9f1f1151d4656e";"a102a1c33209be5fce66af8157a3f765ef15eb25dd4849becb8944869dca7c8a";"dfed515582913fe3847a5a0b89add37de76088f7509acb9a68e60dec8a8c613c";"5502";"2026-08-14T15:57:00.8549667Z"
"Assets/_Game/Art/Loot/Meshes/WorldChestMesh_027_TaperedBox.asset";"5745e534804cebc4b9a4c8daa83e2504";"a102a1c33209be5fce66af8157a3f765ef15eb25dd4849becb8944869dca7c8a";"d23f50e1c83309003551bdde9b40eb804364b47703bf08dbeed0c4db20dbe020";"5502";"2026-08-14T15:57:00.7532370Z"
"Assets/_Game/Art/Loot/Meshes/WorldChestMesh_028_TaperedBox.asset";"7d78805c7607f7547bd7b3870b9b0040";"a102a1c33209be5fce66af8157a3f765ef15eb25dd4849becb8944869dca7c8a";"9b67dccaf5b5a27bfb63c036bb2bc270d16559768fd591938d39c11e58f3950c";"5502";"2026-08-14T15:57:01.1737446Z"
"Assets/_Game/Art/Loot/Meshes/WorldChestMesh_029_TaperedBox.asset";"c89e4ef8977a0434fa7a638c3e22f6d4";"a102a1c33209be5fce66af8157a3f765ef15eb25dd4849becb8944869dca7c8a";"0253d16e436c48f9878aff8c19aaaebb99baedcc2a2af4032850190a49131b9b";"5502";"2026-08-14T15:57:01.4753832Z"
"Assets/_Game/Art/Loot/Meshes/WorldChestMesh_030_TaperedBox.asset";"99e627b2f1fe6764da4e3347c27b5e02";"5e4702a01bb618db9e524cd9d9c40a9dcf2f793e7f8966f7865dcbce0ae62352";"dffac563088a9fb3c5e04db190d273961fa3de03459efae00d7ec6c0e947c431";"5500";"2026-08-14T15:57:00.8435314Z"
"Assets/_Game/Art/Loot/Meshes/WorldChestMesh_031_TaperedBox.asset";"9faa8f14f9577b14aa15bb50248d39cf";"4e1b5b14703441a117763b6d7a7c1549dc4e4b9723b56ec48c9b53f8510c15d6";"a9c4132c00d168633100a6c3ac829e48b3f1772baa9b390cf4eea07b6f204fd3";"5518";"2026-08-14T15:57:01.0000342Z"
"Assets/_Game/Art/Loot/Meshes/WorldChestMesh_032_TaperedBox.asset";"3f502d923e237954886e4faaa23308c9";"a1ea87274fc994a1bf58255ea185786d1a4cde9b76a4431f97a685d860a21855";"d16e169403abcc966d1d3ab689ae65f96ba8a2f87e11e2d358e034c934d55daf";"5496";"2026-08-14T15:57:00.8234546Z"
"Assets/_Game/Art/Loot/Meshes/WorldChestMesh_033_TaperedBox.asset";"0d04cfe6ba9b3874d942e4e52a08f639";"6965200e0d71dc6fc9e9f198e8944e256fcdf56ace8ad2eae04028a5a4747b95";"0839aef55d7d3fbfd26b18814ef5eb8118b6fe386a74f57b37e679b4a6e92963";"5506";"2026-08-14T15:57:01.0508810Z"
"Assets/_Game/Art/Loot/Meshes/WorldChestMesh_034_TaperedBox.asset";"859281f96d0ab844993c1e86b802a876";"bae53c611a44662238850525508c453051f1d4eef3dcd98cc9c567a85a02c717";"5e807d87b1096f9bd6e2f5c870531682ae67c27366eb503ca28399ec68158eec";"5508";"2026-08-14T15:57:01.4159873Z"
"Assets/_Game/Art/Loot/Meshes/WorldChestMesh_035_TaperedBox.asset";"c27a941db449b094cab56c9bdf29a9bc";"506f909b73a0da039c9c026a97665500ea7b7748d85f69494f66cc48d43675e3";"c2a0f0a37dcb4b6771499ff6c088997ee6ad0ddb56fcf63caf7d077ac5e1c350";"5510";"2026-08-14T15:57:01.2221684Z"
"Assets/_Game/Art/Loot/Meshes/WorldChestMesh_036_TaperedBox.asset";"92970054d0a725f4b9d52dfe91d82ac3";"03ad43497fc288fa9748aaca42a871ee17ef76695105619d31f4c3bb869f0688";"fad0c7596e96edaf9cbf81a6617bf7d09e8ea75e217071644c8b8380d16230a0";"5512";"2026-08-14T15:57:00.9492465Z"
"Assets/_Game/Art/Loot/Meshes/WorldChestMesh_037_TaperedBox.asset";"8fccfb60fe8ff8b4a997b55bb851403d";"5ec085d9d40ae17bcb889687763a9ad438d04476ed6354ca09f8935a4ddddff2";"6821c13fd1cfd662fbd86fdbe4bae29bfec302350559776b8bfd917d72b264e5";"5496";"2026-08-14T15:57:00.8929876Z"
"Assets/_Game/Art/Loot/Meshes/WorldChestMesh_038_TaperedBox.asset";"5616091a7e30eee4fae1bbd2c4adaa1b";"bbfd86d9b592ef07acb1e41523f28cefec398abea689f1128ca9fb46860b39cf";"3454ddc170c62814df791edb7bbc6608e71fedfe78fdddd1e1f3dd33044d07f7";"5492";"2026-08-14T15:57:01.5062901Z"
"Assets/_Game/Art/Loot/Meshes/WorldChestMesh_039_TaperedBox.asset";"6c18fafac25d91149b5c3e8654525654";"64fa596bdb90da01edb509e4c8477faee571aae6e494f39bc3a524f49d9d61bb";"a64f24a566b9dc37d0de23846ebb97071b535e134d1051d8ae68baa615c262ad";"5512";"2026-08-14T15:57:00.9151106Z"
"Assets/_Game/Art/Loot/Meshes/WorldChestMesh_040_TaperedBox.asset";"63900134c4effde4a8556a37da7ba9ca";"287d1e380acab7284dad052a09d1205928ca79369ac03354b3b88dde818440e3";"dcb4c70f703f6e635819f0fd2740d1b1e7a75493a817a50b48759ba1c3e7e522";"5528";"2026-08-14T15:57:01.4955439Z"
"Assets/_Game/Art/Loot/Meshes/WorldChestMesh_041_Loft.asset";"62c866077aae2b04bbb3298792f2f7a8";"5942829a93320f3efabe277e98ce35b36bc2acaa62d1b996f21efc0e8897b41b";"0957f8034494e9dd123e28a850e0449299c684c15307621737d51cce135cbdf4";"8077";"2026-08-14T15:57:01.2562024Z"
"Assets/_Game/Art/Loot/Meshes/WorldChestMesh_042_TaperedBox.asset";"64f0d7fa16209ed42a7f638d18869f82";"fc488dee276e09cd9293c9f13bf9cbfc897492f108082358f3ad18cdc44bc801";"0972caae1dd607bfbee9d1eb497979377e5dc1d3b8a45396a38e34d5d89a743f";"5496";"2026-08-14T15:57:00.9355212Z"
"Assets/_Game/Art/Loot/Meshes/WorldChestMesh_043_TaperedBox.asset";"0ad18dff1e31e634b8d71bec7fd84ab1";"dc703e5f075b364bca95bc346c322532a0a0d825084604daf29b3f4a874974bb";"32e1fe27d989cc1fcec1d5e32be77442bebf8958d2e5cb11640ccde6aa88ff6f";"5518";"2026-08-14T15:57:01.4466613Z"
"Assets/_Game/Art/Loot/Meshes/WorldChestMesh_044_TaperedBox.asset";"d2ba36556b88a5146bd1b17f5a9a9d77";"fc6cc8a9cce72926ad8f47abc8dfdcdc4d9dc1bb8223b52c60715be525991c70";"d0dd4fba7c37f0de4ee09e9a618617dfca69dd32dfbcb87cea9186b38d2c62f8";"5522";"2026-08-14T15:57:00.9979392Z"
"Assets/_Game/Art/Loot/Meshes/WorldChestMesh_045_TaperedBox.asset";"224f22b390b2afd449b8406b52dc9adf";"fc6cc8a9cce72926ad8f47abc8dfdcdc4d9dc1bb8223b52c60715be525991c70";"567a72f8d6f53c4623e912cc5beae7723716b2ae9ffacd591f3f1d6177ff5664";"5522";"2026-08-14T15:57:00.7425899Z"
"Assets/_Game/Art/Loot/Meshes/WorldChestMesh_046_Loft.asset";"8e79c6b1110f4764bbd06da99adddf12";"c4b0c510eedd9610e331d7dfa2b9d060cbe6b2f20be8d2d9eb3b7fe8814a61fc";"5c7126c029ac3ff26de89fb32cb34ea0c1646776cdcafa24ce44bc2b95203374";"6263";"2026-08-14T15:57:01.5263496Z"
"Assets/_Game/Art/Loot/Meshes/WorldChestMesh_047_TaperedBox.asset";"6c2ec926ad458954e9299901090ce2b6";"9a4e556b491438687db1676843e5d720aeca128819f0756cc8e6ba7ab60d7101";"73812743dd7d7eaa49771b594a2ec132a98a991f16f1b532278b2374acf34cc5";"5526";"2026-08-14T15:57:00.8587006Z"
"Assets/_Game/Art/Loot/Meshes/WorldChestMesh_048_TaperedBox.asset";"9146dbb23efab8843b33d9da44c22798";"ff5bb16f79268c02406bea5c1796bcba0eeab7dfd758cc52b76371266a980cae";"03c4883606ee8b69308121f82d9645dcef7fe12861fe8308b21dadcd07b9e157";"5498";"2026-08-14T15:57:01.4773913Z"
"Assets/_Game/Art/Loot/Meshes/WorldChestMesh_049_TaperedBox.asset";"6de882c830d340a49bd76c830c231b8a";"eb0757bdb5e4667a12ce7f2ce94f9380894aafaaec9295ffcd288e6f20ddec4f";"83f26448bac05b829ce7446f75f3b0ca3fce373b358ee2dbb529f4b73e01dc88";"5506";"2026-08-14T15:57:00.9826259Z"
"Assets/_Game/Art/Loot/Meshes/WorldChestMesh_050_TaperedBox.asset";"f111813601b90a04b8007505d5ad82ad";"676a7d2412fa0fe6b9c870c1fa80fa74043e787cdb1d4caad0a5b59290fa0fd5";"1420eb6a5dbdead18d709c39ed0933f735559c190e5da263b07de22bb6c78c1d";"5506";"2026-08-14T15:57:00.7909020Z"
"Assets/_Game/Art/Loot/Meshes/WorldChestMesh_051_TaperedBox.asset";"906c2d4e7c92f7c459e615ed204f3718";"cb359ada891b7ebaab56419424fef613c8b3d933061bdf6eb033ee3ca03bac60";"81a40b98fccd9ef3397fcd00540557b47d3b55a7bbf029d56a94106e303dc4c9";"5496";"2026-08-14T15:57:01.1970637Z"
"Assets/_Game/Art/Loot/Meshes/WorldChestMesh_052_TaperedBox.asset";"24fe8e0ce8234b54cbce4a79712eefa7";"6bfff0b68b450cc25f3376ad4f0178a29e3a5bf62530bf8743c7d31a210c4a64";"e80db61d5a7fdf1d3166136a3aa07862f8d85e98cf1d4b3711b3997751624660";"5506";"2026-08-14T15:57:01.2731799Z"
"Assets/_Game/Art/Loot/Meshes/WorldChestMesh_053_TaperedBox.asset";"e99d86340e978f94c9342408d2cd7726";"21736902ec170d12354073d0e96354458073917ece34dd1977d77048ce54e18c";"f7d78b6878ca6c48452214296d3e5a2de6e3fb6c54f2091591ab18b327bc1138";"5494";"2026-08-14T15:57:01.4366063Z"
"Assets/_Game/Art/Loot/Meshes/WorldChestMesh_054_TaperedBox.asset";"bbaba22163a5b7545952f6714ec5e88d";"848ebd0fdcf926292dd98c11bb83b50bf4cfa6c647d61070e8bc0563ca89d16b";"a6e2fb1cd2652ca05af8aa94a9a32fc62952bc070946af751864e36309647586";"5506";"2026-08-14T15:57:01.0636037Z"
"Assets/_Game/Art/Loot/Meshes/WorldChestMesh_055_TaperedBox.asset";"ea70f968d4259f842a9492f0bbd3fb42";"da5cb1afd478c16132bb777bca2437724a73a67eef4011f8a333a9d7d1b6b6e5";"ba831e8ff030ec78dc66d35c31324d8f54022853ecf8c5c054d0c75a349fc19f";"5504";"2026-08-14T15:57:01.1018863Z"
"Assets/_Game/Art/Resources/T1Meshes/T1_000_Stamm.asset";"f78604a15782eef46920a33297aa2b49";"2bf8c066dd77b01a138556c74299ec9678b1ea3f73d3a251fd12257edd6eb8ae";"f272f459e5d1d725cd0ffc3414621cdde5b33aada88e1b9a8fdca3a98addeeba";"17534";"2026-08-17T15:47:14.5701966Z"
"Assets/_Game/Art/Resources/T1Meshes/T1_001_AstA.asset";"7c2e9f4dda0e7754ea5abfc0b07e226d";"945570ad749a219fde4b0612bc1f61a9d84562836a24d13e8dea3231219bae6e";"67d2a4d367bb805448fd41f762e4a577f1452751801ab9dd96f6219ba51e0a81";"5482";"2026-08-17T15:47:14.3776945Z"
"Assets/_Game/Art/Resources/T1Meshes/T1_002_AstB.asset";"6b01a0919815e9f4f840335f8ac2dfdd";"bba586ba467687730562bcb6f13cdf81dfcc0f1146f5abdf5df04530f52777e3";"2ea687478330bb6ecd71a054bea1a716881eed600f785195288a444e6fb0b395";"5482";"2026-08-17T15:47:14.5701966Z"
"Assets/_Game/Art/Resources/T1Meshes/T1_003_KroneTief.asset";"91c0861d24af7a94daf3eb06141f410c";"5c23a2f00abd0b7cf79f9b1aa9a772b8634d3e6fd2da023cc60889b437cc9fb2";"9b3fb967d8470797d146f6d76e4c176e65955c53df89474ba17a11151328c607";"14778";"2026-08-17T15:47:14.4575178Z"
"Assets/_Game/Art/Resources/T1Meshes/T1_004_KroneMitte.asset";"c14bdde05713c0a45aef81bfdb8300a6";"adf77ebdca7534ccc110909732ee1df570a271cabc84ebbc48cea70bcc1784ab";"1e9ecff5fc84f7b4cd49ac93c7373d1c67fa8f6613e371446d3867e8b8883cac";"14786";"2026-08-17T15:47:14.5185662Z"
"Assets/_Game/Art/Resources/T1Meshes/T1_005_KroneHoch.asset";"21305590b6cc44147ae471147ebc4909";"4b43a8b8dce56bd0d685efd831ed67f482746663802142d94d208bf6f18735eb";"85c196eb166357d2ddc91fefdfd3ce393219d836ba2a2ae641cf2d480af16bef";"14784";"2026-08-17T15:47:14.7595869Z"
"Assets/_Game/Art/Resources/T1Meshes/T1_006_Stumpf.asset";"7b5d9d398e754844e9435e9dbab9cce2";"9a8f9b400a1611d7781be6e4a38144559ed3d81f01285b5d7723e585658db973";"b8832054d0b8df1640b12b7b96f9e45828b058b5bd805d12ddaa946edfdf42ba";"17538";"2026-08-17T15:47:14.6129354Z"
"Assets/_Game/Art/Resources/T1Meshes/T1_007_SplitterA.asset";"420f9b85661ab294d8c9255126ddcce7";"f48e0e5ed3933c112be8f0d812a94bee17d1655471aa65cb13d5fa21494406eb";"cb4c5ec02661bd735db2acd7f53143ed57c6b9f77c682c38536abf90362fc803";"5484";"2026-08-17T15:47:14.5047892Z"
"Assets/_Game/Art/Resources/T1Meshes/T1_008_SplitterB.asset";"6bf1eb8a650362e4b8db015c4a7d31c2";"10590091e501ce6fb7cefaf64f14713f8f3d2575a6d9a8fcde97dc4d4c2d62c5";"272101e90aee27eb3f5942abb864c7e520a8e4f5e251b5c25d40f47c13425ac8";"5484";"2026-08-17T15:47:14.5068405Z"
"Assets/_Game/Art/Resources/T1Meshes/T1_009_Kuppel.asset";"2f8e197442a2d1e40917c809b6cfb2e2";"986a6c3e87d82465a3c56b5c6fe8e8d5407793c69db842649d260daf0d1a9aff";"1408b6ec9520dcc4de49e3ebc70b08ec43db06818f555bafacf6590450f929b4";"12038";"2026-08-17T15:47:14.7194079Z"
"Assets/_Game/Art/Resources/T1Meshes/T1_010_Beere.asset";"69fe28e14b600de488694de287947e41";"e0d3e23a1dd687d7b0be5bb1e5c2af96953331d6731e6c73c038a12a533066de";"3bbab1098266df630dd93447e5a6def533797ce3c1da0a7c7b3a2ba41b3b3443";"5486";"2026-08-17T15:47:14.5447902Z"
"Assets/_Game/Art/Resources/T1Meshes/T1_011_Beere.asset";"a372e0c9c2841b446ac38417298d42b9";"be0ec4882ca418d4c45da8dfb68e3115009c8fbe817176add30a58512fbd31a3";"e9963c1738e80a69707712341dd4f5b735468c8c1daf65040ce254e52c1dbf08";"5542";"2026-08-17T15:47:14.3492581Z"
"Assets/_Game/Art/Resources/T1Meshes/T1_012_Beere.asset";"90894af66b919da40982bf0623524f82";"d8a5cad95fd7d0e39475af3f90398815bebfe4803dbdcbc896f21153b569d9c3";"02c3aa4f8099d3641d4ccb05c6b05b57d469d85111666fe25889a93977c9e669";"5486";"2026-08-17T15:47:14.4809068Z"
"Assets/_Game/Art/Resources/T1Meshes/T1_013_Beere.asset";"1ad7be7022d871749bc95ed4a831b3b3";"1e8e034fdc59ec558911a8fd4dd02028c3420ef06f172f233083e5c29154a0e5";"be4bb8a0752cea108c4104f7fdf688e8d0d7052cd3d3f6162ff84885a58d393b";"5514";"2026-08-17T15:47:14.3356740Z"
"Assets/_Game/Art/Resources/T1Meshes/T1_014_Beere.asset";"e9853a42370e91245841524b29902175";"241ba2184998fb87b246020247bce2fcb1e1461591f1d43a904e270ead609104";"8da4522991a0717f66f8c966b38e753b7e0ab6f8e42aac43e48970ec8fde131c";"5514";"2026-08-17T15:47:14.7148309Z"
"Assets/_Game/Art/Resources/T1Meshes/T1_015_Beere.asset";"65a15f0d6f372b744bedea186be7805b";"70e384e0cfad341e412d4924cf55a590e2e5379adf4947fa1c2884cb63868c2c";"6fee5cb3851bd58bdcc50d30fd67c3bc206a9bb3c261bdd8b82a15f100ee0255";"5514";"2026-08-17T15:47:14.6905057Z"
"Assets/_Game/Art/Resources/T1Meshes/T1_016_Beere.asset";"8ea496ecd302899459c4c1b2d5e347f6";"e0d3e23a1dd687d7b0be5bb1e5c2af96953331d6731e6c73c038a12a533066de";"e6fb91951620e862cee1fa6cd271d29649d304ec208c5d3bd5aa4d1b5eccf6c2";"5486";"2026-08-17T15:47:14.7350272Z"
"Assets/_Game/Art/Resources/T1Meshes/T1_017_Beere.asset";"b5976196be38c2f47b2f2810fe31b5de";"be0ec4882ca418d4c45da8dfb68e3115009c8fbe817176add30a58512fbd31a3";"0ca76effecfce0b78715c5e278c37254de4f3bbaa9ef3c51fce0b48acdc146da";"5542";"2026-08-17T15:47:14.5886096Z"
"Assets/_Game/Art/Resources/T1Meshes/T1_018_Beere.asset";"d0034e088ceef89419b2fb9dfd0aa314";"d8a5cad95fd7d0e39475af3f90398815bebfe4803dbdcbc896f21153b569d9c3";"a43b1809e570aaf85aee39e6af21ad9453f3c58c393c8a742fb4bd511b9dffd3";"5486";"2026-08-17T15:47:14.5686787Z"
"Assets/_Game/Art/Resources/T1Meshes/T1_019_Kuppel.asset";"9c7e672500fad9243bd5b5e20d61c806";"b147b6e6bb0d8b50f7abeafec3c9fd6f2d311a0ab721b0c155da1506fd720607";"e200614f2dc827046e76c5eda26ad581308f1bb6f427b458842f1470d80241e5";"12040";"2026-08-17T15:47:14.7851688Z"
"Assets/_Game/Art/Resources/T1Meshes/T1_020_Halm.asset";"9c11da96a06050844bb0844b74def749";"eb530245b174906324722e9e73d525d012979b972a42327075d03946a7c30263";"3fcabdae13e46f38dcd5140485489332152885844007c24ee13b41eaf9ecebb9";"5482";"2026-08-17T15:47:14.6074392Z"
"Assets/_Game/Art/Resources/T1Meshes/T1_021_Rispe.asset";"c43d982833f3200449491f6e04af753b";"8add77f7da84215018a7e671e801eacf2bfcb0dc98e42aa52a41521268274731";"9c77f575423ffcbf741810065e1ad8b7b46ed53367d6677cf6bbdda2d5b73761";"5486";"2026-08-17T15:47:14.4559788Z"
"Assets/_Game/Art/Resources/T1Meshes/T1_022_Halm.asset";"d759b7a5a6927624ea3e91bb7dd4a9cf";"eb530245b174906324722e9e73d525d012979b972a42327075d03946a7c30263";"386c3a46756a2983ec615c7a6d05e6cfa44503b8a47287f18a13d2cbdc7bbe15";"5482";"2026-08-17T15:47:14.7688443Z"
"Assets/_Game/Art/Resources/T1Meshes/T1_023_Rispe.asset";"f5a70a9db090742409791a19ccae2a5a";"8add77f7da84215018a7e671e801eacf2bfcb0dc98e42aa52a41521268274731";"771d66688a1403019bdd958fa03e58688d405867db86189405da4785fc236142";"5486";"2026-08-17T15:47:14.6129354Z"
"Assets/_Game/Art/Resources/T1Meshes/T1_024_Halm.asset";"7fd64cec677c73740a7a118c95f970d3";"eb530245b174906324722e9e73d525d012979b972a42327075d03946a7c30263";"07786e98d76ea8f6ecde367e0f42b0cf8f5b326b15189c0ad1d81c021cea82e3";"5482";"2026-08-17T15:47:14.6271539Z"
"Assets/_Game/Art/Resources/T1Meshes/T1_025_Rispe.asset";"1d1c75371d36d9e4cb30c96e85bacabc";"8add77f7da84215018a7e671e801eacf2bfcb0dc98e42aa52a41521268274731";"b759ca6f72edf42a521b57724f5ff463128d351549e8138ba4dad7b86ac5b107";"5486";"2026-08-17T15:47:14.5068405Z"
"Assets/_Game/Art/Resources/T1Meshes/T1_026_Halm.asset";"6b8e220185af6e24cb74cc18c7a2e50d";"eb530245b174906324722e9e73d525d012979b972a42327075d03946a7c30263";"13b553fcefef920185e2086d8cb4636b87bba30465995703d9c25f734b95fd93";"5482";"2026-08-17T15:47:14.8115342Z"
"Assets/_Game/Art/Resources/T1Meshes/T1_027_Rispe.asset";"39b18531811cec64daefd8572c5388fa";"8add77f7da84215018a7e671e801eacf2bfcb0dc98e42aa52a41521268274731";"e68530dcdd840a6cbc3d4cfdaad9bfb25807ac1486f47dbd5cc7531561c59277";"5486";"2026-08-17T15:47:14.6085467Z"
"Assets/_Game/Art/Resources/T1Meshes/T1_028_Halm.asset";"017d1d13a575839468726f7f46ddd163";"eb530245b174906324722e9e73d525d012979b972a42327075d03946a7c30263";"ef1524bb767991bda73f7cba519ad4abd524c73d1d007f8e9a01ba76ec78acac";"5482";"2026-08-17T15:47:14.5427237Z"
"Assets/_Game/Art/Resources/T1Meshes/T1_029_Rispe.asset";"fb4aec61ff12397499119ef73dd7472f";"8add77f7da84215018a7e671e801eacf2bfcb0dc98e42aa52a41521268274731";"56bd0070f37ab455d54ca7afbe372f0c8fc0f01a1c310ea5578789a0ea92ffc0";"5486";"2026-08-17T15:47:14.4293919Z"
"Assets/_Game/Art/Resources/T1Meshes/T1_030_Halm.asset";"acae02d8a8230cb41987aff8503b3641";"eb530245b174906324722e9e73d525d012979b972a42327075d03946a7c30263";"c4154be742b7a04dd91da8ca67d604fcd617e6b13b3bf23b270dab2a16aa248b";"5482";"2026-08-17T15:47:14.8084924Z"
"Assets/_Game/Art/Resources/T1Meshes/T1_031_Rispe.asset";"d6966e58030f5064cba5d9bc97fadbd5";"8add77f7da84215018a7e671e801eacf2bfcb0dc98e42aa52a41521268274731";"270a228107f0d3abfd222690198c541c0fdffd59cc37a880eebddba7e67004ce";"5486";"2026-08-17T15:47:14.4293919Z"
"Assets/_Game/Art/Resources/T1Meshes/T1_032_Halm.asset";"a7a5a4ec7260cfb439e8490744394c71";"eb530245b174906324722e9e73d525d012979b972a42327075d03946a7c30263";"5fa97a42585493730815e1e8f5fdee499d6f7543e7add721ba83247943130359";"5482";"2026-08-17T15:47:14.6085467Z"
"Assets/_Game/Art/Resources/T1Meshes/T1_033_Rispe.asset";"97821a65102c04442bbaa583ca14c1bb";"8add77f7da84215018a7e671e801eacf2bfcb0dc98e42aa52a41521268274731";"01e95a66a8dc9b7d87fb9aeb692cef2ebc58d1bef845dc898cb84da31b080380";"5486";"2026-08-17T15:47:14.8084924Z"
"Assets/_Game/Art/Resources/T1Meshes/T1_034_Halm.asset";"bd6dc9e6ddaad4c4ba05731b3fd71a6d";"eb530245b174906324722e9e73d525d012979b972a42327075d03946a7c30263";"6d7832e321b542f566e84ff63f0bd03560ffb5dab272a9cdc713c0dcf6ba68f7";"5482";"2026-08-17T15:47:14.6765616Z"
"Assets/_Game/Art/Resources/T1Meshes/T1_035_Rispe.asset";"40db6a57ee0f8ca43a19337df4d6f27f";"8add77f7da84215018a7e671e801eacf2bfcb0dc98e42aa52a41521268274731";"fae9b0e0d656453b4d291c81f2a02fa7e9fa0850e886f4f4c50322e23066fffd";"5486";"2026-08-17T15:47:14.7005622Z"
"Assets/_Game/Art/Resources/T1Meshes/T1_036_Halm.asset";"f0c66a3c72fb8744f9059a260105962b";"eb530245b174906324722e9e73d525d012979b972a42327075d03946a7c30263";"21b138e96225ef224b766a1318f83b94ec2cfda10100c7844ae44480f508c969";"5482";"2026-08-17T15:47:14.3230267Z"
"Assets/_Game/Art/Resources/T1Meshes/T1_037_Rispe.asset";"cb02813b0d3fa73429f13652dab2a3d7";"8add77f7da84215018a7e671e801eacf2bfcb0dc98e42aa52a41521268274731";"109fc862805a3d165ee55432372992520d7f3a21363017707ce4d21dc2cc63ab";"5486";"2026-08-17T15:47:14.3260638Z"
"Assets/_Game/Art/Resources/T1Meshes/T1_038_Stoppel.asset";"5431c00b89fd1e54ea82e11a2d8d3a6a";"4e51fcb452b31571f2b09892d93e62c88b4060b4ca03c813d2ea6325e3b0c6ef";"1ee757a254f12a9a71d9b3ab695fc7332761137c288c08c55099a3c6730117ce";"5494";"2026-08-17T15:47:14.3685609Z"
"Assets/_Game/Art/Resources/T1Meshes/T1_039_Stoppel.asset";"dccfcaeb2771c6946a90c59519476836";"4e51fcb452b31571f2b09892d93e62c88b4060b4ca03c813d2ea6325e3b0c6ef";"ab1b2109c54b29083c6654d424e68fe4b1f4b94aa51a92f4a60c7cc4f8d30ba9";"5494";"2026-08-17T15:47:14.6129354Z"
"Assets/_Game/Art/Resources/T1Meshes/T1_040_Stoppel.asset";"8ef2360a231774546999b0b999b64196";"4e51fcb452b31571f2b09892d93e62c88b4060b4ca03c813d2ea6325e3b0c6ef";"b03f5f2ad062c691ddefb37235ae0a46a573b3241804b8f9324e797e19d3d9ad";"5494";"2026-08-17T15:47:14.5140182Z"
"Assets/_Game/Art/Resources/T1Meshes/T1_041_Stoppel.asset";"361e36d993c22864a9649813080facfb";"4e51fcb452b31571f2b09892d93e62c88b4060b4ca03c813d2ea6325e3b0c6ef";"2b69fcd56fb1f699e8900e5cba1099b3dbd117677573166467d8e07da156cf3e";"5494";"2026-08-17T15:47:14.7578462Z"
"Assets/_Game/Art/Resources/T1Meshes/T1_042_Stoppel.asset";"364883b3fa3b26c419812219cbcaa0d1";"4e51fcb452b31571f2b09892d93e62c88b4060b4ca03c813d2ea6325e3b0c6ef";"d526e20fe9b27054cf85d0232dd0031605962768c09318bfe913309100aa0aee";"5494";"2026-08-17T15:47:14.5938018Z"
"Assets/_Game/Art/Resources/T1Meshes/T1_043_Fels.asset";"6087462a1f79b924dbbdfd66046b65b5";"776c9778ce996f1ee4dcad3d04864e29d6b7ab392f980ff380f286dec177c46d";"683e97f5c39de5f007588d44114ee8cb295be3f8884dd8e2bdbf9ceb75f82ffe";"12040";"2026-08-17T15:47:14.6627427Z"
"Assets/_Game/Art/Resources/T1Meshes/T1_044_Fels.asset";"1f4565a408b94dd4da07fce1a4bd3089";"a34fab66c838d100f7d4f4ea68187abe6f1ba6ce9e77726d5f4a4c6cc64e0d0a";"e099f64302b2b0ff50b273c0d59fec2cbf67bd0edb555e2db65e1fb2d7543c5a";"12032";"2026-08-17T15:47:14.7979388Z"
"Assets/_Game/Art/Resources/T1Meshes/T1_045_Fels.asset";"4992e3ae1e2c6584fa41597fde311959";"05e0579a0381bc296299da87cb52ff39077b0a3f58c8317b04c45176347c1957";"f7258a277cad35382c99570f2be50d38ff8a6b044f7b44fcc61ea2efd23a526a";"12040";"2026-08-17T15:47:14.7264471Z"
"Assets/_Game/Art/Resources/T1Meshes/T1_046_Fels.asset";"195c8382d872ac84ebb77b485aa1e82a";"776c9778ce996f1ee4dcad3d04864e29d6b7ab392f980ff380f286dec177c46d";"56b5226f3c549739377646e46ef2bcfd061012cf62ade97a23028a3968c12779";"12040";"2026-08-17T15:47:14.3590021Z"
"Assets/_Game/Art/Resources/T1Meshes/T1_047_Fels.asset";"964476dec9b0ea240bda08545ece28ff";"a34fab66c838d100f7d4f4ea68187abe6f1ba6ce9e77726d5f4a4c6cc64e0d0a";"6af26e0f5bc383d4fd1ce7794ba7590997a8c94fcae90cbdcc1f97a5d6704d2e";"12032";"2026-08-17T15:47:14.7030939Z"
"Assets/_Game/Art/Resources/T1Meshes/T1_048_Fels.asset";"1f8ddaf337ac3f24b9f2f470250cf5f5";"05e0579a0381bc296299da87cb52ff39077b0a3f58c8317b04c45176347c1957";"bf5c3794fecec7ecb2e2826f04e7b97eb500ef3186032cfda1ba8f0ad8754145";"12040";"2026-08-17T15:47:14.5793721Z"
"Assets/_Game/Art/Resources/T1Meshes/T1_049_Fels.asset";"a774e4f40d0e13b41b82d382b62f29a3";"776c9778ce996f1ee4dcad3d04864e29d6b7ab392f980ff380f286dec177c46d";"40ffef5600ee9335189f52a662a047a2a3efebe943fbb1b9edfd260a08aecafb";"12040";"2026-08-17T15:47:14.4930013Z"
"Assets/_Game/Art/Resources/T1Meshes/T1_050_Fels.asset";"0aea973fc213f034dba9630ea51747b6";"71b39eaca9f25a895a5e2a217237520df33bef38b7468cb7ed6e2f968b69c092";"55eb86a5b5fc8630c23f6427d293758624c16668856bcd1c071231dc5ce8d6d9";"12040";"2026-08-17T15:47:14.4183013Z"
"Assets/_Game/Art/Resources/T1Meshes/T1_051_Fels.asset";"79ff04cc6e602af409d328c19e3e22d9";"8453930a8ec4f086cd31c95fe4f7ddca852e4c53584c8384ecc4027bd95c7d3b";"9d33e4abdb3f18f62727a64d57719eb656c7903178a796c762388da8b223352b";"12036";"2026-08-17T15:47:14.6306716Z"
"Assets/_Game/Art/Resources/T1Meshes/T1_052_Fels.asset";"1043bed57f0ec214381f359a0387b5fc";"e88a199ffe43b64380e654463f09213fb0e53a8ed070670b70f56226bfc28680";"844605326a69e80621006c0d45699146fe40cc000eb8259ca490ee9f457af747";"12040";"2026-08-17T15:47:14.7478561Z"
"Assets/_Game/Art/Resources/T1Meshes/T1_053_Fels.asset";"6f36ea9db29903b40b5b3257c1651d28";"ed4e154926e30ed6e47cf00c89b1accdfaccbaf31584276f94d0bb988031f3a2";"da9f16d6e74575623f7b76d1b2481e27115b23b81f94b033efbeef6ec9f2c5a3";"12036";"2026-08-17T15:47:14.6765616Z"
"Assets/_Game/Art/Resources/T1Meshes/T1_054_Fels.asset";"69b266b23579448449e6fd82ab604ea8";"a11ea32a68b5b7cb0d8e7646e02c6294d0e6ce8ca7b3b4a8be87f8d43d3f1585";"ee41f72e3e0a5fba1b6ab218625ce6cbd16298e570c495440fe915d9f2de023a";"12040";"2026-08-17T15:47:14.4448195Z"
"Assets/_Game/Art/Resources/T1Meshes/T1_055_Fels.asset";"51fb157ae78c6fd408530427f320dbd6";"26bab62d27dd5dfba1086178b5f606934e5ac1b38dc6e8033c1839d93ca03a53";"29407c02d95cbbdae1586992682eb83026c7057bfc7025d18cde27dd3bb0d838";"12036";"2026-08-17T15:47:14.4667395Z"
"Assets/_Game/Art/Resources/T1Meshes/T1_056_Fels.asset";"f142d16a4e8005344890212c72ff46e8";"d5152d97960239c77a25c69c55d3e0797393abeedf0201633c4b0bbd6f0a6a8e";"06c018cab803930d687cfc1d93ef8d2229c534a2ecfbbdd1127377150cffad86";"12036";"2026-08-17T15:47:14.7386669Z"
"Assets/_Game/Art/Resources/T1Meshes/T1_057_Fels.asset";"6487e403bde9f71478166dcbdf01da5f";"a11ea32a68b5b7cb0d8e7646e02c6294d0e6ce8ca7b3b4a8be87f8d43d3f1585";"41368fb197019993957a692dbb26b2f6a57222efeab43d9c38e9707460100999";"12040";"2026-08-17T15:47:14.5958735Z"
"Assets/_Game/Art/Resources/T1Meshes/T1_058_Fels.asset";"6251df07fa92f16429dc767bb69c8bad";"26bab62d27dd5dfba1086178b5f606934e5ac1b38dc6e8033c1839d93ca03a53";"2acefe8540860b8820dff525ee5095d5f14774e7e3aed05a6d6ea95a16da16ce";"12036";"2026-08-17T15:47:14.5327838Z"
"Assets/_Game/Art/Resources/T1Meshes/T1_059_Fels.asset";"ca78c8a171525f04ead8a9a375a0f90a";"d5152d97960239c77a25c69c55d3e0797393abeedf0201633c4b0bbd6f0a6a8e";"36193cbe0f5a0dd36d41606f1223c64d61110729ec99c279a1317fa20d50a2a8";"12036";"2026-08-17T15:47:14.4035607Z"
"Assets/_Game/Art/Resources/T1Meshes/T1_060_Fels.asset";"16885db639000264dbb3059e5d620de2";"a11ea32a68b5b7cb0d8e7646e02c6294d0e6ce8ca7b3b4a8be87f8d43d3f1585";"7c73e4543a1f61261aa57af84486f04db7471cfe4d5856a13465f21264023af2";"12040";"2026-08-17T15:47:14.4324634Z"
"Assets/_Game/Art/Resources/T1Meshes/T1_061_Erzsplitter.asset";"4d9f063f9d8ce894781da32c04339f79";"486551a702435f04163ed562caf87e46c4619425fe99f11c6d346030a7053a3e";"a977f60fbf85ed958b1d1f7ec47d4a2147984b6be782c20f5387431a5f17d028";"5498";"2026-08-17T15:47:14.4930013Z"
"Assets/_Game/Art/Resources/T1Meshes/T1_062_Erzsplitter.asset";"e52830e533b85764985c07b92afe2dab";"486551a702435f04163ed562caf87e46c4619425fe99f11c6d346030a7053a3e";"a09ac31546ad6b731ac3bd9d22d2af8bf2d9990d6cec148ad23535571729861b";"5498";"2026-08-17T15:47:14.3936980Z"
"Assets/_Game/Art/Resources/T1Meshes/T1_063_Erzsplitter.asset";"0f9bf505711f9fb40a7557be686e41bc";"486551a702435f04163ed562caf87e46c4619425fe99f11c6d346030a7053a3e";"8e2d2aebc694a1b3cb76c8f143bea31834cb1160a69fcaa558142cf6cf2aa973";"5498";"2026-08-17T15:47:14.7831326Z"
"Assets/_Game/Art/Resources/T1Meshes/T1_064_Erzsplitter.asset";"fd7f13973a2a3924cbbb0dfecc337f1e";"486551a702435f04163ed562caf87e46c4619425fe99f11c6d346030a7053a3e";"e974824ea54624b1351d0cc4c83dc55fe7464b312215ea31592b18c4f06218ac";"5498";"2026-08-17T15:47:14.6627427Z"
"Assets/_Game/Art/Resources/T1Meshes/T1_065_Erzsplitter.asset";"9685e5de830f230429d25b776785031b";"486551a702435f04163ed562caf87e46c4619425fe99f11c6d346030a7053a3e";"d8a414c94f5c17bc218c23df7a2f7fe9b4222c15f67b43722170a9da8504a287";"5498";"2026-08-17T15:47:14.6581995Z"
"Assets/_Game/Art/Resources/T1Meshes/T1_066_Fels.asset";"3907a58d474fa6b428dfaf6f78343df1";"e2c82d15b2d405cb34a36ab35f801f7a088b7f17d1f464c2d21e56667e45ff92";"6ae9691b68dfe73a92fd61e50a9a1021f767c08e71fe06fbb0b2ae881b17428a";"12040";"2026-08-17T15:47:14.5588664Z"
"Assets/_Game/Art/Resources/T1Meshes/T1_067_Fels.asset";"a5946ea7c78d1a2419fb471c48b8e204";"c997546f947317744349b332d06171b580640aba96ec28c1c7bdfb420cb56abd";"595c297cbdbb07445823379864a28a6bc8ad87a120b055997f3e733490562ae2";"12040";"2026-08-17T15:47:14.3797794Z"
"Assets/_Game/Art/Resources/T1Meshes/T1_068_Fels.asset";"9afbf9d1a0bf7ae4bac3d5d19e0f3770";"7188c51b2e353b76fd52d8f3288abc55b9d027f97c378c0d69ff0205b30d9b79";"1965181df5677e4b5e86d274678d4a826f04a070095f2d7736d8828fcc2821af";"12040";"2026-08-17T15:47:14.6412844Z"
"Assets/_Game/Art/Resources/T1Meshes/T1_069_Fels.asset";"da4b3c65c0aba0149954cee18f35af9f";"39b4e9dc79efd46b95a80365f78c8316b38e7913631d3b930442306f89b0645e";"6b220b10d6045260c52466457eab5ace04a8009d48ab9cd0d4faf50eef7beeef";"12040";"2026-08-17T15:47:14.7724165Z"
"Assets/_Game/Art/Resources/T1Meshes/T1_070_Fels.asset";"af15b5b69d99ea2458248a0b6be1f007";"26bab62d27dd5dfba1086178b5f606934e5ac1b38dc6e8033c1839d93ca03a53";"9531b4747b761a9a1ca6801016c2417faefb3c7f22c9acca52e9aa1c6c762091";"12036";"2026-08-14T15:56:52.5553046Z"
"Assets/_Game/Art/Resources/T1Meshes/T1_071_Fels.asset";"59c02ef1f66d4394cb5c4871bc75fde1";"d5152d97960239c77a25c69c55d3e0797393abeedf0201633c4b0bbd6f0a6a8e";"a4e3136c9f5c191daabc94a9c15df0bc7660f2f99ffda16a81340492cd89d3c4";"12036";"2026-08-14T15:56:52.4571527Z"
"Assets/_Game/Art/Resources/T1Meshes/T1_072_Fels.asset";"58c3fc0a3a24b224fa9be451ff0e55a5";"a11ea32a68b5b7cb0d8e7646e02c6294d0e6ce8ca7b3b4a8be87f8d43d3f1585";"69f6695fdce360801735b2c3f8ed3abf5731e0b53766e3685de47bfb71c648e7";"12040";"2026-08-14T15:56:52.6772512Z"
"Assets/_Game/Art/Resources/T2Meshes/T2_000_Stamm.asset";"42decbe9ba756bc47bb69671accc2586";"a789ede633c530fa76c266ac11c947d28f427ee5d2afbc508daed76aa7d840e4";"e3ab11c03fe1d0cba580e9413fdfef3577f48c21a3aeb2b31ea501b8d85e5d98";"17534";"2026-08-17T16:06:48.3797119Z"
"Assets/_Game/Art/Resources/T2Meshes/T2_001_Ast.asset";"42bffa7acdeb7b94db308e7817f8020a";"ba244cef19a340a67069a07290af8cff98afb7ac22c85290ccc63436ade2038e";"8f4b8cd10e94a7f2f037abde1ca65b39492cb93efe3488a45807f30170cbfde7";"5486";"2026-08-17T16:06:48.6133957Z"
"Assets/_Game/Art/Resources/T2Meshes/T2_002_KroneTief.asset";"d1243b4cc98c0c24ab6843b42eea7893";"a04d3e35821957984633895eaf02a1520cbf68656d4f46ec870fb799b1ef2b1c";"916b79a275ca5c63161d0587238bb31d3bb8b0c71ee5ebc739f87416451b5761";"14790";"2026-08-17T16:06:48.4924635Z"
"Assets/_Game/Art/Resources/T2Meshes/T2_003_KroneHoch.asset";"cc6beb44f9294eb46890c816c0e33f11";"86d085eb4eb640b51b2135a5aaf1b69f51ef1505d8942665d9bd63438c695bf7";"8f286c510711311b9aa740d7c78920cc9a098f630bdec1d95f2c14c356fbafa5";"14782";"2026-08-17T16:06:48.3431699Z"
"Assets/_Game/Art/Resources/T2Meshes/T2_004_Stumpf.asset";"0c8d9e8b6d30ce345815ee40a5b891aa";"d9a89f1433b8e5082210659376883a33ec94dcb93150a877535ff1e2c0178a47";"ee691eaa13423edb586b3090022397e4e92330b53f3dcd5a6923818b5e49bd0f";"14778";"2026-08-17T16:06:48.7147148Z"
"Assets/_Game/Art/Resources/T2Meshes/T2_005_Splitter.asset";"9328867c9639c1b4a84539b6b66266ee";"382419e085ef1928c42997d9f6d1e3743765472caf3075b6c539f918119c10f3";"2006dee7da81e105ef5f501350202ba6a4051eba7c157ab445599e16916c4123";"5484";"2026-08-17T16:06:48.2994715Z"
"Assets/_Game/Art/Resources/T2Meshes/T2_006_Halm.asset";"e80647a595d9a5d42bac99dd762b55a5";"c8d19e70285d939d4ae084b11c09fcc8959c63bbb4fc53a8a8638df5725b5705";"e12e0296196a97285240c9f1af86e91cdaf3664cfcfc51d8796efa40f3b1c799";"5490";"2026-08-17T16:06:48.7085897Z"
"Assets/_Game/Art/Resources/T2Meshes/T2_007_Kopf.asset";"d366f849517e2244999b9a195e82b457";"6d77c0ab497352fab207193ba9ea82674274e977a96ec3a862d12f741f68c456";"c207f29996287366825664afcf424785c2ccccd14dfce446ea484223bf25f38c";"5482";"2026-08-17T16:06:48.4445830Z"
"Assets/_Game/Art/Resources/T2Meshes/T2_008_Halm.asset";"2f1415a424e438d42b896ff14c4bb0d0";"fa2dbafd4217a3ebe7411a218ce354e94cb3bbc341ad794efe450c88ae00d198";"90a39a7a0e1788f9f8172d26b0c8bba0e88f2e53917dacaa7fbf315b69c79175";"5490";"2026-08-17T16:06:48.7666125Z"
"Assets/_Game/Art/Resources/T2Meshes/T2_009_Kopf.asset";"681fce933c75f8045aceccf25b0e8df8";"6d77c0ab497352fab207193ba9ea82674274e977a96ec3a862d12f741f68c456";"4d6fb4781e1c829d469ff6797f1993ac49aca6b7e24bc6a9771c8e645e7e23c0";"5482";"2026-08-17T16:06:48.8064930Z"
"Assets/_Game/Art/Resources/T2Meshes/T2_010_Halm.asset";"83e50a851be1e634d838826a16a697eb";"31641df1e04813f638dc78e98c30a13d8a31000a4dbfefb3240a20dc4ac9335b";"cd34e19867a7c6ef142ad73f81c2d98aabe30d36bdec0160679d882c9dfc0930";"5490";"2026-08-17T16:06:48.7297858Z"
"Assets/_Game/Art/Resources/T2Meshes/T2_011_Kopf.asset";"5726ecc159b81af428b1c55aeb3256c0";"6d77c0ab497352fab207193ba9ea82674274e977a96ec3a862d12f741f68c456";"afdc48f1b7325f8a38aaec00d968d0d536a2b410a658367e1c99c763f8260a4b";"5482";"2026-08-17T16:06:48.5229801Z"
"Assets/_Game/Art/Resources/T2Meshes/T2_012_Halm.asset";"55d41eac3e9a1dc47843dfc95b03f22a";"8a30f4f4f937e15137eb85044e3e69d118fb3ca53c39df22ac28070dbcfebee3";"6a373219599cbadbcb76463e481d896a6c00c33b865ca037bc9957241c8b7ce5";"5490";"2026-08-17T16:06:48.3016395Z"
"Assets/_Game/Art/Resources/T2Meshes/T2_013_Kopf.asset";"332e7993cb218244b93f1dda26f40517";"6d77c0ab497352fab207193ba9ea82674274e977a96ec3a862d12f741f68c456";"d86d616c5c80315a0d9ece559ce0bcaa4c79019400b9cf0139f254ba06fa6743";"5482";"2026-08-17T16:06:48.3757356Z"
"Assets/_Game/Art/Resources/T2Meshes/T2_014_Halm.asset";"be6da523c8a3b694f915caa549849874";"c8d19e70285d939d4ae084b11c09fcc8959c63bbb4fc53a8a8638df5725b5705";"64fcaaaec4150d920fb4c7f7d332a5ea16aeb92962f4083eb07ae689e2fca2d1";"5490";"2026-08-17T16:06:48.4490936Z"
"Assets/_Game/Art/Resources/T2Meshes/T2_015_Kopf.asset";"567378970026d874395e3e8883b14ebf";"6d77c0ab497352fab207193ba9ea82674274e977a96ec3a862d12f741f68c456";"1d478bf3ff9e515e51559de63126eb2561a4941d77c3524e97c6e6aa9d59f80c";"5482";"2026-08-17T16:06:48.2969629Z"
"Assets/_Game/Art/Resources/T2Meshes/T2_016_Halm.asset";"fefbcefad509e5b48a8cad7c13b7a969";"fa2dbafd4217a3ebe7411a218ce354e94cb3bbc341ad794efe450c88ae00d198";"d879e31d90ae0954a3db2c7a5c69a39ec22811180d0e2f419cfc697f109aef25";"5490";"2026-08-17T16:06:48.8085281Z"
"Assets/_Game/Art/Resources/T2Meshes/T2_017_Kopf.asset";"045099c0d86ef5743a365976bc1354b7";"6d77c0ab497352fab207193ba9ea82674274e977a96ec3a862d12f741f68c456";"0cb49be8ed36b047219fb2e8e67ff3449cfe83a09b2f5b644dfc47bc8533e2d7";"5482";"2026-08-17T16:06:48.4420603Z"
"Assets/_Game/Art/Resources/T2Meshes/T2_018_Halm.asset";"a028fe543bf493446864ba6c0dc8e606";"31641df1e04813f638dc78e98c30a13d8a31000a4dbfefb3240a20dc4ac9335b";"b516192e4dd569473ed447f6e61a18cb48639f6523eb8f06763a0c297a8690bc";"5490";"2026-08-17T16:06:48.4005515Z"
"Assets/_Game/Art/Resources/T2Meshes/T2_019_Kopf.asset";"86434e0765a28fa41a680f3b62384b56";"6d77c0ab497352fab207193ba9ea82674274e977a96ec3a862d12f741f68c456";"a08e2e1be1506e4b96a660b622e04364cae1819d822ba19d893bf66bc60266f6";"5482";"2026-08-17T16:06:48.6109395Z"
"Assets/_Game/Art/Resources/T2Meshes/T2_020_Halm.asset";"2e33e804004786245ad94effb6c89f22";"8a30f4f4f937e15137eb85044e3e69d118fb3ca53c39df22ac28070dbcfebee3";"f53d3c326e6bfcb9909573594fd365d1f3585d8df77ac074a997a09d9495fd34";"5490";"2026-08-17T16:06:48.3057044Z"
"Assets/_Game/Art/Resources/T2Meshes/T2_021_Kopf.asset";"579c59a3d18174f43a6000dc12c9b35a";"6d77c0ab497352fab207193ba9ea82674274e977a96ec3a862d12f741f68c456";"6c0689bd72764981763993b23a03b1fac710ef8a7a0aa4cb8a8fd2fe491f6092";"5482";"2026-08-17T16:06:48.6595552Z"
"Assets/_Game/Art/Resources/T2Meshes/T2_022_Halm.asset";"9ebc4ddd261384a429bab4f78bfe7411";"c8d19e70285d939d4ae084b11c09fcc8959c63bbb4fc53a8a8638df5725b5705";"4fe35d156b87c3ff92e06d0d882f2fbba9402d0efe018d727883d17c232b2257";"5490";"2026-08-17T16:06:48.7686203Z"
"Assets/_Game/Art/Resources/T2Meshes/T2_023_Kopf.asset";"cf54ef45e8faf1d4eb670e2d43f46c2b";"6d77c0ab497352fab207193ba9ea82674274e977a96ec3a862d12f741f68c456";"9d668cfec2f7fd5203f387ab96fc4428c41f30c99c7f03a14a338c826ef8a0e7";"5482";"2026-08-17T16:06:48.4465826Z"
"Assets/_Game/Art/Resources/T2Meshes/T2_024_Halm.asset";"c1a041d9491658243a69d3b93d656c03";"fa2dbafd4217a3ebe7411a218ce354e94cb3bbc341ad794efe450c88ae00d198";"7d51395a49adf48a5732f741fa6f4a202c5d1eef3bff4c2182fd18acd7bbc850";"5490";"2026-08-17T16:06:48.6892237Z"
"Assets/_Game/Art/Resources/T2Meshes/T2_025_Kopf.asset";"e1220f6c05bf2ac49bc905efdf2118c0";"6d77c0ab497352fab207193ba9ea82674274e977a96ec3a862d12f741f68c456";"88d7bf0db992875a91443f8917bdc51aa13d159741c1ceff6f86d16dbcedffcf";"5482";"2026-08-17T16:06:48.5905094Z"
"Assets/_Game/Art/Resources/T2Meshes/T2_026_Halm.asset";"46ab493a9adb86449a3c3f007d73b835";"31641df1e04813f638dc78e98c30a13d8a31000a4dbfefb3240a20dc4ac9335b";"40513b120f6a973f3047bdf69135c4a7413cac3ae775a26083022ebbdeb14c40";"5490";"2026-08-17T16:06:48.5737229Z"
"Assets/_Game/Art/Resources/T2Meshes/T2_027_Kopf.asset";"2aa59d4b69d81ce4a9538245dc9b2e56";"6d77c0ab497352fab207193ba9ea82674274e977a96ec3a862d12f741f68c456";"3e1dbe09e6ecd59c990d5eba111f9dadedf3b72fcef7b1436b5a3502be73a7af";"5482";"2026-08-17T16:06:48.6665199Z"
"Assets/_Game/Art/Resources/T2Meshes/T2_028_Halm.asset";"f4b21fb1092d0a94389eefab5534c728";"b1643d07eb04bc8ed06ef83c613ae68917649be37363eeba8824b72de4caa07d";"b0722f1c44f9c4abc3845f4383040dba98bb4e9b2008923d361b009741d61b71";"5514";"2026-08-17T16:06:48.4394182Z"
"Assets/_Game/Art/Resources/T2Meshes/T2_029_Halm.asset";"a7a85b3e2d57b9e4499136d94d58b609";"649ad0ba7d4d4cf131b91913c2a4a59b5b54e2a959693f03b62fd3b04c2ff6cd";"933191c7703485975f94bbf68300932ed77d2f4baad520453761e98a0d6af03a";"5518";"2026-08-17T16:06:48.7109954Z"
"Assets/_Game/Art/Resources/T2Meshes/T2_030_Halm.asset";"0656d5e1b2dbb8847983626e49b7472a";"b1643d07eb04bc8ed06ef83c613ae68917649be37363eeba8824b72de4caa07d";"ef828df5cf24747bc694d78e23cf1609546f38d7de88869508fc5d5b48e6d049";"5514";"2026-08-17T16:06:48.3772499Z"
"Assets/_Game/Art/Resources/T2Meshes/T2_031_Halm.asset";"7da36fb0ef708f6499c74e964cd032cd";"649ad0ba7d4d4cf131b91913c2a4a59b5b54e2a959693f03b62fd3b04c2ff6cd";"d1d2d526e5babcdcce89dfc5a9996df87b8cd41ad8dc22ea9a7e2c757ab3f26b";"5518";"2026-08-17T16:06:48.7619505Z"
"Assets/_Game/Art/Resources/T2Meshes/T2_032_Halm.asset";"3a9ea5f52305f014d9641a901d3745d0";"b1643d07eb04bc8ed06ef83c613ae68917649be37363eeba8824b72de4caa07d";"01a81500f0d9914fee495951f5a270db963c3a86da6fd13d7764d6712332b9d3";"5514";"2026-08-17T16:06:48.4692330Z"
"Assets/_Game/Art/Resources/T2Meshes/T2_033_Halm.asset";"ff8ef2fbdf65d8546b3175f956c20814";"649ad0ba7d4d4cf131b91913c2a4a59b5b54e2a959693f03b62fd3b04c2ff6cd";"cdcf8bc600fbd46ab2b0991ba5e5c362e32341e45e3a1eab9972339d06517643";"5518";"2026-08-17T16:06:48.6871811Z"
"Assets/_Game/Art/Resources/T2Meshes/T2_034_Halm.asset";"aa3e4c7f9f3e09c4697deef3513fb9e0";"b1643d07eb04bc8ed06ef83c613ae68917649be37363eeba8824b72de4caa07d";"f369ebd717158bb920cb8fd95237922633bafd8d9d9c2b53ed7100a0cf91c2b8";"5514";"2026-08-17T16:06:48.6618283Z"
"Assets/_Game/Art/Resources/T2Meshes/T2_035_Fels.asset";"1d6bee0ecf2dc4c489ff6ffdbe4beae3";"09092dbcbde0aef7bb829acd3d353a0b6ca31e9025b256f451be91ab0535798f";"fd70dd10dfcf75281ec29af50b26f20ed0afd345b91be7e2319e0532e2c910ad";"12038";"2026-08-17T16:06:48.6438189Z"
"Assets/_Game/Art/Resources/T2Meshes/T2_036_Fels.asset";"ab77e67569afe254194966771096906b";"e24fb0410324e93fafb4c8cce9951c8b9beff32121d1112a208db8449f5a7a29";"6b6b7a62cda7e952a6faaf8986ee5414c4b6464cd4b996b996422d766a640150";"12034";"2026-08-17T16:06:48.4742929Z"
"Assets/_Game/Art/Resources/T2Meshes/T2_037_Fels.asset";"a1ae0adac69e30c4fb8b6d70249ba5c8";"88d0af20bdcebe01193a2baabf245af88e24113b9a13e150adaf16338ef27b7d";"5764a03ee7788d228d32c7cc3ff624f85a964a7e633b4c43dec22c91ce9f1a67";"12018";"2026-08-17T16:06:48.5774235Z"
"Assets/_Game/Art/Resources/T2Meshes/T2_038_Fels.asset";"fd28818975b24684685535a6115518d7";"09092dbcbde0aef7bb829acd3d353a0b6ca31e9025b256f451be91ab0535798f";"563d457f67a451925d22c7fcb7872d40ce05b0febf41cae79704e6e81b1747de";"12038";"2026-08-17T16:06:48.5081541Z"
"Assets/_Game/Art/Resources/T2Meshes/T2_039_Fels.asset";"db44c2813ee2a7d43b76ace4f7f77305";"e24fb0410324e93fafb4c8cce9951c8b9beff32121d1112a208db8449f5a7a29";"a28e42eb549f3ac18126d545ef6b550ea7145fa309142d0f0a79058dd7687f9f";"12034";"2026-08-17T16:06:48.6261372Z"
"Assets/_Game/Art/Resources/T2Meshes/T2_040_Fels.asset";"0d5bc36fc4934884fb64ebf5f31b81f9";"88d0af20bdcebe01193a2baabf245af88e24113b9a13e150adaf16338ef27b7d";"ed1183bebea75e3a4630473f914a34edb65062ce5ab8fd9cdd90821a34c5e89b";"12018";"2026-08-17T16:06:48.7746731Z"
"Assets/_Game/Art/Resources/T2Meshes/T2_041_Fels.asset";"efbf63e949999b441b9fc6cf135a80a7";"09092dbcbde0aef7bb829acd3d353a0b6ca31e9025b256f451be91ab0535798f";"b12b6df0ade65a96096a3165ad4bec37e1f4d300a2f6857e38519f7a9a3b7afd";"12038";"2026-08-17T16:06:48.7323249Z"
"Assets/_Game/Art/Resources/T2Meshes/T2_042_Fels.asset";"1503b7ebfcd8c7e4d90d51c24002ae4f";"b554dbbd6e3afb3955f2ea08913324ef019b199e213f3869dafcd3e1e053f3e2";"55a60ae9975cd14d6663342d04a5cf505d00cb1266963afe3950900e2cb10b57";"12026";"2026-08-17T16:06:48.7494209Z"
"Assets/_Game/Art/Resources/T2Meshes/T2_043_Fels.asset";"67641551fc72fa246bcc27f0c0cafec7";"f2c0b3a70687152491629a98fa52025fc1ff6ab9b4e4d2d615189a7c987530d5";"a8a6eb2619f59af470d5df748d88541c8719101587b5f65644b0a1f79c076aa2";"12022";"2026-08-17T16:06:48.4197071Z"
"Assets/_Game/Art/Resources/T2Meshes/T2_044_Fels.asset";"463980e54d59e334cbb615ac7360a35c";"e5500bc9a6d45daa5cee5be018cd47a91d753649d819f09f3942f854e90ba9e8";"ec7f789390a6aab93c622992ceb59a5b051b4df46a47029ff63e2722c696074e";"12026";"2026-08-17T16:06:48.5949296Z"
"Assets/_Game/Art/Resources/T2Meshes/T2_045_Fels.asset";"1067fbef71220414aabd25f884d5a14b";"bdc0ae4c7ad248604d18387ffb943cc30e5b1ff50222b74a47c8229847a32ab5";"fedc62ff0d9c7679e8c2e7c40723e0f8b125a14f7d7acb3198c0c5d9157bdbfb";"12022";"2026-08-17T16:06:48.4040863Z"
"Assets/_Game/Art/Resources/T2Meshes/T2_046_Fels.asset";"b299a2c0cd786cc4cb57b32550316ae0";"6dfa997f696c5fa37c025a5bcaf0b4b87d5521b6df6f861e403040488fb972ce";"21203bc498a40b26c6f87ed4e3917594ce6d217b9bfcacf4ac722ce093d952cd";"12038";"2026-08-17T16:06:48.4516002Z"
"Assets/_Game/Art/Resources/T2Meshes/T2_047_Fels.asset";"89907ecb07b9f5a4db1f09acbfa60226";"055ffc5d39a95647350f91537773dd6c7c0d01330a24f7aa17058f9ae7e4c6b3";"314cac4cec51b374a0f66ef2c4a8907563b6a4426b1113a5e63af25f5b60cb03";"12034";"2026-08-17T16:06:48.3609520Z"
"Assets/_Game/Art/Resources/T2Meshes/T2_048_Fels.asset";"4456e05fbfdb6514890a474cca4086c3";"a68c350fe0df87524ef31f7fea37f92c57c9f2b6e2318711850223bef3d9d775";"c7e8788b2d27eb5589ffa94f7b41689740a011fae29d0e33d7b16e353d85bb65";"12018";"2026-08-17T16:06:48.3245369Z"
"Assets/_Game/Art/Resources/T2Meshes/T2_049_Fels.asset";"f8db1283b249ef8488185a905f1fc3c4";"6dfa997f696c5fa37c025a5bcaf0b4b87d5521b6df6f861e403040488fb972ce";"ff6050ac6d37755958144b1f8e4dd2e3bf626a14a41689da11b169b187862b47";"12038";"2026-08-17T16:06:48.5282649Z"
"Assets/_Game/Art/Resources/T2Meshes/T2_050_Fels.asset";"1e77a959dc69f0b40958b20247ad4287";"055ffc5d39a95647350f91537773dd6c7c0d01330a24f7aa17058f9ae7e4c6b3";"368565619d77217a8d2322cfc0818681a98e96a3385fa5ca470a4088eeefa96d";"12034";"2026-08-17T16:06:48.3083495Z"
"Assets/_Game/Art/Resources/T2Meshes/T2_051_Fels.asset";"8b0eb5090b2dc6b43bbc16bb5a187a17";"a68c350fe0df87524ef31f7fea37f92c57c9f2b6e2318711850223bef3d9d775";"618571ab402e77b2a7311df899438604a4a5ce4e6a64d0c2354edf905475559d";"12018";"2026-08-17T16:06:48.5419699Z"
"Assets/_Game/Art/Resources/T2Meshes/T2_052_Fels.asset";"22da8cd5e91f7e84b9a0cb62262ec3cf";"6dfa997f696c5fa37c025a5bcaf0b4b87d5521b6df6f861e403040488fb972ce";"6ac4036555578f408b5c52906c816ecf5151725104f2376e62f7ada729fdaedd";"12038";"2026-08-17T16:06:48.6925723Z"
"Assets/_Game/Art/Resources/T2Meshes/T2_053_Erzsplitter.asset";"c252c2220e7095b4294d9b96b1192db5";"98ad6a8c4e31a291bc8c12eb51dbe0c7dd6efc9aa537d79963807067f85e477b";"4eae4314ee26bba9d788b7333ff9fe455636ee2dc3e0fefddbd122a352a2228a";"5506";"2026-08-17T16:06:48.4717513Z"
"Assets/_Game/Art/Resources/T2Meshes/T2_054_Erzsplitter.asset";"9aa116fd14f3199499f99ed2abb03f0f";"98ad6a8c4e31a291bc8c12eb51dbe0c7dd6efc9aa537d79963807067f85e477b";"4e61101a5c9bf0bd1aefdc2860f530460d009e3a1faa3056445a0113af83b53e";"5506";"2026-08-17T16:06:48.5252347Z"
"Assets/_Game/Art/Resources/T2Meshes/T2_055_Erzsplitter.asset";"399a9a7fffb5c0945954acb45ff41a21";"98ad6a8c4e31a291bc8c12eb51dbe0c7dd6efc9aa537d79963807067f85e477b";"ee55601410bd49e02d49e815e3e5bde712213497dbc420a080534e03b8ec04e3";"5506";"2026-08-17T16:06:48.3391686Z"
"Assets/_Game/Art/Resources/T2Meshes/T2_056_Erzsplitter.asset";"61bfddb9b50a421488bbb4d7734f1e63";"98ad6a8c4e31a291bc8c12eb51dbe0c7dd6efc9aa537d79963807067f85e477b";"4cd74aa525284a31059650e2f2edd8cabb40e4d45d4c391734a312ec483ed9a2";"5506";"2026-08-17T16:06:48.3401685Z"
"Assets/_Game/Art/Resources/T2Meshes/T2_057_Erzsplitter.asset";"35f09f890a2092f4fb9be2350d14d0d2";"98ad6a8c4e31a291bc8c12eb51dbe0c7dd6efc9aa537d79963807067f85e477b";"a36fccbe98a5375888e36484cec80b561878801ae05fe3c459a7876feb7a5fbf";"5506";"2026-08-17T16:06:48.6856733Z"
"Assets/_Game/Art/Resources/T2Meshes/T2_058_Fels.asset";"31bbb6403e5aab4478b664296fea964b";"f427de4ee69e13753fbb2a862a29dff5530f2f82c19e99932bbea134d1a56b4b";"e908a637b79aaa20d0a51dea340c5dd047cdf99381f366291417d540b2867770";"12026";"2026-08-17T16:06:48.8251306Z"
"Assets/_Game/Art/Resources/T2Meshes/T2_059_Fels.asset";"b1599283c96a40a44a13fdb8052e3689";"8e0a2f96c050a9185caf22d2a8d2bbb589e5db016c45e6990d4fc3e4ba91d4e9";"7c59904edbbb34656dbeedee03bc908f1bfe7de58ef651e8cf197f586d03439c";"12022";"2026-08-17T16:06:48.6696320Z"
"Assets/_Game/Art/Resources/T2Meshes/T2_060_Fels.asset";"f2a8097ec0b357245ac391707e6b7920";"f7b2c5e8f0c4bdcdbe81b2313ef7add46f0117c45664e77b1cd45f2a87f66ca6";"df33d52fe690b665e1ee1fa5a5af9ef3bb107c9ad1a58335ae4f5a82065b2744";"12026";"2026-08-17T16:06:48.5551797Z"
"Assets/_Game/Art/Resources/T2Meshes/T2_061_Fels.asset";"bd03c83afc6d4d64fafa8bd972fabd94";"0570d828cb9379e00b3e8d66a80ff23f6be456b827bc579e0cf1278029dd1a6d";"854ab2f75269b9a292b2d87b7391f5bad253ac2046759b414f308d210218b02d";"12022";"2026-08-17T16:06:48.7921553Z"
"Assets/_Game/Art/StyleProof/Meshes/SP_000_TreeA_Stamm.asset";"4965b8d3be5562043acbf97d58b815a3";"b3e3d17b14cbd4b878384eeb9b1ba6931bca15135f303b3a2890e4ff3785358f";"88743f54ebfa5b597bc164db2cdf8638c5c7f604fa61a301a4d80ac09cafc0f3";"17536";"2026-08-14T15:56:55.5437378Z"
"Assets/_Game/Art/StyleProof/Meshes/SP_001_TreeA_AstA.asset";"4d962ae21d6449b4cbb60e882489d287";"b06432a469ff6e9c7827faa33fe4c1e8381b4b039ecdb18e90127017118bf775";"96e18c37fe1141abf2a687cedafdd0cc92360cd875c069f43830d2dc081cee83";"5486";"2026-08-14T15:56:55.2406094Z"
"Assets/_Game/Art/StyleProof/Meshes/SP_002_TreeA_AstB.asset";"b6f852c76603cef478cceae5494a3bfe";"abf1d926b4d876e74b8f0e851639b0357d1ab6d758d0129ae030f0d18809e92c";"07e96eef4b9888e4295b6429fcb5c80c1adb5dd7d28ea20bac9c58de77d41faf";"5486";"2026-08-14T15:56:55.8969552Z"
"Assets/_Game/Art/StyleProof/Meshes/SP_003_TreeA_KroneTief.asset";"94636064fb7345f4ea3264a14052d782";"fc374c6ca2c8964c87060a351f1700216f66a4db4a3eba1da9e7656e7ef68cf7";"d59a9e7276912be582520f5ab6ffec716ed0e74e06df27af4297672dae2bf790";"12046";"2026-08-14T15:56:55.2238597Z"
"Assets/_Game/Art/StyleProof/Meshes/SP_004_TreeA_KroneMitte.asset";"a358b49b942df2b40a812c1e1b906a0f";"2fb70926175a9875e62e895ea24e01fa8b349395c4b6a7be0ecb4437ffefa9ac";"b6cdf95747ce70c7042b92425919373a192257f14ec739b3827d78e1ced01977";"14782";"2026-08-14T15:56:55.4644013Z"
"Assets/_Game/Art/StyleProof/Meshes/SP_005_TreeA_KroneHoch.asset";"27f9528f22706a94dafd5ce2e3f47b58";"e9701fd8b03b8bdf7639cb0d78316acc0b8f6d21ca04996a24b81c4f2eb96431";"d2045f9c06712799252e94cc76ce8a03b5c01435a35f6d4ed74a786679842052";"14784";"2026-08-14T15:56:55.2762166Z"
"Assets/_Game/Art/StyleProof/Meshes/SP_006_TreeB_Stamm.asset";"5ce9d1c59174287498007c140d09fe38";"6ce7ad428d4c91708a6dbb723f74824d359a471fcfec42ff69f479e401a5f1b5";"60f3eef838f2cdb82a09b543ccf72cef6f5113f4008d06fdbc4319d004449cb1";"17536";"2026-08-14T15:56:55.4391426Z"
"Assets/_Game/Art/StyleProof/Meshes/SP_007_TreeB_AstA.asset";"283fed82b327aea4e8d2974033e60eed";"cc1065e4df01072bec05d27c3ced1e99654818271e68c7562f7dae70c048c5f1";"a6a10d5b6f4a608398c03f815802637da239fb6ec5095687eebadbba24c55c94";"5482";"2026-08-14T15:56:55.4842060Z"
"Assets/_Game/Art/StyleProof/Meshes/SP_008_TreeB_AstB.asset";"fc1e455975bb33a40afa085c56d4e056";"759c259c0dce9eac3e0704fb26c2f16b8acbd50e21f8e2d943948de943711cee";"ac1c316f43aca1308521b421870e87dbe83d1e2c614b0006bbedd02df750eaa0";"5482";"2026-08-14T15:56:55.3848531Z"
"Assets/_Game/Art/StyleProof/Meshes/SP_009_TreeB_KroneTief.asset";"9ef26b654cab9384e80ca8e4625c8815";"cbe2d7a3a0a78a7cc37d6516ece63273a0da57faf4bf908f34150bcb873f4b60";"556776926a330b8bdf088c69e14c2823b3d7e98b9085aa5a49f377086952a3b1";"14798";"2026-08-14T15:56:55.1758818Z"
"Assets/_Game/Art/StyleProof/Meshes/SP_010_TreeB_KroneMitte.asset";"601b5f2fccef19349864a8e17d250f54";"4f8678e72c1d6631595d19a8c4272c0feebf423b9cdf284131d01a9f113ecb01";"c0d4708cc86b83fb4023c140099fa6787952a2ad9cf8c4b38e5b34589355b10c";"14766";"2026-08-14T15:56:55.9284407Z"
"Assets/_Game/Art/StyleProof/Meshes/SP_011_TreeB_KroneHoch.asset";"766c5c24a45f67644b18f5005b1325d8";"df4625dae881705a6af053478b180a041e6e5d67ec72f3b09fa3313cba273511";"2348f847af09d1eb7dfd43e894bed49af3e0e9d37a3403c7b6b4519c4a35ea44";"14774";"2026-08-14T15:56:55.3091067Z"
"Assets/_Game/Art/StyleProof/Meshes/SP_012_TreeC_Stamm.asset";"919f86fcde0191945bea4d3772d482fe";"aa06a7b05bb7d77d914c631f2c5e126969a8d405659018356a5e5152d335e88b";"e061046c2809c390b28e6a1b447e954b19274560a077299430454824a93d6a68";"17522";"2026-08-14T15:56:55.1411478Z"
"Assets/_Game/Art/StyleProof/Meshes/SP_013_TreeC_KroneA.asset";"1cad90dd955597b4fa4d6e43c9b1197b";"cd93ca6063c1ac532948ca28c6bd4aadf5c5f724ae0fb8fb3d004735aba7c247";"4b4f91534106442482ef30bc19607120bf276a19c88a37a20878a6c4263ae1d6";"14780";"2026-08-14T15:56:55.1914212Z"
"Assets/_Game/Art/StyleProof/Meshes/SP_014_TreeC_KroneB.asset";"8029421c667bd764aa54bec104ff1c54";"1e68d2e4b51944b51a0e75d7e6bdeec2a65da083d46b92ce2a1cd2bf47a59c26";"1bd00beb825efa57cc5fafba7fa0b2f16ef31a802550d966aefefb25a057f996";"9267";"2026-08-14T15:56:55.7210381Z"
"Assets/_Game/Art/StyleProof/Meshes/SP_015_Bush_Kuppel.asset";"d114b01d1e8fc2b459fd3dc70a77970f";"f29a855b2b222cfec2955c3416ca30f41ec0c585ae4253ace3871eeaf31d5f71";"16e9ebddb801dc8ae79cc58440144bb49e50189ca4d10823be08bcdf826f7bb6";"12036";"2026-08-14T15:56:55.9624277Z"
"Assets/_Game/Art/StyleProof/Meshes/SP_016_Fern_Wedel.asset";"c6b48fdf08c6ea84ea232e04f2f7a5db";"04492c68380c5f83fd10b5311f155837c83f9a235e9e9a8373010da52dfae642";"4e61ceb4a88f6bff887088b0a07c8829adb2f330df21225dd2a9a52435d8619f";"5512";"2026-08-14T15:56:55.4038050Z"
"Assets/_Game/Art/StyleProof/Meshes/SP_017_Fern_Wedel.asset";"3c6132030c1afd94b8d8cfdf090b4f37";"04492c68380c5f83fd10b5311f155837c83f9a235e9e9a8373010da52dfae642";"c2c9390ed3a79f52c0d565a2cfa01d89f8810e50984a87c610b5a90391f7c9bc";"5512";"2026-08-14T15:56:55.6085203Z"
"Assets/_Game/Art/StyleProof/Meshes/SP_018_Fern_Wedel.asset";"b2e0fb4dccd3bb04780be394b86baa31";"04492c68380c5f83fd10b5311f155837c83f9a235e9e9a8373010da52dfae642";"59146e896798cf11c26451e7b3087a15b4931a64d545be0c327d602ec18b6b3c";"5512";"2026-08-14T15:56:55.4822646Z"
"Assets/_Game/Art/StyleProof/Meshes/SP_019_Fern_Wedel.asset";"726a331cd8b90a642aebdc987be5338a";"04492c68380c5f83fd10b5311f155837c83f9a235e9e9a8373010da52dfae642";"e144fa01749377d5e65cbef3eb41cc97c1a549fad0e43f7422367c878eb026ab";"5512";"2026-08-14T15:56:55.7465200Z"
"Assets/_Game/Art/StyleProof/Meshes/SP_020_Fern_Wedel.asset";"66f4d515750b7c54daa3e81568db99bb";"04492c68380c5f83fd10b5311f155837c83f9a235e9e9a8373010da52dfae642";"698c8485f3b49878a52481f480efb26d46a5b262698fdb81f91974077f953cc8";"5512";"2026-08-14T15:56:55.6111653Z"
"Assets/_Game/Art/StyleProof/Meshes/SP_021_Fern_Wedel.asset";"58faa0cd0ff0b4840b7ed4c89e67a2da";"04492c68380c5f83fd10b5311f155837c83f9a235e9e9a8373010da52dfae642";"52ff80055e410c49c5ec6b94f28023a9b1909cbd3a594842d161aa52253d2e1d";"5512";"2026-08-14T15:56:55.9775362Z"
"Assets/_Game/Art/StyleProof/Meshes/SP_022_Flowers_Stiel.asset";"a20bbb27fb1e0f841a9023f3828ab325";"de749cc249fdaf1307d8aa3d509fa28599eaaf51405fada67291a66afdff1a01";"13f578d65b37a16ad5f6f029b474b74e29b02d5e5da49f8303b118bbac733d55";"5486";"2026-08-14T15:56:55.9964944Z"
"Assets/_Game/Art/StyleProof/Meshes/SP_023_Flowers_Bluete.asset";"4b907877234ca2545a00200c6ae8f857";"19ed48199ca3f88fedb66625883836af90b3b71a81cb5647ae83d0586aebee70";"257d7d96676de22d69e2cb260a8958d82aa0a26ee664534b3e947f559aa7ef76";"5486";"2026-08-14T15:56:55.0402391Z"
"Assets/_Game/Art/StyleProof/Meshes/SP_024_Flowers_Stiel.asset";"a6a7b38efa01015469f8eac425d1f631";"de749cc249fdaf1307d8aa3d509fa28599eaaf51405fada67291a66afdff1a01";"624acd42b72beac85ae987bc3d411d8c58c5334b63504ec757c1a9232c09256b";"5486";"2026-08-14T15:56:55.7339799Z"
"Assets/_Game/Art/StyleProof/Meshes/SP_025_Flowers_Bluete.asset";"b3995ed7168721f478226b5183cced46";"f688f112ac4a34381aafb224a44303578987780afc4f62ab52dacc2ebc6f0afc";"7cf38dfd7a71758f409809612c720f236d7528b9ab0f96965b225ed273c67788";"5486";"2026-08-14T15:56:55.0271918Z"
"Assets/_Game/Art/StyleProof/Meshes/SP_026_Flowers_Stiel.asset";"2defb817df518e54f84f7304f0c9992b";"de749cc249fdaf1307d8aa3d509fa28599eaaf51405fada67291a66afdff1a01";"f875d7b1d34c1b27e7be714908e930e300e01d424e8d0f505332cc41c24f1227";"5486";"2026-08-14T15:56:55.7065321Z"
"Assets/_Game/Art/StyleProof/Meshes/SP_027_Flowers_Bluete.asset";"ad187da20a83a8444b3df4eec6da165d";"19ed48199ca3f88fedb66625883836af90b3b71a81cb5647ae83d0586aebee70";"da8c83a8f36e635c6ca5f162f3bee57c4256a9ef891e104d4fa334fecc93327d";"5486";"2026-08-14T15:56:55.2634471Z"
"Assets/_Game/Art/StyleProof/Meshes/SP_028_Flowers_Stiel.asset";"056551c52f966bd419a79080f06044b4";"de749cc249fdaf1307d8aa3d509fa28599eaaf51405fada67291a66afdff1a01";"3fda8b40adef488f83d925ed7d32a1f326a726fb40bb96ceda34697d058e6dac";"5486";"2026-08-14T15:56:55.3323916Z"
"Assets/_Game/Art/StyleProof/Meshes/SP_029_Flowers_Bluete.asset";"93dde051cc69788479daf4177fba1b11";"f688f112ac4a34381aafb224a44303578987780afc4f62ab52dacc2ebc6f0afc";"b5d9061bcb998dfe3c333437afe42231d38d58b6e05fec363c7cf9095ed2e467";"5486";"2026-08-14T15:56:55.1889722Z"
"Assets/_Game/Art/StyleProof/Meshes/SP_030_Flowers_Stiel.asset";"44c372c3de7a044459b0cb6874cf2f66";"de749cc249fdaf1307d8aa3d509fa28599eaaf51405fada67291a66afdff1a01";"7e9cba85e7d64b168334b3e8d7157dce65148d3d1e9da95694c909d130c7e129";"5486";"2026-08-14T15:56:55.0940287Z"
"Assets/_Game/Art/StyleProof/Meshes/SP_031_Flowers_Bluete.asset";"bcf98e596baf8f4488eaff1911130b48";"19ed48199ca3f88fedb66625883836af90b3b71a81cb5647ae83d0586aebee70";"260bf06bf58e0c146a2714fb4c2e910a6193893b5917b6e9e48473a52bd5acd8";"5486";"2026-08-14T15:56:55.6534538Z"
"Assets/_Game/Art/StyleProof/Meshes/SP_032_Grass_Kegel.asset";"7021d051480eba24899af3047774df97";"6fd938a35b6a2c40b88e398f0c7f06aaf3ff4bea4b489ea89572ad02065c881c";"92627b3a041ff0e3f2c9d4e7e1793c8bd1690d3bc1d156a743d9e4ab56ed05cc";"9289";"2026-08-14T15:56:55.3736606Z"
"Assets/_Game/Art/StyleProof/Meshes/SP_033_Grass_Kegel.asset";"faf1a25beb276b940b516dfb2bb9e47f";"6fd938a35b6a2c40b88e398f0c7f06aaf3ff4bea4b489ea89572ad02065c881c";"115118a4eed660512d48f05363cc053d3e7ce2f54b75a45261712cee3e43b04f";"9289";"2026-08-14T15:56:55.8434432Z"
"Assets/_Game/Art/StyleProof/Meshes/SP_034_Grass_Kegel.asset";"428299516177ed842b795230fec868a7";"6fd938a35b6a2c40b88e398f0c7f06aaf3ff4bea4b489ea89572ad02065c881c";"d015d9c8e3df14c437ffd73011e3e42933497c13e7040e583e8a4d90822eb695";"9289";"2026-08-14T15:56:55.8663148Z"
"Assets/_Game/Art/StyleProof/Meshes/SP_035_Grass_Kegel.asset";"6d2ccabac0860f94daa184398e972f6a";"6fd938a35b6a2c40b88e398f0c7f06aaf3ff4bea4b489ea89572ad02065c881c";"80be7882f30f1a6800dc49b331f83929e2e8f61f880fd7cbc398078d94e8a5e9";"9289";"2026-08-14T15:56:55.7732846Z"
"Assets/_Game/Art/StyleProof/Meshes/SP_036_Grass_Kegel.asset";"a2d7aae598409ed4eabc1c46fd8343a0";"6fd938a35b6a2c40b88e398f0c7f06aaf3ff4bea4b489ea89572ad02065c881c";"3ae885685ad00f032f68252ee7ce8fe0d271ff308e3dccc6ad991634ad480c20";"9289";"2026-08-14T15:56:55.6749988Z"
"Assets/_Game/Art/StyleProof/Meshes/SP_037_Grass_Kegel.asset";"5e85b9ffc76db8e479f874fce52c6253";"6fd938a35b6a2c40b88e398f0c7f06aaf3ff4bea4b489ea89572ad02065c881c";"cfcb0a1abb741b0ca82714dacc4b8d2374cdaa04433e3bfb06187fe05f705deb";"9289";"2026-08-14T15:56:55.3600996Z"
"Assets/_Game/Art/StyleProof/Meshes/SP_038_Grass_Kegel.asset";"832b6afbecb84a3449b644060e0f0e1b";"6fd938a35b6a2c40b88e398f0c7f06aaf3ff4bea4b489ea89572ad02065c881c";"8ffa76a0b94279e142c13c31fdfeb5c84a280feb954df97aa30734a8e169a29e";"9289";"2026-08-14T15:56:55.1285612Z"
"Assets/_Game/Art/StyleProof/Meshes/SP_039_Grass_Kegel.asset";"1fdd8830c7c567c4da98c974a09b50d4";"6fd938a35b6a2c40b88e398f0c7f06aaf3ff4bea4b489ea89572ad02065c881c";"a7fecc032fed1e4ad25668cd2a142049ac4a7fd9ed52c0532ef8fa077758ff36";"9289";"2026-08-14T15:56:55.5236045Z"
"Assets/_Game/Art/StyleProof/Meshes/SP_040_Moss_Kuppel.asset";"6a697e8e09102de4ab57d0cd5fc5ce6e";"bace1d6a57c53a5dfc66f3aa62392842dd9f2c642825c50b6e7f976359bee9e4";"80e8007f849a42b3bc93d06db76f6ae519ccba6c4f3b775e2d2c0a484c06ad15";"12040";"2026-08-14T15:56:55.9470911Z"
"Assets/_Game/Art/StyleProof/Meshes/SP_041_Moss_Kuppel.asset";"fa3eaf924c053d8438c9b90a1a5596fc";"bace1d6a57c53a5dfc66f3aa62392842dd9f2c642825c50b6e7f976359bee9e4";"b6a36b59025aa01be9f2af9d9bcbb8dc7e035adf636245be19ba3bccafd20fef";"12040";"2026-08-14T15:56:55.0790928Z"
"Assets/_Game/Art/StyleProof/Meshes/SP_042_Moss_Kuppel.asset";"fa1b53e40279e2a41896dc9d2bb2c693";"bace1d6a57c53a5dfc66f3aa62392842dd9f2c642825c50b6e7f976359bee9e4";"bfc22ec7c207bdb6a182c2386b283b3573f9eec95d73cabc19428e60148adc03";"12040";"2026-08-14T15:56:55.1567788Z"
"Assets/_Game/Art/StyleProof/Meshes/SP_043_Moss_Kuppel.asset";"92420175830bbd34dab29c578640ae84";"bace1d6a57c53a5dfc66f3aa62392842dd9f2c642825c50b6e7f976359bee9e4";"b15bb4f5ec316a5324715e8518557afab80767049778d8486db4f917cac1fcb0";"12040";"2026-08-14T15:56:55.3463319Z"
"Assets/_Game/Art/StyleProof/Meshes/SP_044_Moss_Kuppel.asset";"15c2b5f8553eb2145bacf77881ae3af4";"bace1d6a57c53a5dfc66f3aa62392842dd9f2c642825c50b6e7f976359bee9e4";"2cc781a918b1bcc9f7d98e7cfe9e18f70def987dab29094ff4a642aec2235709";"12040";"2026-08-14T15:56:55.8317946Z"
"Assets/_Game/Art/StyleProof/Meshes/SP_045_Moss_Kuppel.asset";"911589207fc5ca6428b95250e05e395a";"bace1d6a57c53a5dfc66f3aa62392842dd9f2c642825c50b6e7f976359bee9e4";"af4eddc3dc40382cf185bd4821370173da9ae2b57132a849dffa845f640548fb";"12040";"2026-08-14T15:56:55.9985030Z"
"Assets/_Game/Art/StyleProof/Meshes/SP_046_Mushroom_Stiel.asset";"c2379a2f03845d1458d2f7dbf40b2e73";"9abf8db06429c6f3711d51040f94cf80fa6f748df46ff676905f924d95fdff10";"77a549579e78b0f120c750d44080a65646bba44685f7844b0164df68dcfb3446";"5486";"2026-08-14T15:56:55.6874891Z"
"Assets/_Game/Art/StyleProof/Meshes/SP_047_Mushroom_Kappe.asset";"b8353332ce2e6554a9eabba29b9a0833";"66b0e205f25979b3a304d2a33ac70356b2d90a078ce1ad00d2141531d59057c4";"3aaa8a47cec42c18334e969cc60fea38c088feab82451d2d3d99cb45fa5e3f9f";"12048";"2026-08-14T15:56:55.7904827Z"
"Assets/_Game/Art/StyleProof/Meshes/SP_048_Mushroom_Stiel.asset";"daa82e26ae9e8064598a39f76c33f235";"9abf8db06429c6f3711d51040f94cf80fa6f748df46ff676905f924d95fdff10";"5d99179d364887c7d75ae042e107894130154f02397834cb4000d84468c92397";"5486";"2026-08-14T15:56:55.6554047Z"
"Assets/_Game/Art/StyleProof/Meshes/SP_049_Mushroom_Kappe.asset";"f056f0cf7ddf2a44e909f0a6446432f9";"66b0e205f25979b3a304d2a33ac70356b2d90a078ce1ad00d2141531d59057c4";"a8431e28b42a1f79772c042de5f9a5556feb1b5de921128a4b7acccca688c7b1";"12048";"2026-08-14T15:56:55.9785369Z"
"Assets/_Game/Art/StyleProof/Meshes/SP_050_Mushroom_Stiel.asset";"467a595ec8aa9bf449299851fdc0d099";"9abf8db06429c6f3711d51040f94cf80fa6f748df46ff676905f924d95fdff10";"9971be7f670db81d119658021d576c957644a0caa279799371e79d0264afcb28";"5486";"2026-08-14T15:56:55.6904614Z"
"Assets/_Game/Art/StyleProof/Meshes/SP_051_Mushroom_Kappe.asset";"b40f33e26af72de47a6a5437f73cccf0";"66b0e205f25979b3a304d2a33ac70356b2d90a078ce1ad00d2141531d59057c4";"b95f7018c4a4768db78c5f2549a2318e299c80e8316817567b5ec60ff73d2945";"12048";"2026-08-14T15:56:55.2648981Z"
"Assets/_Game/Art/StyleProof/Meshes/SP_052_Mushroom_Stiel.asset";"639e8837d63f63849ab32025724934b2";"9abf8db06429c6f3711d51040f94cf80fa6f748df46ff676905f924d95fdff10";"b1361d2228aeacf00321f58d00b18d39705b4779be4d6b4c65ef2ae97589c114";"5486";"2026-08-14T15:56:55.3338968Z"
"Assets/_Game/Art/StyleProof/Meshes/SP_053_Mushroom_Kappe.asset";"adb22e17a21b15a47bb63be09248955b";"66b0e205f25979b3a304d2a33ac70356b2d90a078ce1ad00d2141531d59057c4";"55e3c5a8f61d509ae265d0fe1470f09bf99b490c5b7b430d1d917847bccc9996";"12048";"2026-08-14T15:56:55.8196992Z"
"Assets/_Game/Art/StyleProof/Meshes/SP_054_Rock_Fels.asset";"acf1b9045f12ba64b9ed85a0d6018711";"7b9bd194c8e942ed2b1f6dbf2e646fb62d71f193a1d9ca0deca859271eb0cfe6";"f5f0bb1287e9440ec1882afc106b99c69f61a91ebfa338c6d3562f54e6a6e00a";"12040";"2026-08-14T15:56:55.7361228Z"
"Assets/_Game/Art/StyleProof/Meshes/SP_055_Rock_Fels.asset";"d7e73a57baa0560409a5d696d43b186f";"19bb4a52ace53ada32170e27a65b499e7ae639f2c6a7d12b3f2bb3c9fbc1eb93";"e2d87e608cadbbde666b0d30c102ae619eb1212776649ec1af29d18abb0dfbc5";"12040";"2026-08-14T15:56:55.5731943Z"
"Assets/_Game/Art/StyleProof/Meshes/SP_056_Rock_Fels.asset";"da96853ff7612a54eab834e9d7ededa6";"e5154c02807f107f818d8cfffa9fa5f944d834140d7eac994d17a96eadcb1c13";"32225100750c036b0673d78567020a724ed750776f984cc579dbf23f92206bfe";"12040";"2026-08-14T15:56:55.4510011Z"
"Assets/_Game/Art/StyleProof/Meshes/SP_057_Rock_Fels.asset";"cd4eee73cac702f40929ba7e159e3bb7";"424d777c49688e625dda323fbb5e853d00ec53fb4664a624ae4929ac71b282c7";"940054681d4a30b076cf92552dca11961d435ca43ed89e37ce7a7d2719a50946";"12040";"2026-08-14T15:56:55.4144185Z"
"Assets/_Game/Art/StyleProof/Meshes/SP_058_Rock_Fels.asset";"46f7de018128ed943b37db276ac320ac";"462ec59b45d4d69751e0a553a93322ce273e1e56535df77b22fb426ecf10b051";"62c43884bb2c64e8ae7795b5f1262562871fd38b82e7c0d9f3343bed7d7a3b12";"12040";"2026-08-14T15:56:55.9081357Z"
"Assets/_Game/Art/StyleProof/Meshes/SP_059_Rock_Fels.asset";"f4e9f7b70572fcd458d3b1daade9b901";"7718f7dd9f8559cbe1d3c1c7649ed41e141d3d5dfa300d2a7216bcbf34d45fe7";"460e80518f13c58c12bdfad11c10702c61e69e73633cfcbb12e669be61121272";"12040";"2026-08-14T15:56:55.6317288Z"
"Assets/_Game/Art/StyleProof/Meshes/SP_060_Rock_Fels.asset";"56a188e152328874a8d2dfbc781b6c92";"7ea545b8228b8d216430d8b76cc8845e7b8acb798b8673b2fcae2010fb508eef";"fbf2033144f22860fae5976da5f38c0011e877415b9de745d703170b1ea20611";"12036";"2026-08-14T15:56:55.2956567Z"
"Assets/_Game/Art/StyleProof/Meshes/SP_061_Rock_Fels.asset";"d8a29e2a5e50ceb41865a4be8ea12f1e";"be23f90abdf5548043b0cca34f77a0583053a9564173c793bab9b093df46cbbc";"0c6683512fa1a2cd2df6782fa05a072937141c95785812e317c67f7306c269b3";"12036";"2026-08-14T15:56:55.5850312Z"
"Assets/_Game/Art/StyleProof/Meshes/SP_062_Rock_Fels.asset";"09d4565fe4f822747b86193f6c48cd59";"7718f7dd9f8559cbe1d3c1c7649ed41e141d3d5dfa300d2a7216bcbf34d45fe7";"7bed5c0fbb5c8466bb9967e0e82d5495fbdc946941e661b969eef95e8355c1af";"12040";"2026-08-14T15:56:55.0660184Z"
"Assets/_Game/Art/StyleProof/Meshes/SP_063_Rock_Fels.asset";"465fd27d00b15534ea6626b754c8846a";"7ea545b8228b8d216430d8b76cc8845e7b8acb798b8673b2fcae2010fb508eef";"291ba07f9d73d87307c75cde9b328b387d0ea7d3ab61a4c9693dbfdfb6fa42ef";"12036";"2026-08-14T15:56:55.5554840Z"
"Assets/_Game/Art/StyleProof/Meshes/SP_064_RuinA_LagenTief.asset";"4c20a812c362ec645824a547459349ae";"38c56f37f63ff3295449cddee8c780ee4f09b984c2e43e53eb24af7540a43de1";"127624c78add3d7010a1d45efb8ae0fea59c1cfd003a4130f20657bd808cac6b";"5484";"2026-08-14T15:56:55.5120854Z"
"Assets/_Game/Art/StyleProof/Meshes/SP_065_RuinA_LagenHoch.asset";"939a51246fa721a4c968a7b07c11213b";"4de26530a42bcce66237a0bf0bb00c271ac46cedebd103960fd0eea90f4738d8";"d9b40345d72f2f5057744d72594bea63d8002c3107b3dd8af4f19d0314dc0a8e";"5480";"2026-08-14T15:56:55.0529415Z"
"Assets/_Game/Art/StyleProof/Meshes/SP_066_RuinA_ZinneA.asset";"cfca0b97c8012394e85d745b830b0290";"a53882f91f4ba7d6c678ce0d749ed92cbbf09db5aa0cc6f4292f54d09cbe618c";"73ec9f7855549f78030092ad1014005ff10d568ae29f829c2fd2ad98c001b25c";"4953";"2026-08-14T15:56:55.3205884Z"
"Assets/_Game/Art/StyleProof/Meshes/SP_067_RuinA_ZinneB.asset";"610c50f6fc8448c4ca0f7ea5588c4d9a";"799808ef170e88bacd53400b6e62fea9601e988472a580273c4ff6ed19e3e399";"e5151ab92fb5c1383261ce34baa40e530b3906ee3e321142fe82ce8013f69f88";"4957";"2026-08-14T15:56:55.5023148Z"
"Assets/_Game/Art/StyleProof/Meshes/SP_068_RuinA_ZinneC.asset";"db4f81c9cd42581409d9a1fcc58629a8";"46eb974b5d40694a375ceb1e1ef1a96e87f720d3405cc67274ff9b60dda3e0bb";"3104444fabb6cf03fca3c8f81438ae0d9019e018cbe9e7860502fb4496175300";"4949";"2026-08-14T15:56:55.1126957Z"
"Assets/_Game/Art/StyleProof/Meshes/SP_069_RuinB_LagenTief.asset";"bab1665c0c6d55644b263c019f5ab743";"9e5de20cd57f09bb98426ffc44d5a299dceb86b7a74fbfc359e359b5781f408a";"66c36e9ce5bf4841da3e834f19bb1a2157d4f06fc334629f9913a4f53949a325";"5480";"2026-08-14T15:56:55.6929745Z"
"Assets/_Game/Art/StyleProof/Meshes/SP_070_RuinB_LagenHoch.asset";"4c5eba0b5389f6a41a8445a166e38513";"3467e63d356fec2095791a628b8a6ed137d8104773c045c0329e497010ecf2c0";"2549c81c4a4a26040053d30ada5ba1614842a60cb289a6a3e76019e0a0f242e7";"5482";"2026-08-14T15:56:55.8075181Z"
"Assets/_Game/Art/StyleProof/Meshes/SP_071_RuinB_ZinneA.asset";"44a9aea90024da14aa6d1bf5c365c640";"46eb974b5d40694a375ceb1e1ef1a96e87f720d3405cc67274ff9b60dda3e0bb";"b7521d8c6cd66b07819792ba0117ccd3c187a2cc49e95534dc2f28819a1eaf1d";"4949";"2026-08-14T15:56:55.2384688Z"
"Assets/_Game/Art/StyleProof/Meshes/SP_072_RuinB_ZinneB.asset";"844ae712f5b12e241999abc4d7c5a4bb";"0e6905833ff1fa3739086e653b7055eb48fd6ad72c8e026724a32ed7849c4d07";"2754cf31793c93d434741b85274997c0e6e84913af5537f641fc4061584f765c";"4957";"2026-08-14T15:56:55.5955314Z"
"Assets/_Game/Art/StyleProof/Meshes/SP_073_Monument_Sockel.asset";"2778638ea8fdfae4c876831a12cf9243";"a593c28f0baa51ee56d951e2c30930e543947754977768341179ddc75d9f3429";"56ab6fbb76268f544a74380b923c6fc8eac8d15704a108df12fe80e5e08be508";"12030";"2026-08-14T15:56:55.7488876Z"
"Assets/_Game/Art/StyleProof/Meshes/SP_074_Monument_KoerperTief.asset";"cfb4a9015ec5dc249a8a266bee4e6686";"f241b55fd445d84da205b78fa801b0c96386ba4b4b7518097894b961b7bc3ca9";"b03036568c0934966839dd9758920b3919a2be85350370785ddfe59f448e6862";"5480";"2026-08-14T15:56:55.8839841Z"
"Assets/_Game/Art/StyleProof/Meshes/SP_075_Monument_KoerperHoch.asset";"5997694136e6acf438842a3c9e4cf2a5";"f3585cb11f84471b837875481dc9e4430433c8b7863ed0913c20a87598b4d214";"42071e199d392b64d65b161071ab86944bc671ab9186f6132eedeb6e613d1e4d";"5480";"2026-08-14T15:56:55.7108091Z"
"Assets/_Game/Art/StyleProof/Meshes/SP_076_Monument_Spitze.asset";"076c9ad74435445429c00b74ed4c6567";"6c1ef5d2b477fa4e8e91d7e8d017d38e783bfe0495cc17b5723307986073357e";"de66aa33290a37f08e102085ebb21e6467ff2c138477c5274a505f0d738e7582";"4947";"2026-08-14T15:56:55.4283176Z"
"Assets/_Game/Art/StyleProof/Meshes/SP_077_Rune_Platte.asset";"4100581c7c35269409f5c6e63ccd7b2e";"fd151e878f925bce83566ccc9e03ec50b7083add0ee91dec1da68bf1232cf87f";"bd0d7dde7138508671f6707db0efc427c7ae8d0386d70e3daa00a4632351b1d3";"5486";"2026-08-14T15:56:55.2103662Z"
"Assets/_Game/Art/StyleProof/Meshes/SP_078_Rune_ZeichenA.asset";"ca37c5e7475db0048a0b1c45c0e4971b";"aa951c55e17efded9b312bbb222c79537d41e24e7d3069e48bbe9f0ac4ce7bbd";"bd3fb26840a21a6b47d627d5193716ad83f8c6ac409d1b7ee0c7016dab6cdb36";"5488";"2026-08-14T15:56:55.2508554Z"
"Assets/_Game/Art/StyleProof/Meshes/SP_079_Rune_ZeichenB.asset";"71f6db2ee9eaca04487b895147bed2ff";"ae0cad30ce45ae1c304abf529a3f307640d28c2c49fb5798d4f955c499de39f6";"4e8f38cb2510ced1698538fceb9ee739a91d75e3eed88720232d513d9367b285";"5486";"2026-08-14T15:56:55.7619848Z"
"Assets/_Game/Art/StyleProof/Meshes/SP_080_Rune_ZeichenC.asset";"6d34ef8f99f96914b9832d45f3733813";"d9a7dddf00f040d51db2edac2064f3c13a9e81b7f6a15f554357f5682cab0904";"fba884a2ca8a97255a06df3833504d176a3a3e5051987bd4d28000435550c96b";"5488";"2026-08-14T15:56:55.6568676Z"
"Assets/_Game/Art/Zones/Meshes/Ast_000_Ast.asset";"a5ec9c70fc35ff04ab31a57cc2a49cb0";"04154867f9babaf245d1911b971682419df0334ded7c7f3c6c45a23c717fb14b";"d14aa95bb83c88466437e442b14d98ac4e531896f6016d92af1825b92d6936e9";"5482";"2026-08-17T17:07:09.5868216Z"
"Assets/_Game/Art/Zones/Meshes/Ast_001_Ast.asset";"bd033ec35f46bb74aa52998a849bbaf9";"5ba24646406a2f5a5bece2570478a96a97a1dc152ddab1b67093f462f5ff6fb3";"eb693faf49afb8277fba9ebbb76dad6af824e06838446b410c6c650636b6185b";"5490";"2026-08-17T17:07:09.4193190Z"
"Assets/_Game/Art/Zones/Meshes/Ast_002_Ast.asset";"20ae897a5a88b6b46aac8f7f530cd57e";"3a629ac21ad96458b031bb9d47d95916486e5c57391518df9599853a9d3f6742";"127d617f3af4639b04bcebc853f561f5692e862f6907b42177a43feea4fbbcb5";"5482";"2026-08-17T17:07:09.5029943Z"
"Assets/_Game/Art/Zones/Meshes/Ast_003_Ast.asset";"7a37d696c39470144ba8f073e1476e59";"f19d7b22528adce9c11a58e783c59802168de4da35c2706f0047df921aef0fec";"a6aa53bebe10a1afd15118aec91fa9eebd71684a574a1b27f7fc9407548f5941";"5486";"2026-08-17T17:07:09.5630896Z"
"Assets/_Game/Art/Zones/Meshes/Ast_004_Ast.asset";"a96ebfbcdf7e7de4e9affd4a7a376d79";"bf1da6a568245359e8a71cdeb856f46af5c11777210ade6a32ee7edf0ce4cb16";"b7e51787f4ec9ea72c15a5af93fdb066c61938fcced447efcbcb763f33defeb2";"5482";"2026-08-17T17:07:09.6019070Z"
"Assets/_Game/Prefabs/Actors/3D/AshRunner_3D.prefab";"58ed61fa5de0ed34e99d3961ba794a15";"e564ab00a6042c9dcc3e99c793184a03e4c2d1542b69768257f64de4aacd54cc";"a2762e5202bbbbf79c808cc5010125286851906c825db17d84ecda82bf23e458";"4939";"2026-08-13T18:20:54.4027490Z"
"Assets/_Game/Prefabs/Actors/3D/CoreGuardian_3D.prefab";"9db5d40ad344b4449bc989a71c9cac46";"118c6690bc4367bf568a837474c3129dd6abbb588ec99eae411dc44c45dbafd5";"2388b536bb981b87c16c6fd13bb2f992f915012e1ecfe3523ce9832ec23ec221";"4932";"2026-08-13T18:20:54.2877657Z"
"Assets/_Game/Prefabs/Actors/3D/EmberEater_3D.prefab";"b9c735db77a86174cb7f875f91c7bae5";"e1501bf5617df0b0c874e2dfa2f462390c61f555f092f3ebb8fe1e3ddc9e1937";"16345a9bc779e84bb0027405b4b5537ae7b299f372aadcd2cb597ab8c1060a8e";"4933";"2026-08-13T18:20:54.3075390Z"
"Assets/_Game/Prefabs/Actors/3D/ForgeGuardian_3D.prefab";"10f04432d55e7f244927f4ed06e922e2";"16c492f53cc51c6329cad74ccff1454e537fe38901749d8931462d613806f313";"f09eebe512e68344565e806021f50ce48e34e07690eb03b89e09c68568356ecc";"4934";"2026-08-13T18:20:54.2406303Z"
"Assets/_Game/Prefabs/Actors/3D/Garon_3D.prefab";"b788d5c7094b868478cef736aad5e9c6";"7bca5d38058750a73ea650ad7b1f12bbbbbc9ab79bb3053475e04a3abc935fb0";"7a88bf1ea996ca6ddf69d1db5527cdc4d009ce35ae44b0ccffa01211478f2cbf";"4918";"2026-08-13T18:20:54.5231897Z"
"Assets/_Game/Prefabs/Actors/3D/GraniteShell_3D.prefab";"f4b7c3102920e4749a05285dd981a61c";"b93073807359f56ea3e1d61b73ad05c73abfe2f7b9bcfcc7dbd3a210d15a8063";"3bb69cfb58710ce57c49fed4101f1ac512042976d661e58a60ae7d989a4dff18";"4943";"2026-08-13T18:20:54.3796598Z"
"Assets/_Game/Prefabs/Actors/3D/Ignivar_3D.prefab";"7930733b4c603dc489768eefece97e75";"be59e4e6c22b95d44df970e5d5388246ab80504334bec3ac8f70a0c159daa817";"6a24a9254b5dcbc0c059a3bafc50575592fcc87a234c6e1df420c898ddeb5324";"4934";"2026-08-13T18:20:54.4366025Z"
"Assets/_Game/Prefabs/Actors/3D/MoorThrower_3D.prefab";"bd92fc1ded2dbad4b8810a6aab560df2";"ed52a82179546bff9d56c916a2617088d2e625e80034f551cfdfeeff1fcec973";"9b2403ee4bff8e6e7bf2e0423b771c2c1c48b72a58b8db74e826a7218510773e";"4945";"2026-08-13T18:20:54.1731628Z"
"Assets/_Game/Prefabs/Actors/3D/Noctarion_3D.prefab";"4b118cbf760ed724899bb2d9a8ca0b24";"c6a7af66f0b231129155e7101d859bf68da37893cf37d05c968afe412457702b";"61c7125e84a1f186f19ad1eb7fa4c4feac42156635c1f093011ce07fffb14825";"4928";"2026-08-13T18:20:54.4703204Z"
"Assets/_Game/Prefabs/Actors/3D/Player_3D.prefab";"3ce51e342cf067d40b5175391ab3bbde";"09843caeab772b43524789d3fb96c09625ac9f9b1c34e33171a3df8a85793bf8";"87c12715bf3d440238d5f836b02cbb63a364972eed00ec52168d4488704a9e9e";"12490";"2026-08-14T16:21:45.8209109Z"
"Assets/_Game/Prefabs/Actors/3D/RiftGuardian_3D.prefab";"c580a806186185c4f94061fa17b18734";"389c9397eb0c365d0cea6dfda0585d578459653c13ba03bcb5680e3f493f8b26";"67226c08104fa7879e99f378116f0c5d64fdbdca5f7e6d15abf1dea862577aa0";"4941";"2026-08-13T18:20:54.2078149Z"
"Assets/_Game/Prefabs/Actors/3D/Riftling_3D.prefab";"99f93ac7e8a4c1949a23b066046844e8";"794f08aaaa57af81fd35e31e2ddd4aabac9a0e7c900b7e08caf325ee177efa3a";"b421489db793a4be548b3e67f6fc861355ae97f822dab37185d4dfcb32997732";"4927";"2026-08-13T18:20:54.0197104Z"
"Assets/_Game/Prefabs/Actors/3D/RootCharger_3D.prefab";"42013866670934843a6e96f462d6a3ed";"8965cbfb1febffaea72f3198545fe1e2a79e2172cf941aaaaebd6de94ea77dcf";"991cbd0e5709d814e160e8979f85c949259b78755c08a976b8b7b29281440197";"4944";"2026-08-13T18:20:54.3480107Z"
"Assets/_Game/Prefabs/Actors/3D/SealGuardian_3D.prefab";"92c0b93beea767a4eb5c1f267903da03";"71593d092d378a523e36e8c9656c66efaab58080ad4fa7d8320d5496b008e377";"b0bf9c2a57f206187c5bf94241d2971b2e30712808ef818dfdafa8696d5cffca";"4940";"2026-08-13T18:20:54.2598533Z"
"Assets/_Game/Prefabs/Actors/3D/Terrock_3D.prefab";"dcb10d767bcd1964fa72c7628a1f4cb6";"f022ac91437db313129f19e953562053291e9a6df0eec5d42615a4447ad6e7e1";"84c1bd0c39c596e2432ad27651bbfc8dfa772afbad989cb31a868a58028223d9";"4922";"2026-08-13T18:20:54.4920095Z"
"Assets/_Game/Prefabs/Actors/3D/Wildling_3D.prefab";"b31d4ff87020a7d47a2bcb86b984b5eb";"370f044439a44d6572d74842039aea61b80b42a0edaff37234b3a28a213d8573";"22db610f0e1dcf381e1051e3e91b757f5bac729503088e70c6f52d26403f9f78";"4937";"2026-08-13T18:20:54.5457273Z"
"Assets/_Game/Prefabs/Bosses/Garon.prefab";"b8d04bc186285b944a166a14cdb6069d";"2cb84c841ebbfb8b505953fa1e5f8f9e341a4831c806c826ec980bb1d5662a6e";"9f3fcf7dbc8cf0b1df48774b0faf66b86b8e2adc9750ec19c1d576b10c74423f";"14095";"2026-08-13T12:20:08.6803452Z"
"Assets/_Game/Prefabs/Buildings/Level01/BLD_CookingPot_L01.prefab";"fb568eae807259340a1e73de8adf60e3";"0596a278dab94e070faa17bff001156457f667672e76e619514dfeda1eef9396";"c15cf7f759460316d546145f967bdea0139927928fbd0b4d5b3aabf8ac0f10c0";"81269";"2026-08-19T21:28:18.2482509Z"
"Assets/_Game/Prefabs/Buildings/Level01/BLD_Door_L01.prefab";"e3ae2b2d6c1da604e93bdbe81cb67676";"27035c86c563011c0de3ee2e9a68047dd127ef9f40afdd0890a14ed319d5009f";"71401c3497ede3364c06dde295ff070145e4d8f4f432adfb274151769211e217";"57751";"2026-08-17T12:31:57.4493605Z"
"Assets/_Game/Prefabs/Buildings/Level01/BLD_FarmPlot_L01.prefab";"f2a380512a473b643a3fe840862b44f3";"019739deccfce215b560453a33fd4b335758c8ba1598144a0fcea4a047399914";"0c989b87c22b8b7fea541babb8e5494f09177fe773b96248a81329fa04edaf7a";"113975";"2026-08-19T21:28:46.1253632Z"
"Assets/_Game/Prefabs/Buildings/Level01/BLD_Floor_L01.prefab";"6d4d5579cbb97554787e976ecb41b48a";"f5a8d5911e6507f243bd8df2edd9d3f0226ac84995f3bd46daef98884225b57b";"794ec6a2241fdcdbc0a90c8f01736311d07e3d56d082c9c7ae0e25854905cb50";"51217";"2026-08-14T15:56:56.4479510Z"
"Assets/_Game/Prefabs/Buildings/Level01/BLD_Ropewalk_L01.prefab";"9a073ed884e040f44a3c64e9d1194986";"5ef563babf1f15271fa7d46f4985eeec94be7db28616f89d569f4cbbe63e0891";"a404b3473a3a1351b21753ba953079987a2c14e4e7f938b941c522772e725458";"30495";"2026-08-19T21:28:18.3085585Z"
"Assets/_Game/Prefabs/Buildings/Level01/BLD_Sawmill_L01.prefab";"4bb27fd0bd78fc146b07013df30a0a12";"a051932aadb440a7c1e2e5e860178d410b75c972bfcbc92459526a8a5d8825cb";"3349e23f5e2d368f7868862495e32bc308af7321007cc80f1836c2db6b2eb64c";"30474";"2026-08-19T21:28:18.3637493Z"
"Assets/_Game/Prefabs/Buildings/Level01/BLD_Smelter_L01.prefab";"78b57420ade324645b8ba72ddd30e9c8";"8387cdfba5039d7d334af4d4aabf68b4c0492521ffc1ceddc161aad73896f717";"34b263a3abd34bf5c7beedebef49c273893daaa9da9cfcb404bd0f830f9e53f8";"38403";"2026-08-19T21:28:18.4258736Z"
"Assets/_Game/Prefabs/Buildings/Level01/BLD_Stonecutter_L01.prefab";"4c529c806cfe65243a315794b338feaa";"3947c804641a74d39a9f4df0f7c43695848f9e6dbb5cfdc7a4bec9c7aea835db";"42779299eac9dc9ba58d1f1cd03c4bd2491444fe8f8ec86893cf0ef661c8898d";"30472";"2026-08-19T21:28:18.4819073Z"
"Assets/_Game/Prefabs/Buildings/Level01/BLD_Wall_L01.prefab";"4ce0f1c1124b50e49ae05aa76a79ca02";"5cf70868ab274c6d6e6f0077d72ad63e8894890c8031989c429475796834dd44";"056108012a55b618a5e1736d1bea09599681af6878f6845011e85a7aa1627aa5";"49348";"2026-08-14T15:56:56.2832873Z"
"Assets/_Game/Prefabs/Containers/Forge/CompletionChest_2D.prefab";"959fdcf2173863e4baa0f2e8e16445f9";"615bd9095b1646abb57472a96dc478604a05026d981f5138b5f8ba6016e64e4b";"f451c1cdac75cde8a36c5e588457401181df57e7ca881cf3c1fd14463aa0803d";"58419";"2026-08-14T15:56:58.7084634Z"
"Assets/_Game/Prefabs/Containers/Forge/EliteChest_2D.prefab";"27952e0de9b5a864697ac76519dec10d";"a0dd86e888da56a645ab7befe5d47f4c899b10d7de3a1585e1d946eda62fbcd5";"22d06ced63483f170131771007e7deec10b09e6a59daf805669c0e3fe36005a3";"53063";"2026-08-14T15:56:58.6781112Z"
"Assets/_Game/Prefabs/Containers/Forge/LargeRewardChest_2D.prefab";"24fe59dee6269334a9094e822a0dd9a4";"2ed472d186f7fe5a6f38d501329038d045bac8f5a8c4e50ed9504e12f9b0bc87";"734dfaf13bdca5031a38c2af6acb90675877ebae8322b6a3ebcdaaac1b1de118";"55771";"2026-08-14T15:56:58.7914962Z"
"Assets/_Game/Prefabs/Containers/Forge/MediumRewardChest_2D.prefab";"69d1c311984572a469e347f9d92cd0b0";"7cd5852b274d4e86b6d3edf58876205c2bc01ea1f2a414740116c7692848538c";"4b89bf795ea32c2c026dba8bacd77bf77ce8a16a4ef6c786d3ddb99c597d2e21";"47785";"2026-08-14T15:56:58.7668190Z"
"Assets/_Game/Prefabs/Containers/Forge/OptionalChest_2D.prefab";"1497b380672706a4c9a3ed6a59553063";"9a026bccdec6feb76a7291e67df69d8bfa31840936200ba24f80585081a757d6";"547d5f734ae5e3be723aa2204b41479c25c7791545700b1d33754a2629119388";"47727";"2026-08-14T15:56:58.6539882Z"
"Assets/_Game/Prefabs/Containers/Forge/RecoveryContainer_2D.prefab";"d3232b983f80a9a428662df408ed324f";"c5122b9fae3ccc43ab88d8db37a9a087c4f388c3b517910a2a9a9d0570a11466";"2d50fca38f763b28c36581d267796e2aac7de1397325cede52ad19a3360093bc";"55721";"2026-08-14T15:56:58.8132670Z"
"Assets/_Game/Prefabs/Containers/Forge/SmallRewardChest_2D.prefab";"9762a1e3ca8779f468b5a9267357963c";"abf2929746d7b731f2830432a0de319f270309ef0ce626b302fab7951c08c2d6";"0554e128898e82504829ea4635ca7a7bb40c0bf8e33aff4a12fc47bb3e2c56bf";"42429";"2026-08-14T15:56:58.7348549Z"
"Assets/_Game/Prefabs/Containers/Forge/SupplyChest_2D.prefab";"9101a3d17aa1f374da278e2b5157a358";"3e3b799900d91399a7102e7e8e8e68fe80b8670d208144c1788c13cdbdb9e09b";"b186473a39c240cac4eed8ebc910c6d7e0b70f849cce8bda1dd5fd115832dcaf";"42432";"2026-08-14T15:56:58.6256964Z"
"Assets/_Game/Prefabs/Enemies/Forge/AshRunner.prefab";"1a9416c05bcee034ea73b147a57cc176";"5a9d3a314bda1b031489cd23ce9c3fe97181c084be007ec4ee07f80e442cc060";"8ee069323946ab62e5847425b394bdd68259597a9b99cca7a424ce35aa164035";"36150";"2026-08-17T22:16:14.5885862Z"
"Assets/_Game/Prefabs/Enemies/Forge/CoreGuardian.prefab";"7b9681ea7e11cda4c9dcb2afd532070a";"83ce804009944869d4df1bbdf7c1b4d1881153ff5609b43b7d394e463e912c8c";"6d5a47f628424c28e2889b5779718b16d6dcf6571703c8f5b4d11eed170f32d9";"32695";"2026-08-18T13:58:05.2687617Z"
"Assets/_Game/Prefabs/Enemies/Forge/EmberEater.prefab";"2c33343c7ee886943a14c30c6748bc56";"da6f56a6f691153bd24fe3c702d8d2277546eff831458863ad4234a385f29d82";"8913b9e78c61611493180bf05bf3be1067cb12761b82d7cafba3b82c687a1f17";"36165";"2026-08-17T22:16:14.5487926Z"
"Assets/_Game/Prefabs/Enemies/Forge/ForgeGuardian.prefab";"169a7ce4cc9d1294ca15af296e4a4ea3";"15794f5dbb62b63f1590f09734e8304e71fee860a8499452165fe9155d71219c";"927b863449b4d85badd3df47747d59fabd95bf091c92d8ccd993c90c385bcd11";"36162";"2026-08-17T22:16:14.7448688Z"
"Assets/_Game/Prefabs/Enemies/Forge/SealGuardian.prefab";"5134989611299da499f7ee70aeb2ca48";"864d806104b274847b09a6554cc78607a294b62de3f431b56e686f9872d78618";"2ae2f759d52bc4f1389df003302e2d7ed0e2f7c1757f7f9ec35ba58380a8da88";"36157";"2026-08-17T22:16:14.6334323Z"
"Assets/_Game/Prefabs/Enemies/TierTwo/GraniteShell.prefab";"8d434a6fffb80534889f6fb14f2f8ed1";"61a64d8eb7a1e6b7340a18ef5e40e83ff7dc3a38f3ac604c957e4011deba237c";"f85f540e13d40317c4263c683098928d5aaae5ecb1664f142f40af1fc53c15d8";"37656";"2026-08-17T22:16:14.4797706Z"
"Assets/_Game/Prefabs/Enemies/TierTwo/MoorThrower.prefab";"d19d8f6ced8032a4396758dd936618db";"d071be6ee796a98474854b0d35749d4f3c112226241eecd72b52a155d030c418";"b825bbc8f14da9bec3355af9a891f4aa32c3185f2e35d065e62df4206cbf98b4";"37651";"2026-08-17T22:16:14.4395410Z"
"Assets/_Game/Prefabs/Enemies/TierTwo/RiftGuardian.prefab";"7895dea22fc70bc4194d93f9881cf7b3";"2ee94a1ccde294d942a184f1c7d809691814ce6a9b6ea5c5c37dc52c9497d695";"9110f265cd4ba2d966c72b7279f7373e5f9a53e635044b94ac96ae0cfad88c96";"37653";"2026-08-17T22:16:14.5152406Z"
"Assets/_Game/Prefabs/Enemies/TierTwo/Riftling.prefab";"60c418f9d6491814fad6e3a97e7970d2";"0df17e76838a5e9e0eef2cebd41b17d5ffd5d611d060f8bd7e1742529369d374";"42b68319e36c4bebc152ec3e6c47e5abd11d5c020e6f1e0aa2f71c4c4847fe2d";"37638";"2026-08-17T22:16:14.3608957Z"
"Assets/_Game/Prefabs/Enemies/TierTwo/RootCharger.prefab";"873800d3c030313479e6dd6d4fdb8bb9";"e913a469982365921457ca89b04b4ee19e49c05556728d7377dbff1bf03c348b";"b61e6ba73e22020859a51624f171ac2aca2147d96d0da1fdef93cfa83d282734";"37654";"2026-08-17T22:16:14.4019006Z"
"Assets/_Game/Prefabs/Enemies/WildEidra.prefab";"a224397404cf11c429528188b9a02c7d";"30010aad75336802ec1d63289bff8dc845b5df208f08081407cd0e6af6a154da";"24241191205a78c9d052e1089b59946f278f8ba70a73176187f906699d0b7c57";"20117";"2026-08-13T23:52:42.1673538Z"
"Assets/_Game/Prefabs/Enemies/Wildling.prefab";"1ddc0d20420fe754abe66e485772ee81";"eea67bf84a224b1ec9112b3c80b45e6149447e614eac048c1f6722e3755c5536";"aa7a0058b33670d8c471393c914c9b6ae2014e3e8d412f247b76af932e31affb";"37629";"2026-08-17T22:16:14.1952298Z"
"Assets/_Game/Prefabs/Environment/AreaArtVariants/EmberRuins_tree_Active.prefab";"bfa826b04ab36b44ab9387fe4cb84515";"4d3f72f6a07ff219db1933bcb2aaaee8a3f8534445a2ddb1d6f66610f07cec2f";"b82d6e225d489b5e8282fd1d83e47f9849826898d2665099dcdc4a27b53c75db";"34751";"2026-08-17T17:07:07.7586848Z"
"Assets/_Game/Prefabs/Environment/AreaArtVariants/EmberRuins_tree_Exhausted.prefab";"3c6c15eacdf849741b1ca90b5a127c8e";"e2dbfe9dbac3c05b73eb820dc24c5b06060da2993d3d30dff84cb8b2feea3176";"8acd3a3cc1063f535ae69448b7e49332669934f66958fbba6d74e93e070d95a3";"21539";"2026-08-17T17:07:07.8200141Z"
"Assets/_Game/Prefabs/Environment/AreaArtVariants/Greenwood_tree_Active.prefab";"1afbec1f3b8ec6e42a9ea195a7e696ec";"bd2074f19b2d32f4737df9b3ec546349899c989b4c14daa75d8a2f0d9caf3ef3";"d78e170e7e72dc59b81c922b6c6e1ff847fdfde54f67cd73f967b764740780ad";"29406";"2026-08-17T17:07:06.4767114Z"
"Assets/_Game/Prefabs/Environment/AreaArtVariants/Greenwood_tree_Exhausted.prefab";"e47e1032986c7374d863bd5077b6017b";"6eea429f1e736edc57acf623e79cddc318a05120413daae532a026dfc41cdc5e";"322c1c9597f46a685cce716d214fd5f695e2eddc2d2598bc5a5a36a2616c9dda";"21543";"2026-08-17T17:07:06.5421298Z"
"Assets/_Game/Prefabs/Environment/AreaArtVariants/GreyRifts_granite_deposit_Active.prefab";"0a6ca09972b64f54ea39bd7de7299ea5";"e526234ef9e02cf5338a4a3d3f9666946b6d6c8a99af5bce520a699f2bb73f1a";"050745cc538d3239b32275c505a3426378b6778e8833f441af166ea73c63ee4e";"28427";"2026-08-17T17:07:08.8935450Z"
"Assets/_Game/Prefabs/Environment/AreaArtVariants/GreyRifts_granite_deposit_Exhausted.prefab";"eb3cadb0619c9c247b192579107edaaf";"e23f5c1c75d84ce770c92dd55b1318e7a90c35bcaec26597a89c9544aec7be62";"6ff9d46228630dd744a39ee2920204c81c0e3091cd7e955bdc6a505f5da876a0";"20522";"2026-08-17T17:07:08.9591725Z"
"Assets/_Game/Prefabs/Environment/AreaArtVariants/GreyRifts_iron_vein_Active.prefab";"e969481954d60ee4da66505274c3960a";"0a2cd09280092a23b1ef10116fbe20151990191a7296568dbcab4824c41873f3";"7544ef9786b89992046bab5be70eb849190a030ee46b1543914b861eba9076fb";"41808";"2026-08-17T17:07:09.0161926Z"
"Assets/_Game/Prefabs/Environment/AreaArtVariants/GreyRifts_iron_vein_Exhausted.prefab";"867f46c46d3d7d74189bd323cf6b6003";"79b9c0527aeb6219ca60542c0918ac47986d8b31f066d908a31a87d74c202b13";"c82df4e66831e7d5852879c0db897cef030beaf0535831b7a8334dc5a0c1383a";"20521";"2026-08-17T17:07:09.0702783Z"
"Assets/_Game/Prefabs/Environment/AreaArtVariants/Marsh_fiber_plant_Active.prefab";"a34c8aec2619aa049ba496992402341c";"37106d193bb8111a7e95bfda69507d1beeff7051eb6d33e7e93a209dda04b4f5";"3236a2a837747a64886340a7d3f8a4561666dba77bf8a928321060dfd7b1fa87";"60821";"2026-08-17T17:07:06.9630548Z"
"Assets/_Game/Prefabs/Environment/AreaArtVariants/Marsh_fiber_plant_Exhausted.prefab";"a630c23237992444daefc13260ca8f85";"e44c1e667f044753f435160e0673eaf954e56b0fe17b3a65c4cbbd863d86da95";"7b981830db047b6c09a3177236089af8f8510f6e5c7a121b3d3024e7318bad9d";"25905";"2026-08-17T17:07:07.0247822Z"
"Assets/_Game/Prefabs/Environment/AreaArtVariants/Marsh_tree_Active.prefab";"15f8609b618721648b1508e2a69d111e";"1eec947de8fea09fa4a09d1b7406b950407d76f15f908af867b0defb2a86f023";"2daf4ada1a4aa58a370382534e393394987a3c23123e0ac49863fc4fa56f45c5";"34773";"2026-08-17T17:07:06.8442117Z"
"Assets/_Game/Prefabs/Environment/AreaArtVariants/Marsh_tree_Exhausted.prefab";"5232da6841f106741b2867b15e708905";"69a9528f0423585c1445618c6405229b9e3e095c663036fc1bfc4590df2c6274";"5fa2eb68d640c973cab9f7a05fbcd19c38877bf741b27cecdddae5e777f35361";"21538";"2026-08-17T17:07:06.9042232Z"
"Assets/_Game/Prefabs/Environment/AreaArtVariants/Quarry_stone_deposit_Active.prefab";"efa80614144cd2848b0593bae1a86de2";"d3739117237455976e00894c7a4633ae04e42fec129043175b7e314edf23c4a9";"1a3c5e9439dac02a2a70de1ad6fdc967e2f3f24d35a48004fd10727f6e18b19d";"28790";"2026-08-17T17:07:07.4211927Z"
"Assets/_Game/Prefabs/Environment/AreaArtVariants/Quarry_stone_deposit_Exhausted.prefab";"344302d89acfaa148816ae837761a6cc";"2042560e769a499bffdf9b64438c520d30f6f3706f17af654be63525d7d5559c";"3cf41a2269c0a5378a79935c2136abc463956857cf6e95d7e15b7e048b43bd95";"20745";"2026-08-17T17:07:07.4797583Z"
"Assets/_Game/Prefabs/Environment/AreaArtVariants/Quarry_tree_Active.prefab";"48082d65a309ca244ba98722a42e060c";"e581a91cd78fade824ec902692530daf0bd8b9329ec3bc29693aa0f923786088";"5c34b957e1cb6b54d756e1c1bb2aaeb61b046035851cd25a3eb9c5ce002fc4bc";"32068";"2026-08-17T17:07:07.2965595Z"
"Assets/_Game/Prefabs/Environment/AreaArtVariants/Quarry_tree_Exhausted.prefab";"7018e516c8394224b90c245da2f60b19";"cc028900f0be50088895ffd0d3bd9c4769e6ec328144555d20bf18f2d910a9c3";"f06ee675e483abc2bbddf44135d1ebd098e05cd7dc8a4ca16965a144e9901af3";"21535";"2026-08-17T17:07:07.3604836Z"
"Assets/_Game/Prefabs/Environment/AreaArtVariants/TwilightGrove_hardwood_tree_Active.prefab";"c6238b97f478dfc46a2c94cdcd9a7a6f";"6223aaaee1268521ad7ba9af21900f9168703354a9b925fbd4ccd9777fbdf748";"58bc99ce24bce847d84f948fce2176da69b3fee9dba1225793087111a4cbc5e8";"20485";"2026-08-17T17:07:08.0660798Z"
"Assets/_Game/Prefabs/Environment/AreaArtVariants/TwilightGrove_hardwood_tree_Exhausted.prefab";"b26a1d70167c7ad48836ddb9dfedf9b9";"92dbd9a6e901db489ec0a2fe99ebf8bba142ad21f939f78c0a56a54d9096a8f2";"4212e3cdf7ce7b6f00b1768bdf8c6867b714be45fbee7970286dc1ca7aea93fb";"15236";"2026-08-17T17:07:08.1200390Z"
"Assets/_Game/Prefabs/Environment/AreaArtVariants/TwilightGrove_swamp_hemp_Active.prefab";"dd64a148a3dcf2349bb375b9c3ed0cf1";"34885f13fbadef60808e8b213964c4101d89745bd36b6b6564bb05c646e60058";"c082eaae2d4efc303625a547219c1c573f248ef07259838601ce2e1e567b8818";"68066";"2026-08-17T17:07:08.1844873Z"
"Assets/_Game/Prefabs/Environment/AreaArtVariants/TwilightGrove_swamp_hemp_Exhausted.prefab";"8ff434a59e36a2d48a710ecb7f9a6ea9";"5b89e3da784965ea1643f0c88e3457a60ca3f8ec5d5bdfb3a2e09337603755e2";"c885c57c5cdf4176122d5713e903605488d7d151d3ac8345de183aa68ff5d6ae";"28551";"2026-08-17T17:07:08.2478552Z"
"Assets/_Game/Prefabs/Environment/AreaArtVariants/VeilMarsh_iron_vein_Active.prefab";"7d11baf81a75bc249a650efccc043bf7";"6a855a4b008fb7a2b76926f75269e0180f4be226075a0d14b66da3daa87019ce";"7690546206be40db9b1868d3571cff11cbe97ba45a2a6704bf028050eca38628";"41805";"2026-08-17T17:07:08.6032511Z"
"Assets/_Game/Prefabs/Environment/AreaArtVariants/VeilMarsh_iron_vein_Exhausted.prefab";"ce96a60aeb978ac4991f6c88520dbad3";"6b2097dc66671e3ee0effc39732f71354e90403a8e5200e5b824bfb9c9fb2495";"c23d266c27804d03a2d0d764efa6fe2186560dea0228300b67e224527ec05266";"20524";"2026-08-17T17:07:08.6692988Z"
"Assets/_Game/Prefabs/Environment/AreaArtVariants/VeilMarsh_swamp_hemp_Active.prefab";"66ed594fa8003554eb21cc7ce04845bf";"77f4b690069688e65e9553a94dcaff8550a49bcbb4cefbee2ef917b00355cd5a";"5f561d475ecdedfa1f964e18ef8241553170f65826e153fc758538d6cfd936a2";"68068";"2026-08-17T17:07:08.4774090Z"
"Assets/_Game/Prefabs/Environment/AreaArtVariants/VeilMarsh_swamp_hemp_Exhausted.prefab";"7bc86cffa0579d6448cd659162cd1113";"ebdba21f503baed3881dbf1b5c22523377ec51a70f007b250d59a15f88d22cc4";"1daf953a8bb9ff1b3ae56e682d52b9d8a12d43e490fafe2dec5cc1a942a62026";"28544";"2026-08-17T17:07:08.5381648Z"
"Assets/_Game/Prefabs/Environment/StyleProof/SP_Accent_GlowMushrooms.prefab";"91363b6426ab8ae41ac4dcacff15cf11";"2113a2c869c31d607212e6a6e6c9ce3664900390df6de056289445c5eaf06997";"0b51d1c8768cd984c030909298d8df86e1d2d7f3838f3c2722ab43bbd6db1e52";"24907";"2026-08-14T15:56:54.7437544Z"
"Assets/_Game/Prefabs/Environment/StyleProof/SP_EidrenRune.prefab";"720df75ab38b28348b7b58887124f1e4";"2adf9588fbe6d416895add73c62e880f1c4060edd574a622a0e8e6a8db7ec254";"8784deb913b2bf2b14b4ad7869e85934e46148f105dcdf1c658e6b480ad8ab87";"14188";"2026-08-14T15:56:55.0021631Z"
"Assets/_Game/Prefabs/Environment/StyleProof/SP_GroundCover_Grass.prefab";"0776cdffc03491c4eacacb09f19ee709";"72f7827b0097a9d8a0191453334d0d6497d4ec710f4a620e8f3def9253e66895";"3d2561160e4fd89736d3e987025349029e0f8030d01dfec9d8d92cf33dc7aa4a";"22313";"2026-08-14T15:56:54.6561007Z"
"Assets/_Game/Prefabs/Environment/StyleProof/SP_GroundCover_Moss.prefab";"8476cae0d898d1641948b08967dd12e6";"6a234802e16fa20c14d1760eaa877432c780f08678901b9de8272a240de579d9";"7f9668dadae8f05ecfa9c895d4543fba55eeabb1258be07f1f12e9fb0b3de56e";"16948";"2026-08-14T15:56:54.7003091Z"
"Assets/_Game/Prefabs/Environment/StyleProof/SP_Plant_Bush.prefab";"6c0e84875abd15a479854b4261f6c371";"8594dac0fb0b76dbcbb0c28a9c81071efac8399911574d9640befff2869db028";"0715b9608084074eec25d3848066c51a24d67aecab8d3b9a8e1b2f3477a355b2";"6257";"2026-08-14T15:56:54.4976350Z"
"Assets/_Game/Prefabs/Environment/StyleProof/SP_Plant_Fern.prefab";"58fb3f2e59b14e44899d00b72c32d9b1";"ad996d113657c94f4b7bb8b0f868469494ff147c4489dc42b68a8cd05d44d6ef";"187a522f0dd5baf39e66fc02c1713ebca2b2d7b3a6f6fd62910b56b4c6126099";"19686";"2026-08-14T15:56:54.5450461Z"
"Assets/_Game/Prefabs/Environment/StyleProof/SP_Plant_Flowers.prefab";"3c03787a9b0d24541a92358b1f05caf4";"3b1932931b3249e27e85cb399223ed4efdf148af16dfe677d0f4080820dfc8de";"96ba36e037440f70bdc697bd70a97f6c78cf6bb79f3758282127ecaac281e9ca";"30225";"2026-08-14T15:56:54.6020074Z"
"Assets/_Game/Prefabs/Environment/StyleProof/SP_Rock_Large.prefab";"7a05b52bf96b4cf46a032fc54d3ecac5";"cfb57e300ea7c72ae56801a39753a1c702e5941c4edbb1dea4d338c4f9047578";"d136fb6b02859164d4a4822f31a8dbf90e0279a89799bd29a23c730fa3f1fbc4";"17632";"2026-08-14T15:56:54.8447471Z"
"Assets/_Game/Prefabs/Environment/StyleProof/SP_Rock_Medium.prefab";"e807eb3c56600d44f8f2698a7b860361";"bd5a2978b8517713a130be81ad53916fd60bfa39b52bf7ce3e424533852c25a6";"fd8bb5ff69ec47868dab845b4e7f410710534d57c1b181719cfe7af326770416";"12263";"2026-08-14T15:56:54.8043105Z"
"Assets/_Game/Prefabs/Environment/StyleProof/SP_Rock_Small.prefab";"048d2c2f12ce3a74dbddce9d0b2ce8a9";"2c4b8d2c8bfac32382f8fb353551b18464c3a1a8f3c99ba415c9f9ac2fc280bc";"758ec725c0f8a71a01cf3971dcf6c44ad3e28f9468d719bd1ccae01f5acbeb3f";"9565";"2026-08-14T15:56:54.7697137Z"
"Assets/_Game/Prefabs/Environment/StyleProof/SP_RuinMonument.prefab";"9313da8e1c3c16342966f0867ddeeadd";"99873099b8325b5982efb23ebf512ac439f112ae685303eb13d56807f124e631";"0e8c7c060906ec7a3c57a3deace5732c18d4935b7d75edc2545a7acbbd2ba835";"14781";"2026-08-14T15:56:54.9721570Z"
"Assets/_Game/Prefabs/Environment/StyleProof/SP_RuinWall_A.prefab";"10755a6d5c02ad149bbc34d079d188f0";"5d4fcbc852bea970adff959a34d569e83fbb63abdf4036ad3450c1cd1c4c5458";"d9001c91036a9a1332f35b78e24d0e7d8d9b103ae09d73c2977672fad69193ff";"17404";"2026-08-14T15:56:54.8859113Z"
"Assets/_Game/Prefabs/Environment/StyleProof/SP_RuinWall_B.prefab";"110fdd08b47f8214b89c865c4ed10e83";"4d3c73b478fe23099281240e143c7b4be4bd5f1cf6b9f089124dba2c27b5d9fc";"38d524c03443fec838e8548fc9f47cc116fa774fcc942c61db034704c341f700";"14790";"2026-08-14T15:56:54.9320637Z"
"Assets/_Game/Prefabs/Environment/StyleProof/SP_Tree_A.prefab";"42999b3921a98d64799e91e3ec9fb8af";"5ca9922584cce38dd2872e980c40843592128b440c7b1bd02fb9710b8bf61e2e";"66e0a310acc81d2cf0c9e6e0d1bdf3c864f8706670e931b9060a97ca72af16b8";"20078";"2026-08-14T15:56:54.4061509Z"
"Assets/_Game/Prefabs/Environment/StyleProof/SP_Tree_B.prefab";"18b4420227da46b4091ce327a251e251";"7f454f9f1439e2f48a331f4f26bbb63b461589d60ebf82d6635cfd43512d0697";"00f07a2202429b663bfb0d9768900f7c802afdf3e3e0e08153128fb314f98e56";"20099";"2026-08-14T15:56:54.4427763Z"
"Assets/_Game/Prefabs/Environment/StyleProof/SP_Tree_C.prefab";"874715e7b482f4145b949bc13e2ab5c7";"2d0cdc16133b380a4ad2732d973c93d43b3b4784b121bb84f89a4cd9c7aea45f";"cab66ea5af7ee552e5de224a23aae8851b7bcaee6828afe795971ab59ea294f8";"12086";"2026-08-14T15:56:54.4746348Z"
"Assets/_Game/Prefabs/Items/WorldItem.prefab";"2c2e229e48566b641bd46edcf3e178cd";"3733b8c0b2095c408501375e6d6769ed1aca80cd8190d8feedd9ee2ce46d716d";"6e54d3b14e21a83eadf77c1bbbee6c23a316d0b326df8dca963435fac969322e";"17678";"2026-08-05T10:39:52.0096208Z"
"Assets/_Game/Prefabs/Loot/WorldChests/WorldChest_Common.prefab";"8c3645e8fc018da459bc7e43090224f0";"84a9be4aa0d260132929b0efdf59cc7b4bd23a7219b589c7caf18d53932a8903";"9aa57cfa55e39d18bb2231ef05c0a0ebbfb6770405477b976752696616910cc9";"54810";"2026-08-15T10:04:01.8433691Z"
"Assets/_Game/Prefabs/Loot/WorldChests/WorldChest_Guarded.prefab";"f0cedfc8322e79345b147d34813c50d1";"3cc9baccdadb253bd8b6c30e742196a4626aa060d247b8dedf480ac8a728c3ff";"912449aefc41ccc2357e22098f09867d63cd0f91f947cddc871e8d5316f72177";"68075";"2026-08-15T10:04:02.0412586Z"
"Assets/_Game/Prefabs/Loot/WorldChests/WorldChest_Hidden.prefab";"7da2b6a7f5ce60f43942187feb66df5a";"24588106e41d15d3cac62a5f9ed827d28b77e5f1c8be63c66291b5e2f1d18b39";"3a7d99e2d1b4a0f956a8a96c502fc07bba782d2af263cd8259b3e2f4ad0e9586";"62766";"2026-08-15T10:04:02.1382258Z"
"Assets/_Game/Prefabs/Player/Player.prefab";"42a8f801c2b409a4b9fad2f4597125df";"b47fd9fe78b4baee56ab4c35dd4e603a8065c3521116c66362954f1884e50bc5";"454344413ed6be3fb89b62994c3f02cc5296ff418285b04c83c93b45eb876ee9";"15518";"2026-08-14T16:21:45.9979418Z"
"Assets/_Game/Prefabs/Resources/Nodes/BerryBush.prefab";"49c167512bfbd6c44b5e15dc18206ccc";"efed40386f5e1dcb73e949a4b15b3df0f71f9eadd4b3f98fedc6f8e089778688";"62ae577f779e34d12a3bde6e9162170edcec6c851012b04f1e7e8a68d8c9a2a3";"8239";"2026-08-17T16:06:48.1806424Z"
"Assets/_Game/Prefabs/Resources/Nodes/CopperVein.prefab";"ac2664d614a69cf45804b37eb83072bd";"d8d0e16dd4e360ed2b843631bb040b8835d8d8381cc6712dd9efdd536e9691a0";"c31646e0b54e315dc7d04bfe541ac38094269c72e41d3801e452f95f8873eb85";"8852";"2026-08-17T16:06:48.1584391Z"
"Assets/_Game/Prefabs/Resources/Nodes/FiberPlant.prefab";"6d908ca57d7f3d54ebfad14911bc1ff5";"a63b6fa8b4878cac66fa675be956902df64159170627eb96c9cc752afb2bc78a";"cec68d1c716b27de2085a5bfbffe07f8202abd788ebee78f36307ddbf44e1447";"8241";"2026-08-17T16:06:48.1362556Z"
"Assets/_Game/Prefabs/Resources/Nodes/GraniteDeposit.prefab";"a715a0edc1ed3014590a896927d66d80";"79acb8e5a6c5a848f530297712fe0e0d7023d01faf185a3726762653bace17c5";"f3cd162691ba1883c99b1ebda510e1de6efa8b0a6a01a23d11504b7845c6fa39";"8857";"2026-08-17T16:06:48.2516118Z"
"Assets/_Game/Prefabs/Resources/Nodes/HardwoodTree.prefab";"a1c255cad003779439ba536f93283eec";"45eb1c3f83eaef43f5fafa04a23ccd47f78b82a45ffce51eb0eb51a6e7a957eb";"db8ceaea9b4f41db7bb9a28a4cf2ae74b7170c84cd21012f3432fadf5f07d6b9";"8853";"2026-08-17T16:06:48.2069730Z"
"Assets/_Game/Prefabs/Resources/Nodes/IronVein.prefab";"8e57aae10714ad348b2df30948ffd5e0";"12ecbab82169364bf809c02b3614d5e29f610bf52510b217cf4eb06bc7a52f87";"4a880bfc811a11d28c46c387f17d065a56a2db459e0a3b87c310b8d2a92eef23";"8852";"2026-08-17T16:06:48.2748104Z"
"Assets/_Game/Prefabs/Resources/Nodes/StoneDeposit.prefab";"91b1a17d8a47d89409adfd75672af408";"eae6347a5b20c9be1bfe756b1f07fee8a40339a5bf17d7db86dfb0de111ca612";"c3deaa68b0b6af47b4926f610054bdf1649da8af3695dda3367480d14f56f734";"8847";"2026-08-17T16:06:48.1131962Z"
"Assets/_Game/Prefabs/Resources/Nodes/SwampHemp.prefab";"9273ea3e4f23f894885a017dff3355aa";"4a26ce23585ecb3e246c5636ca9c118733e14337abf690411a6228a1e6e076f6";"567f3962977d280b7a965ff35915b270b173842ffb7ec38e06d52656744dda25";"8239";"2026-08-17T16:06:48.2257225Z"
"Assets/_Game/Prefabs/Resources/Nodes/Tree.prefab";"7f1b3d8776e942b4692950428b1310b4";"1cb67965c9d86bc60b4f811a89937e980851dd28c6af79fe24bb31ca1f558a2f";"dcd318034e9839303714bacb1b673ae0d50d66cc2decd6fb2aa418fcc9201c97";"8839";"2026-08-17T16:06:48.0451981Z"
"Assets/_Game/Prefabs/Resources/Visuals/BerryBush_Active.prefab";"92164bcc7d88e234ebd39254aac7db51";"51c1e1bee6fe47f2bb82e6d76e80abc878b5002cbf830c64deddb9bbf4e5c99e";"5d25b59bd94fcd0112446e5102b83a476e7088187e7354bec5d6c104fa1f3813";"30144";"2026-08-17T15:47:14.0570969Z"
"Assets/_Game/Prefabs/Resources/Visuals/BerryBush_Exhausted.prefab";"f9a4d9e341d67b44abed2dfbc3177124";"ad0f4fbd5e8caa82a424520bbbe4fbd5e2173a803d1ec863c4fcfd9e34a61538";"63be9d6ab584d926ef210ee584d50b36e0ac07f37d25fe881c7bb45b5f7a1998";"6261";"2026-08-17T15:47:14.0795355Z"
"Assets/_Game/Prefabs/Resources/Visuals/CopperVein_Active.prefab";"37ecaf0cb51ec6043b8ec60cac2b6925";"f71752b40d7c731623c94879b07335b157891adae2a36e250cf7bfb47622941c";"8ba5df2efac41f5afe87eeeb61952642fe7bf688abb506e2731a5b2939261afd";"37039";"2026-08-17T16:06:59.1197120Z"
"Assets/_Game/Prefabs/Resources/Visuals/CopperVein_Exhausted.prefab";"e093ee8277bb90441bf30a4fcad8f02a";"b9aa217231f30b1f3ddea5f86a231c42bf66da1497d26176ade7ba21942ea133";"1035dbbf03dae03f72e612a598ff6c4caea3f90b7952c62333cede3e3d21295e";"14383";"2026-08-17T15:47:14.3075265Z"
"Assets/_Game/Prefabs/Resources/Visuals/FiberPlant_Active.prefab";"23145d07f5b89c7448aa907f9ae38a4f";"49f140c3e6a05bbfd0873bd548bfb3cf38fbb8fc6af2bb2bae11e83c33007961";"1df2f59fd32af0b18928c95d9ad87db3ad9b5b26790aa46e711b3a3c9d24e4bb";"51861";"2026-08-17T15:47:14.1230931Z"
"Assets/_Game/Prefabs/Resources/Visuals/FiberPlant_Exhausted.prefab";"c8b4fd8975d6bed4caace08e2c883fd3";"f6e98d155b49a45e3d8d44c358da527a7d0fbe46aa93483a1d74ea43932518a1";"b94cc6a52c33f81673296f70145212084555d700922a766218be40ee0a337219";"16930";"2026-08-17T15:47:14.1526339Z"
"Assets/_Game/Prefabs/Resources/Visuals/GraniteDeposit_Active.prefab";"df25ce51fed51a74587bffa06467074a";"b2ca0c5c5bc1475300def1d39e3005dad7fd939f547918f9d540c2b80c6e4e71";"8627ac8a1fc83514ce72cf8635b31848ac2b2a4f103c1c3080cf67437b569c9a";"22079";"2026-08-17T16:06:47.8499147Z"
"Assets/_Game/Prefabs/Resources/Visuals/GraniteDeposit_Exhausted.prefab";"28d5db0d123173f43bd86747360975de";"7bcb994ab9bd172171e5f0adafb732027db27ee8190e1fb90b1c4aa0e08ceb39";"86accf7ff606cb618e29fbe86d0dcd5e073e81feabc076d2c8b69fc80f45b3f6";"14168";"2026-08-17T16:06:47.8810374Z"
"Assets/_Game/Prefabs/Resources/Visuals/HardwoodTree_Active.prefab";"ab2998e7570ee8740abe00379b534bc3";"f74ffb15b2b01600fa84b4fae52c518ff4a6f9dea345ef84d226415a365c92b5";"781e259d9587b1283e5dd90a047c5457f44e5da324d52a5a5f7151e347a3d739";"14128";"2026-08-17T16:06:47.6819230Z"
"Assets/_Game/Prefabs/Resources/Visuals/HardwoodTree_Exhausted.prefab";"48003abed41500f43ba96fe95b35f14b";"5dc0305f00faa763df63aa8d7264ec0eb3e2028869454b20d2a6ea5377cb4d63";"ba372f7ae229e3f1181111eee007c3ab8e9231e8cb00eb244f33e63e85ef0bb3";"8874";"2026-08-17T16:06:47.7118194Z"
"Assets/_Game/Prefabs/Resources/Visuals/IronVein_Active.prefab";"78a3b372362805f4eb16d91274c2fba0";"01d736613f56fac44ddc74246620be0b500a63a035ecba1474afa4b31da01cbc";"19e23373b5f75fe68813ddae33c6c74b429ba09f0b4353ffde4dfae81fdbc414";"35462";"2026-08-17T16:06:47.9317065Z"
"Assets/_Game/Prefabs/Resources/Visuals/IronVein_Exhausted.prefab";"af880920e09480c4f8621f93066b699a";"4bbc2afd05f7c675543078360ee04367008d7a8ec9ce841de0d5c94f512890bd";"50dcc13ba5fd175b8fde0e800408825f48be0a3740f11d2d83c61c3c877f54bb";"14162";"2026-08-17T16:06:47.9723412Z"
"Assets/_Game/Prefabs/Resources/Visuals/StoneDeposit_Active.prefab";"aedcfcffe6bd6a84593d407eda0c7095";"8e52fde8a8b68bd04c4fc532cf742c744ea02ef41af54cc6b8124cfe76d608fb";"0701dbf87ceaf29b9489926a80da5093c26cef1082504f64a220cfe4e67d2ceb";"22440";"2026-08-17T15:47:14.1837101Z"
"Assets/_Game/Prefabs/Resources/Visuals/StoneDeposit_Exhausted.prefab";"75aa2fcc87d76a546a03fb2035bcc37c";"6f4dea618ea15aafcd6443f8d037892e456c5554d7c7775b4fb72f858df2cd25";"29bc904a01c1c8fbe265056e9ed63413d5016f520e9ff80211a8ce7f8fb1a82a";"14389";"2026-08-17T15:47:14.2098174Z"
"Assets/_Game/Prefabs/Resources/Visuals/SwampHemp_Active.prefab";"845822523c83fb146b6e2db2d2b8d655";"5c642bb61b6a968495971531743f1dc40b9fc3ade6b21c88815b76c12393985d";"5d33f3e00af8ab5b5a3c0707ebbc465da58904a895c9d9e52a750290f907f20b";"61717";"2026-08-17T16:06:47.7829221Z"
"Assets/_Game/Prefabs/Resources/Visuals/SwampHemp_Exhausted.prefab";"1808750415f04f24e9173a9d2131888a";"e50ccf648224304cf22a3f38bb24bf454dbe02fc851295e6938188676db551db";"bbec94f870688dfe005180d3e5fe77c354084fc6f609acd4c3517c8d8eb8ccef";"22185";"2026-08-17T16:06:47.8184589Z"
"Assets/_Game/Prefabs/Resources/Visuals/Tree_Active.prefab";"4485cd97063e9fc4e822aa32acaede2a";"2659c72ea520c85d2adfd22826e736bb420a4e512c0f77a3244ed8dd2f3e3330";"baa1cfe2cf3022bb0b641a0ec34d2d6c9d1a08744e3008e1e80cabfe5fdc7ce7";"19513";"2026-08-17T15:47:13.9131859Z"
"Assets/_Game/Prefabs/Resources/Visuals/Tree_Exhausted.prefab";"a3062fe75a4d8b449ade00d146eb028a";"9834496319978d93665c5c30eca376ea6a896ddbb13020f2ead06338194d492d";"28bf5b97bf34db39ff3af3fe51422c9c091203db0da27d4c7711c5f67c9e3871";"11571";"2026-08-17T15:47:14.0131829Z"
"Assets/_Game/Prefabs/Stations/StorageChest.prefab";"bed0f5490a6014e4b955be7cdc8845ba";"e2e794f396773b32144f73494e31858332cc01b1a818efa42a4b4ed2cf665300";"d5f6d17e1eb1c3e6f53d5043f32fc6b0f946acb1a536a1f0322a8227939941be";"70281";"2026-08-19T21:28:18.6125144Z"
"Assets/_Game/Prefabs/Stations/Workbench.prefab";"16ce8a1c41a4d574a906f32c4b7dc5e6";"d87176bfe3e1de137c796dd6f4a24a20ce9e565a075d4deca6ea67ccff878e0c";"ec3f28442e60d728fca03b9f0a285e69b78b6b3915eb5aaeff496e2efd0166ba";"108947";"2026-08-19T21:28:18.5886130Z"
"Assets/_Game/Resources/Art/BuildGrid/BLD_Grid_Area.prefab";"7ec0c4f5c0bd5164fa5bc96fd29d3ad0";"231113f452cce97dd142eb4d5dfe3fc96ee5fe1478679ceedef38b3d88f1bb2e";"b8c8f1cc69c4f0399392ed49184d0d35f77b3f30c04a63d36c5e0b47bd4ffb3f";"3983";"2026-08-05T10:39:51.9886739Z"
"Assets/_Game/Resources/Art/BuildGrid/BLD_Grid_Boundary.prefab";"04cb6e852ac8c6342a55aec622840472";"5b6a2b333fbeea9882e8e4d3c7b6d5dbd2b246549f10bcaf11107794c6bf0598";"a77e8e306ea1a4fa5d6129267d1dce10f3019c99ada917299b329c50cdcb24e3";"3988";"2026-08-05T10:39:52.0387986Z"
"Assets/_Game/Resources/Art/BuildGrid/BLD_Grid_Cell.prefab";"7c87b9585cb14854e8bd5116725b90d3";"fd4863ff6be581b9447fabc89c05b7882266e5d3a3215d55c4843497ccd2c52c";"4a769b0140327e13ea4101c0cb5dc1625d09d58c492b165bdc43099db803d189";"3989";"2026-08-05T10:39:51.9688966Z"
"Assets/_Game/Resources/Art/BuildGrid/BLD_Grid_Edge.prefab";"cd6cdd8ae92f88347b6a1a9d3221ca9b";"b68e3d75ec03602bbaa6368bd22a6f5d2f3b516f7fb0263cf7892830e40049ef";"eb3e13baa966d84d145c66bf5051ecc971f2f9fad980e1efccd6092a7fd8d6b8";"3984";"2026-08-05T10:39:52.0443069Z"
"Assets/_Game/Resources/Art/BuildGrid/BLD_Grid_Node.prefab";"7043ad2a0a11882419ff0f65f2fdae26";"ed28fbe6bce815ac605f7ad8ee9fb5314f5522f8df1ac05bbcf9b41b15dc5a4f";"30a3b39a8dc6d63fff1c9be1e6412954c2124313449111c6bea2b26be84f50f3";"3988";"2026-08-05T10:39:52.0523216Z"
"Assets/_Game/Resources/Art/BuildGrid/BLD_Grid_Zone.prefab";"155b4f988f0693c43ac241e74bea03ba";"232989e9508878dfae7475754ab96c9cbfc74eee992f42248703d673c992aae7";"1b180d8fa129f7a3412394afc941c4ca48bded1aabb3833882cd676837cbcb97";"3983";"2026-08-05T10:39:52.0427977Z"
"Assets/_Game/Resources/Art/Buildings/BLD_Preview_Mark.prefab";"c561bced387f9bc40ad897a11bf6f8b8";"65736797f68eea2555043257cf1336051f6b54c0a7a20d57846bd61ecbf65680";"c676002f3f42b7bc7a827121d39791087cc779e24c9130e4f1bc369ae71f399e";"3986";"2026-08-05T10:39:51.9623581Z"
"Assets/_Game/Resources/Art/Buildings/BLD_Roof_Tile.prefab";"895285220d58eba48bc034220c426253";"b3b01fa309dd4d482d0235acbca34c86f6d9624c42034a1514c5c733e1a5d08e";"0ca2b11cef4f575995854f899b610f91369d3f382a946b6730bb68681d99952e";"3522";"2026-08-10T13:51:26.1033963Z"
"Assets/_Game/Resources/Prefabs/Actors/2D/Noctarion_2D.prefab";"60f2c70fd7b9ff9429f56f5c0c3c6f5b";"83cae50e3e0374963b3742c77517642bd0647660fc6deb98bc7357823dad6bb0";"0dff3a47577e84178cceacdc94e55338afa9f27a33196b6d2ef4b13027becadb";"12009";"2026-08-05T10:39:52.0488426Z"
"Assets/_Game/Resources/Prefabs/Actors/2D/Terrock_2D.prefab";"59d8ae2a909e0134abd4e0e38ae8cfa8";"c9ea92d0b42c3683a124c8941771f875e2aa48741649a6f0f44b2228f1e61348";"5a08b7c3a4c2265751f0c54fef661a4ffc47fe9b1d549911fe5580a1aea40f21";"12000";"2026-08-05T10:39:52.0144339Z"
"Assets/_Game/Resources/Prefabs/Actors/3D/Ignivar_3D.prefab";"47e7e5fe41fdef844977734f028aa57b";"31670430168332d311bd39940d2cbdbd6f6956d7eb26efdf90ea4916559e5eb0";"0b55604dee5423ad43bec83148c3b475a29e888c812cb9ac676b3cf0277589dc";"11745";"2026-08-13T12:26:01.1253556Z"
"Assets/_Game/Resources/Prefabs/Actors/3D/Noctarion_3D.prefab";"eae5d61b6f1c2274785fac92414ed7c1";"079246e821355c6a6b00af55daca432d7c0a8cfc9bb8ffe826cb6ee03d27651b";"785dc45964f38d9eec32df35a71e6121240130a7fee05c10091fff3b9b71fdaf";"11750";"2026-08-13T12:26:00.8220749Z"
"Assets/_Game/Resources/Prefabs/Actors/3D/Terrock_3D.prefab";"9d4b5ee3a4f50094c8c49f73c24118f8";"bbc416ec03445e8bac65c5701ada568134c233998ec4b460f68829a48375945f";"08afd4c20cac57816e3998c0d2ef25c9a6d813e04907d9f338e197d8dc6a06a8";"11736";"2026-08-13T12:26:01.0284744Z"
"Assets/_Game/Resources/Prefabs/DeathBag.prefab";"d11a6c092463e87448b91a3497659289";"f47254ea36baae5d4a1722813af36a73b4b41565cee975d0759c468e574a3bf5";"69939c5ee0ceecaf90c1faab013b264b009f421b41b4a52eab2863febb03d50b";"11532";"2026-08-05T10:39:51.9506595Z"
