Assetpfad;GUID;Local ID;Meshname;Vertices;Tris;Bounds Center;Bounds Size;Prefab-Referenzen;Szenen;Builder-Kandidaten
"Assets/_Game/Art/Actors/AshRunner/AshRunner3D/AshRunner.glb";"b932d02d318892c49b20d226df0d2b3b";"-4944983783991602753";"AshRunner";"5094";"1698";"(0,0.916893,-0.300313)";"(1.071741,1.8,2.570678)";"Assets/_Game/Prefabs/Actors/3D/AshRunner_3D.prefab | Assets/_Game/Prefabs/Enemies/Forge/AshRunner.prefab";"Assets/_Game/Scenes/EidraForge.unity";"Assets/_Game/Editor/CreatureMeshBuilder.cs"
"Assets/_Game/Art/Actors/CoreGuardian/CoreGuardian3D/CoreGuardian.glb";"9f9caf10cd5ad2d4d815561b1e569cc9";"-9023735903346026133";"CoreGuardian";"3864";"1288";"(0,2.293689,0.320388)";"(3.029126,4.5,2.097087)";"Assets/_Game/Prefabs/Actors/3D/CoreGuardian_3D.prefab | Assets/_Game/Prefabs/Enemies/Forge/CoreGuardian.prefab";"Assets/_Game/Scenes/EidraForge.unity";"Assets/_Game/Editor/CreatureMeshBuilder.cs"
"Assets/_Game/Art/Actors/EmberEater/EmberEater3D/EmberEater.glb";"27aba9d977ff0e34982f0ae1176c507c";"-2320718513700687842";"EmberEater";"4350";"1450";"(0,0.815238,0.155619)";"(1.313829,1.6,1.585143)";"Assets/_Game/Prefabs/Actors/3D/EmberEater_3D.prefab | Assets/_Game/Prefabs/Enemies/Forge/EmberEater.prefab";"Assets/_Game/Scenes/EidraForge.unity";"Assets/_Game/Editor/CreatureMeshBuilder.cs"
"Assets/_Game/Art/Actors/ForgeGuardian/ForgeGuardian3D/ForgeGuardian.glb";"469cdc0e26cdff64286fe38fe24fe50f";"-2031557943163980135";"ForgeGuardian";"3888";"1296";"(-0.061738,1.272866,0.045732)";"(1.571646,2.5,0.853659)";"Assets/_Game/Prefabs/Actors/3D/ForgeGuardian_3D.prefab | Assets/_Game/Prefabs/Enemies/Forge/ForgeGuardian.prefab";"Assets/_Game/Scenes/EidraForge.unity";"Assets/_Game/Editor/EidraForgeEnemyContentBuilder.cs | Assets/_Game/Editor/EidraForgeGeometryBuilder.cs | Assets/_Game/Editor/EidraForgeLichtBuilder.cs | Assets/_Game/Editor/EidraForgeLootAssetBuilder.cs | Assets/_Game/Editor/EidraForgePropBuilder.cs | Assets/_Game/Editor/EidraForgeSceneBuilder.cs | Assets/_Game/Editor/ForgeContainerVisualBuilder.cs | Assets/_Game/Editor/ForgeVisualAssetBuilder.cs"
"Assets/_Game/Art/Actors/Garon/Garon3D/Garon.glb";"61b3a9b8d3efbf44d96406ababd8d434";"-5471906200080913431";"Garon";"6000";"2000";"(0.086135,2.282209,0.345092)";"(3.761227,4.5,6.855828)";"Assets/_Game/Prefabs/Actors/3D/Garon_3D.prefab | Assets/_Game/Prefabs/Bosses/Garon.prefab";"Assets/_Game/Scenes/EidraForge.unity | Assets/_Game/Scenes/Zone_EmberRuins.unity";"Assets/_Game/Editor/CreatureMeshBuilder.cs"
"Assets/_Game/Art/Actors/GraniteShell/GraniteShell3D/GraniteShell.glb";"2c62d83b05e79574086f340fd32b2e1f";"-7900780611823541564";"GraniteShell";"5268";"1756";"(0,1.223343,0.269194)";"(2.303959,2.400089,3.081415)";"Assets/_Game/Prefabs/Actors/3D/GraniteShell_3D.prefab | Assets/_Game/Prefabs/Enemies/TierTwo/GraniteShell.prefab";"Assets/_Game/Scenes/Zone_EmberRuins.unity | Assets/_Game/Scenes/Zone_GreyRifts.unity | Assets/_Game/Scenes/Zone_TwilightGrove.unity | Assets/_Game/Scenes/Zone_VeilMarsh.unity";"Assets/_Game/Editor/CreatureMeshBuilder.cs"
"Assets/_Game/Art/Actors/Ignivar/Ignivar3D/Ignivar.glb";"cd31036a7ebc8804bbbef23f12824217";"-3914213699015356351";"Ignivar";"6342";"2114";"(0,0.506362,-0.150073)";"(0.656905,1.000105,1.30969)";"Assets/_Game/Prefabs/Actors/3D/Ignivar_3D.prefab | Assets/_Game/Resources/Prefabs/Actors/3D/Ignivar_3D.prefab";"";"Assets/_Game/Editor/CreatureMeshBuilder.cs | Assets/_Game/Editor/IgnivarContentBuilder.cs"
"Assets/_Game/Art/Actors/MoorThrower/MoorThrower3D/MoorThrower.glb";"b2d5f5c7b98fc6b4fbe221742c99a735";"3073268351876937425";"MoorThrower";"5208";"1736";"(0.037624,0.968812,0.173199)";"(1.272937,1.9,0.93908)";"Assets/_Game/Prefabs/Actors/3D/MoorThrower_3D.prefab | Assets/_Game/Prefabs/Enemies/TierTwo/MoorThrower.prefab";"Assets/_Game/Scenes/Zone_EmberRuins.unity | Assets/_Game/Scenes/Zone_GreyRifts.unity | Assets/_Game/Scenes/Zone_Marsh.unity | Assets/_Game/Scenes/Zone_TwilightGrove.unity | Assets/_Game/Scenes/Zone_VeilMarsh.unity";"Assets/_Game/Editor/CreatureMeshBuilder.cs"
"Assets/_Game/Art/Actors/Noctarion/Noctarion3D/Noctarion.glb";"b7daee05003967a42a70e50d2f4fb05a";"-4471233225929683468";"Noctarion";"4998";"1666";"(0,0.508919,-0.183947)";"(0.530123,1,1.817168)";"Assets/_Game/Prefabs/Actors/3D/Noctarion_3D.prefab | Assets/_Game/Resources/Prefabs/Actors/3D/Noctarion_3D.prefab";"";"Assets/_Game/Editor/CreatureMeshBuilder.cs | Assets/_Game/Editor/Tests/NoctarionSpriteVisualTests.cs"
"Assets/_Game/Art/Actors/Player/Wanderer3D/Wanderer.glb";"3a8a17a3ea0ef144cb83d049ef83cf7f";"7787800772272108231";"Basis";"2292";"764";"(0,0.9,0.004)";"(0.616,1.796,0.282)";"Assets/_Game/Prefabs/Actors/3D/Player_3D.prefab | Assets/_Game/Prefabs/Player/Player.prefab";"Assets/_Game/Scenes/EidraForge.unity | Assets/_Game/Scenes/HomeBase.unity | Assets/_Game/Scenes/Zone_EmberRuins.unity | Assets/_Game/Scenes/Zone_Greenwood.unity | Assets/_Game/Scenes/Zone_GreyRifts.unity | Assets/_Game/Scenes/Zone_Marsh.unity | Assets/_Game/Scenes/Zone_Quarry.unity | Assets/_Game/Scenes/Zone_TwilightGrove.unity | Assets/_Game/Scenes/Zone_VeilMarsh.unity";"Assets/_Game/Editor/CreatureMeshBuilder.cs | Assets/_Game/Editor/Tests/Wanderer3DAssetTests.cs | Assets/_Game/Editor/Wanderer3DImportDiagnose.cs | Assets/_Game/Editor/Wanderer3DPlayerBuilder.cs"
"Assets/_Game/Art/Actors/Player/Wanderer3D/Wanderer.glb";"3a8a17a3ea0ef144cb83d049ef83cf7f";"-6280153671999149171";"Beine_Eisen";"1332";"444";"(0,0.316,0.0415)";"(0.408,0.628,0.291)";"Assets/_Game/Prefabs/Actors/3D/Player_3D.prefab | Assets/_Game/Prefabs/Player/Player.prefab";"Assets/_Game/Scenes/EidraForge.unity | Assets/_Game/Scenes/HomeBase.unity | Assets/_Game/Scenes/Zone_EmberRuins.unity | Assets/_Game/Scenes/Zone_Greenwood.unity | Assets/_Game/Scenes/Zone_GreyRifts.unity | Assets/_Game/Scenes/Zone_Marsh.unity | Assets/_Game/Scenes/Zone_Quarry.unity | Assets/_Game/Scenes/Zone_TwilightGrove.unity | Assets/_Game/Scenes/Zone_VeilMarsh.unity";"Assets/_Game/Editor/CreatureMeshBuilder.cs | Assets/_Game/Editor/Tests/Wanderer3DAssetTests.cs | Assets/_Game/Editor/Wanderer3DImportDiagnose.cs | Assets/_Game/Editor/Wanderer3DPlayerBuilder.cs"
"Assets/_Game/Art/Actors/Player/Wanderer3D/Wanderer.glb";"3a8a17a3ea0ef144cb83d049ef83cf7f";"-741986473711178320";"Beine_Kupfer";"1092";"364";"(0,0.307,0.0345)";"(0.406,0.61,0.279)";"Assets/_Game/Prefabs/Actors/3D/Player_3D.prefab | Assets/_Game/Prefabs/Player/Player.prefab";"Assets/_Game/Scenes/EidraForge.unity | Assets/_Game/Scenes/HomeBase.unity | Assets/_Game/Scenes/Zone_EmberRuins.unity | Assets/_Game/Scenes/Zone_Greenwood.unity | Assets/_Game/Scenes/Zone_GreyRifts.unity | Assets/_Game/Scenes/Zone_Marsh.unity | Assets/_Game/Scenes/Zone_Quarry.unity | Assets/_Game/Scenes/Zone_TwilightGrove.unity | Assets/_Game/Scenes/Zone_VeilMarsh.unity";"Assets/_Game/Editor/CreatureMeshBuilder.cs | Assets/_Game/Editor/Tests/Wanderer3DAssetTests.cs | Assets/_Game/Editor/Wanderer3DImportDiagnose.cs | Assets/_Game/Editor/Wanderer3DPlayerBuilder.cs"
"Assets/_Game/Art/Actors/Player/Wanderer3D/Wanderer.glb";"3a8a17a3ea0ef144cb83d049ef83cf7f";"2303315579832941217";"Beine_Stoff";"900";"300";"(0,0.22,0.034)";"(0.366,0.436,0.252)";"Assets/_Game/Prefabs/Actors/3D/Player_3D.prefab | Assets/_Game/Prefabs/Player/Player.prefab";"Assets/_Game/Scenes/EidraForge.unity | Assets/_Game/Scenes/HomeBase.unity | Assets/_Game/Scenes/Zone_EmberRuins.unity | Assets/_Game/Scenes/Zone_Greenwood.unity | Assets/_Game/Scenes/Zone_GreyRifts.unity | Assets/_Game/Scenes/Zone_Marsh.unity | Assets/_Game/Scenes/Zone_Quarry.unity | Assets/_Game/Scenes/Zone_TwilightGrove.unity | Assets/_Game/Scenes/Zone_VeilMarsh.unity";"Assets/_Game/Editor/CreatureMeshBuilder.cs | Assets/_Game/Editor/Tests/Wanderer3DAssetTests.cs | Assets/_Game/Editor/Wanderer3DImportDiagnose.cs | Assets/_Game/Editor/Wanderer3DPlayerBuilder.cs"
"Assets/_Game/Art/Actors/Player/Wanderer3D/Wanderer.glb";"3a8a17a3ea0ef144cb83d049ef83cf7f";"65674248027005729";"Haende_Eisen";"696";"232";"(0,0.908,0.031)";"(0.636,0.256,0.134)";"Assets/_Game/Prefabs/Actors/3D/Player_3D.prefab | Assets/_Game/Prefabs/Player/Player.prefab";"Assets/_Game/Scenes/EidraForge.unity | Assets/_Game/Scenes/HomeBase.unity | Assets/_Game/Scenes/Zone_EmberRuins.unity | Assets/_Game/Scenes/Zone_Greenwood.unity | Assets/_Game/Scenes/Zone_GreyRifts.unity | Assets/_Game/Scenes/Zone_Marsh.unity | Assets/_Game/Scenes/Zone_Quarry.unity | Assets/_Game/Scenes/Zone_TwilightGrove.unity | Assets/_Game/Scenes/Zone_VeilMarsh.unity";"Assets/_Game/Editor/CreatureMeshBuilder.cs | Assets/_Game/Editor/Tests/Wanderer3DAssetTests.cs | Assets/_Game/Editor/Wanderer3DImportDiagnose.cs | Assets/_Game/Editor/Wanderer3DPlayerBuilder.cs"
"Assets/_Game/Art/Actors/Player/Wanderer3D/Wanderer.glb";"3a8a17a3ea0ef144cb83d049ef83cf7f";"248537000944145269";"Haende_Kupfer";"768";"256";"(0,0.905,0.032)";"(0.638,0.25,0.134)";"Assets/_Game/Prefabs/Actors/3D/Player_3D.prefab | Assets/_Game/Prefabs/Player/Player.prefab";"Assets/_Game/Scenes/EidraForge.unity | Assets/_Game/Scenes/HomeBase.unity | Assets/_Game/Scenes/Zone_EmberRuins.unity | Assets/_Game/Scenes/Zone_Greenwood.unity | Assets/_Game/Scenes/Zone_GreyRifts.unity | Assets/_Game/Scenes/Zone_Marsh.unity | Assets/_Game/Scenes/Zone_Quarry.unity | Assets/_Game/Scenes/Zone_TwilightGrove.unity | Assets/_Game/Scenes/Zone_VeilMarsh.unity";"Assets/_Game/Editor/CreatureMeshBuilder.cs | Assets/_Game/Editor/Tests/Wanderer3DAssetTests.cs | Assets/_Game/Editor/Wanderer3DImportDiagnose.cs | Assets/_Game/Editor/Wanderer3DPlayerBuilder.cs"
"Assets/_Game/Art/Actors/Player/Wanderer3D/Wanderer.glb";"3a8a17a3ea0ef144cb83d049ef83cf7f";"-475880294910982335";"Haende_Stoff";"576";"192";"(0,0.968,0.0295)";"(0.624,0.24,0.125)";"Assets/_Game/Prefabs/Actors/3D/Player_3D.prefab | Assets/_Game/Prefabs/Player/Player.prefab";"Assets/_Game/Scenes/EidraForge.unity | Assets/_Game/Scenes/HomeBase.unity | Assets/_Game/Scenes/Zone_EmberRuins.unity | Assets/_Game/Scenes/Zone_Greenwood.unity | Assets/_Game/Scenes/Zone_GreyRifts.unity | Assets/_Game/Scenes/Zone_Marsh.unity | Assets/_Game/Scenes/Zone_Quarry.unity | Assets/_Game/Scenes/Zone_TwilightGrove.unity | Assets/_Game/Scenes/Zone_VeilMarsh.unity";"Assets/_Game/Editor/CreatureMeshBuilder.cs | Assets/_Game/Editor/Tests/Wanderer3DAssetTests.cs | Assets/_Game/Editor/Wanderer3DImportDiagnose.cs | Assets/_Game/Editor/Wanderer3DPlayerBuilder.cs"
"Assets/_Game/Art/Actors/Player/Wanderer3D/Wanderer.glb";"3a8a17a3ea0ef144cb83d049ef83cf7f";"-6160407663649989419";"Harnisch_Eisen";"1602";"534";"(0,1.03,0.0055)";"(0.586,0.896,0.319)";"Assets/_Game/Prefabs/Actors/3D/Player_3D.prefab | Assets/_Game/Prefabs/Player/Player.prefab";"Assets/_Game/Scenes/EidraForge.unity | Assets/_Game/Scenes/HomeBase.unity | Assets/_Game/Scenes/Zone_EmberRuins.unity | Assets/_Game/Scenes/Zone_Greenwood.unity | Assets/_Game/Scenes/Zone_GreyRifts.unity | Assets/_Game/Scenes/Zone_Marsh.unity | Assets/_Game/Scenes/Zone_Quarry.unity | Assets/_Game/Scenes/Zone_TwilightGrove.unity | Assets/_Game/Scenes/Zone_VeilMarsh.unity";"Assets/_Game/Editor/CreatureMeshBuilder.cs | Assets/_Game/Editor/Tests/Wanderer3DAssetTests.cs | Assets/_Game/Editor/Wanderer3DImportDiagnose.cs | Assets/_Game/Editor/Wanderer3DPlayerBuilder.cs"
"Assets/_Game/Art/Actors/Player/Wanderer3D/Wanderer.glb";"3a8a17a3ea0ef144cb83d049ef83cf7f";"-6395862535203312141";"Harnisch_Kupfer";"1494";"498";"(0,1.0175,0)";"(0.586,0.901,0.312)";"Assets/_Game/Prefabs/Actors/3D/Player_3D.prefab | Assets/_Game/Prefabs/Player/Player.prefab";"Assets/_Game/Scenes/EidraForge.unity | Assets/_Game/Scenes/HomeBase.unity | Assets/_Game/Scenes/Zone_EmberRuins.unity | Assets/_Game/Scenes/Zone_Greenwood.unity | Assets/_Game/Scenes/Zone_GreyRifts.unity | Assets/_Game/Scenes/Zone_Marsh.unity | Assets/_Game/Scenes/Zone_Quarry.unity | Assets/_Game/Scenes/Zone_TwilightGrove.unity | Assets/_Game/Scenes/Zone_VeilMarsh.unity";"Assets/_Game/Editor/CreatureMeshBuilder.cs | Assets/_Game/Editor/Tests/Wanderer3DAssetTests.cs | Assets/_Game/Editor/Wanderer3DImportDiagnose.cs | Assets/_Game/Editor/Wanderer3DPlayerBuilder.cs"
"Assets/_Game/Art/Actors/Player/Wanderer3D/Wanderer.glb";"3a8a17a3ea0ef144cb83d049ef83cf7f";"2729278859322926521";"Harnisch_Stoff";"1188";"396";"(0,1.078,0)";"(0.586,0.992,0.306)";"Assets/_Game/Prefabs/Actors/3D/Player_3D.prefab | Assets/_Game/Prefabs/Player/Player.prefab";"Assets/_Game/Scenes/EidraForge.unity | Assets/_Game/Scenes/HomeBase.unity | Assets/_Game/Scenes/Zone_EmberRuins.unity | Assets/_Game/Scenes/Zone_Greenwood.unity | Assets/_Game/Scenes/Zone_GreyRifts.unity | Assets/_Game/Scenes/Zone_Marsh.unity | Assets/_Game/Scenes/Zone_Quarry.unity | Assets/_Game/Scenes/Zone_TwilightGrove.unity | Assets/_Game/Scenes/Zone_VeilMarsh.unity";"Assets/_Game/Editor/CreatureMeshBuilder.cs | Assets/_Game/Editor/Tests/Wanderer3DAssetTests.cs | Assets/_Game/Editor/Wanderer3DImportDiagnose.cs | Assets/_Game/Editor/Wanderer3DPlayerBuilder.cs"
"Assets/_Game/Art/Actors/Player/Wanderer3D/Wanderer.glb";"3a8a17a3ea0ef144cb83d049ef83cf7f";"-2673761274174101314";"Helm_Eisen";"576";"192";"(0,1.677,-0.019)";"(0.268,0.398,0.284)";"Assets/_Game/Prefabs/Actors/3D/Player_3D.prefab | Assets/_Game/Prefabs/Player/Player.prefab";"Assets/_Game/Scenes/EidraForge.unity | Assets/_Game/Scenes/HomeBase.unity | Assets/_Game/Scenes/Zone_EmberRuins.unity | Assets/_Game/Scenes/Zone_Greenwood.unity | Assets/_Game/Scenes/Zone_GreyRifts.unity | Assets/_Game/Scenes/Zone_Marsh.unity | Assets/_Game/Scenes/Zone_Quarry.unity | Assets/_Game/Scenes/Zone_TwilightGrove.unity | Assets/_Game/Scenes/Zone_VeilMarsh.unity";"Assets/_Game/Editor/CreatureMeshBuilder.cs | Assets/_Game/Editor/Tests/Wanderer3DAssetTests.cs | Assets/_Game/Editor/Wanderer3DImportDiagnose.cs | Assets/_Game/Editor/Wanderer3DPlayerBuilder.cs"
"Assets/_Game/Art/Actors/Player/Wanderer3D/Wanderer.glb";"3a8a17a3ea0ef144cb83d049ef83cf7f";"-6091860865849493909";"Helm_Kupfer";"534";"178";"(0,1.668,0.0035)";"(0.264,0.292,0.317)";"Assets/_Game/Prefabs/Actors/3D/Player_3D.prefab | Assets/_Game/Prefabs/Player/Player.prefab";"Assets/_Game/Scenes/EidraForge.unity | Assets/_Game/Scenes/HomeBase.unity | Assets/_Game/Scenes/Zone_EmberRuins.unity | Assets/_Game/Scenes/Zone_Greenwood.unity | Assets/_Game/Scenes/Zone_GreyRifts.unity | Assets/_Game/Scenes/Zone_Marsh.unity | Assets/_Game/Scenes/Zone_Quarry.unity | Assets/_Game/Scenes/Zone_TwilightGrove.unity | Assets/_Game/Scenes/Zone_VeilMarsh.unity";"Assets/_Game/Editor/CreatureMeshBuilder.cs | Assets/_Game/Editor/Tests/Wanderer3DAssetTests.cs | Assets/_Game/Editor/Wanderer3DImportDiagnose.cs | Assets/_Game/Editor/Wanderer3DPlayerBuilder.cs"
"Assets/_Game/Art/Actors/Player/Wanderer3D/Wanderer.glb";"3a8a17a3ea0ef144cb83d049ef83cf7f";"-2234130983621591546";"Helm_Stoff";"642";"214";"(0,1.603,-0.059102)";"(0.36742,0.406,0.313797)";"Assets/_Game/Prefabs/Actors/3D/Player_3D.prefab | Assets/_Game/Prefabs/Player/Player.prefab";"Assets/_Game/Scenes/EidraForge.unity | Assets/_Game/Scenes/HomeBase.unity | Assets/_Game/Scenes/Zone_EmberRuins.unity | Assets/_Game/Scenes/Zone_Greenwood.unity | Assets/_Game/Scenes/Zone_GreyRifts.unity | Assets/_Game/Scenes/Zone_Marsh.unity | Assets/_Game/Scenes/Zone_Quarry.unity | Assets/_Game/Scenes/Zone_TwilightGrove.unity | Assets/_Game/Scenes/Zone_VeilMarsh.unity";"Assets/_Game/Editor/CreatureMeshBuilder.cs | Assets/_Game/Editor/Tests/Wanderer3DAssetTests.cs | Assets/_Game/Editor/Wanderer3DImportDiagnose.cs | Assets/_Game/Editor/Wanderer3DPlayerBuilder.cs"
"Assets/_Game/Art/Actors/Player/Wanderer3D/Wanderer.glb";"3a8a17a3ea0ef144cb83d049ef83cf7f";"62486014009990395";"Waffe_Axt";"876";"292";"(-0.263,0.952,0.1445)";"(0.062,0.784,0.391)";"Assets/_Game/Prefabs/Actors/3D/Player_3D.prefab | Assets/_Game/Prefabs/Player/Player.prefab";"Assets/_Game/Scenes/EidraForge.unity | Assets/_Game/Scenes/HomeBase.unity | Assets/_Game/Scenes/Zone_EmberRuins.unity | Assets/_Game/Scenes/Zone_Greenwood.unity | Assets/_Game/Scenes/Zone_GreyRifts.unity | Assets/_Game/Scenes/Zone_Marsh.unity | Assets/_Game/Scenes/Zone_Quarry.unity | Assets/_Game/Scenes/Zone_TwilightGrove.unity | Assets/_Game/Scenes/Zone_VeilMarsh.unity";"Assets/_Game/Editor/CreatureMeshBuilder.cs | Assets/_Game/Editor/Tests/Wanderer3DAssetTests.cs | Assets/_Game/Editor/Wanderer3DImportDiagnose.cs | Assets/_Game/Editor/Wanderer3DPlayerBuilder.cs"
"Assets/_Game/Art/Actors/Player/Wanderer3D/Wanderer.glb";"3a8a17a3ea0ef144cb83d049ef83cf7f";"-4355984142775085114";"Waffe_Dolche";"984";"328";"(0,0.712,0.04)";"(0.565,0.428,0.096)";"Assets/_Game/Prefabs/Actors/3D/Player_3D.prefab | Assets/_Game/Prefabs/Player/Player.prefab";"Assets/_Game/Scenes/EidraForge.unity | Assets/_Game/Scenes/HomeBase.unity | Assets/_Game/Scenes/Zone_EmberRuins.unity | Assets/_Game/Scenes/Zone_Greenwood.unity | Assets/_Game/Scenes/Zone_GreyRifts.unity | Assets/_Game/Scenes/Zone_Marsh.unity | Assets/_Game/Scenes/Zone_Quarry.unity | Assets/_Game/Scenes/Zone_TwilightGrove.unity | Assets/_Game/Scenes/Zone_VeilMarsh.unity";"Assets/_Game/Editor/CreatureMeshBuilder.cs | Assets/_Game/Editor/Tests/Wanderer3DAssetTests.cs | Assets/_Game/Editor/Wanderer3DImportDiagnose.cs | Assets/_Game/Editor/Wanderer3DPlayerBuilder.cs"
"Assets/_Game/Art/Actors/Player/Wanderer3D/Wanderer.glb";"3a8a17a3ea0ef144cb83d049ef83cf7f";"6295902041831404863";"Waffe_Hammer";"822";"274";"(-0.263,1.02,0.052)";"(0.18,1.28,0.528)";"Assets/_Game/Prefabs/Actors/3D/Player_3D.prefab | Assets/_Game/Prefabs/Player/Player.prefab";"Assets/_Game/Scenes/EidraForge.unity | Assets/_Game/Scenes/HomeBase.unity | Assets/_Game/Scenes/Zone_EmberRuins.unity | Assets/_Game/Scenes/Zone_Greenwood.unity | Assets/_Game/Scenes/Zone_GreyRifts.unity | Assets/_Game/Scenes/Zone_Marsh.unity | Assets/_Game/Scenes/Zone_Quarry.unity | Assets/_Game/Scenes/Zone_TwilightGrove.unity | Assets/_Game/Scenes/Zone_VeilMarsh.unity";"Assets/_Game/Editor/CreatureMeshBuilder.cs | Assets/_Game/Editor/Tests/Wanderer3DAssetTests.cs | Assets/_Game/Editor/Wanderer3DImportDiagnose.cs | Assets/_Game/Editor/Wanderer3DPlayerBuilder.cs"
"Assets/_Game/Art/Actors/Player/Wanderer3D/Wanderer.glb";"3a8a17a3ea0ef144cb83d049ef83cf7f";"9157722783355178462";"Waffe_Sense";"1128";"376";"(-0.263,0.964,0.324)";"(0.058,1.168,0.606)";"Assets/_Game/Prefabs/Actors/3D/Player_3D.prefab | Assets/_Game/Prefabs/Player/Player.prefab";"Assets/_Game/Scenes/EidraForge.unity | Assets/_Game/Scenes/HomeBase.unity | Assets/_Game/Scenes/Zone_EmberRuins.unity | Assets/_Game/Scenes/Zone_Greenwood.unity | Assets/_Game/Scenes/Zone_GreyRifts.unity | Assets/_Game/Scenes/Zone_Marsh.unity | Assets/_Game/Scenes/Zone_Quarry.unity | Assets/_Game/Scenes/Zone_TwilightGrove.unity | Assets/_Game/Scenes/Zone_VeilMarsh.unity";"Assets/_Game/Editor/CreatureMeshBuilder.cs | Assets/_Game/Editor/Tests/Wanderer3DAssetTests.cs | Assets/_Game/Editor/Wanderer3DImportDiagnose.cs | Assets/_Game/Editor/Wanderer3DPlayerBuilder.cs"
"Assets/_Game/Art/Actors/Player/Wanderer3D/Wanderer.glb";"3a8a17a3ea0ef144cb83d049ef83cf7f";"-6005239308011020720";"Waffe_Speer";"1260";"420";"(-0.273857,1.097,0.039362)";"(0.084408,2.194,0.138755)";"Assets/_Game/Prefabs/Actors/3D/Player_3D.prefab | Assets/_Game/Prefabs/Player/Player.prefab";"Assets/_Game/Scenes/EidraForge.unity | Assets/_Game/Scenes/HomeBase.unity | Assets/_Game/Scenes/Zone_EmberRuins.unity | Assets/_Game/Scenes/Zone_Greenwood.unity | Assets/_Game/Scenes/Zone_GreyRifts.unity | Assets/_Game/Scenes/Zone_Marsh.unity | Assets/_Game/Scenes/Zone_Quarry.unity | Assets/_Game/Scenes/Zone_TwilightGrove.unity | Assets/_Game/Scenes/Zone_VeilMarsh.unity";"Assets/_Game/Editor/CreatureMeshBuilder.cs | Assets/_Game/Editor/Tests/Wanderer3DAssetTests.cs | Assets/_Game/Editor/Wanderer3DImportDiagnose.cs | Assets/_Game/Editor/Wanderer3DPlayerBuilder.cs"
"Assets/_Game/Art/Actors/Player/Wanderer3D/Wanderer.glb";"3a8a17a3ea0ef144cb83d049ef83cf7f";"478728262416458926";"Waffe_Spitzhacke";"756";"252";"(-0.263,0.846,0.117)";"(0.066,0.732,0.67)";"Assets/_Game/Prefabs/Actors/3D/Player_3D.prefab | Assets/_Game/Prefabs/Player/Player.prefab";"Assets/_Game/Scenes/EidraForge.unity | Assets/_Game/Scenes/HomeBase.unity | Assets/_Game/Scenes/Zone_EmberRuins.unity | Assets/_Game/Scenes/Zone_Greenwood.unity | Assets/_Game/Scenes/Zone_GreyRifts.unity | Assets/_Game/Scenes/Zone_Marsh.unity | Assets/_Game/Scenes/Zone_Quarry.unity | Assets/_Game/Scenes/Zone_TwilightGrove.unity | Assets/_Game/Scenes/Zone_VeilMarsh.unity";"Assets/_Game/Editor/CreatureMeshBuilder.cs | Assets/_Game/Editor/Tests/Wanderer3DAssetTests.cs | Assets/_Game/Editor/Wanderer3DImportDiagnose.cs | Assets/_Game/Editor/Wanderer3DPlayerBuilder.cs"
"Assets/_Game/Art/Actors/RiftGuardian/RiftGuardian3D/RiftGuardian.glb";"9adae2a5eed7a9445a55ea615a056046";"-2017099146462433736";"RiftGuardian";"3384";"1128";"(0,1.526706,0.033022)";"(1.687834,3,0.956252)";"Assets/_Game/Prefabs/Actors/3D/RiftGuardian_3D.prefab | Assets/_Game/Prefabs/Enemies/TierTwo/RiftGuardian.prefab";"Assets/_Game/Scenes/Zone_GreyRifts.unity | Assets/_Game/Scenes/Zone_TwilightGrove.unity | Assets/_Game/Scenes/Zone_VeilMarsh.unity";"Assets/_Game/Editor/CreatureMeshBuilder.cs"
"Assets/_Game/Art/Actors/Riftling/Riftling3D/Riftling.glb";"1ff239ba6bad5b445bf407be01e4bb5d";"-7297108556414514674";"Riftling";"4734";"1578";"(0,0.862194,0.177824)";"(0.810879,1.7,0.741781)";"Assets/_Game/Prefabs/Actors/3D/Riftling_3D.prefab | Assets/_Game/Prefabs/Enemies/TierTwo/Riftling.prefab";"Assets/_Game/Scenes/Zone_EmberRuins.unity | Assets/_Game/Scenes/Zone_GreyRifts.unity | Assets/_Game/Scenes/Zone_Quarry.unity | Assets/_Game/Scenes/Zone_TwilightGrove.unity | Assets/_Game/Scenes/Zone_VeilMarsh.unity";"Assets/_Game/Editor/CreatureMeshBuilder.cs"
"Assets/_Game/Art/Actors/RootCharger/RootCharger3D/RootCharger.glb";"0300909cf54b3394c9c98206242e6ebe";"-2747566408926578060";"RootCharger";"6252";"2084";"(0,1.121012,-0.073896)";"(2.060506,2.199689,2.558054)";"Assets/_Game/Prefabs/Actors/3D/RootCharger_3D.prefab | Assets/_Game/Prefabs/Enemies/TierTwo/RootCharger.prefab";"Assets/_Game/Scenes/Zone_EmberRuins.unity | Assets/_Game/Scenes/Zone_GreyRifts.unity | Assets/_Game/Scenes/Zone_TwilightGrove.unity | Assets/_Game/Scenes/Zone_VeilMarsh.unity";"Assets/_Game/Editor/CreatureMeshBuilder.cs"
"Assets/_Game/Art/Actors/SealGuardian/SealGuardian3D/SealGuardian.glb";"f1b0809f71e196e4b846f0cfbc1f71e7";"-3221791212156504451";"SealGuardian";"2670";"890";"(0.017452,1.530647,0.200057)";"(1.439557,3,1.234393)";"Assets/_Game/Prefabs/Actors/3D/SealGuardian_3D.prefab | Assets/_Game/Prefabs/Enemies/Forge/SealGuardian.prefab";"Assets/_Game/Scenes/EidraForge.unity";"Assets/_Game/Editor/CreatureMeshBuilder.cs"
"Assets/_Game/Art/Actors/Terrock/Terrock3D/Terrock.glb";"091ca3185de26b7419d6987e94bc3265";"7221447977870245199";"Terrock";"5748";"1916";"(0.016613,0.50852,0.026624)";"(0.725453,1,1.246006)";"Assets/_Game/Prefabs/Actors/3D/Terrock_3D.prefab | Assets/_Game/Resources/Prefabs/Actors/3D/Terrock_3D.prefab";"";"Assets/_Game/Editor/CreatureMeshBuilder.cs"
"Assets/_Game/Art/Actors/Wildling/Wildling3D/Wildling.glb";"4ec54e7381a5e7e488115de5863703f1";"5212831210240730488";"Wildling";"4536";"1512";"(0,0.8375,0.235)";"(0.92,1.645,0.88)";"Assets/_Game/Prefabs/Actors/3D/Wildling_3D.prefab | Assets/_Game/Prefabs/Enemies/Wildling.prefab";"Assets/_Game/Scenes/Zone_EmberRuins.unity | Assets/_Game/Scenes/Zone_Greenwood.unity | Assets/_Game/Scenes/Zone_GreyRifts.unity | Assets/_Game/Scenes/Zone_Marsh.unity | Assets/_Game/Scenes/Zone_Quarry.unity | Assets/_Game/Scenes/Zone_TwilightGrove.unity | Assets/_Game/Scenes/Zone_VeilMarsh.unity";"Assets/_Game/Editor/CreatureMeshBuilder.cs | Assets/_Game/Editor/Tests/WildlingDefinitionTests.cs | Assets/_Game/Editor/WildlingContentBuilder.cs | Assets/_Game/Editor/WildlingSceneRewire.cs"
"Assets/_Game/Art/Buildings/Meshes/BLD_000_Wand_Planke.asset";"14d26b5b6ac777146ab7be4430067b06";"4300000";"TaperedBox";"24";"12";"(0,1.24,0)";"(0.19,2.48,0.06)";"Assets/_Game/Prefabs/Buildings/Level01/BLD_Wall_L01.prefab";"";"Assets/_Game/Editor/BuildingCostContentBuilder.cs | Assets/_Game/Editor/BuildingDoorContentBuilder.cs | Assets/_Game/Editor/BuildingMenuUiBuilder.cs | Assets/_Game/Editor/BuildingPreviewContentBuilder.cs | Assets/_Game/Editor/BuildingRoofContentBuilder.cs | Assets/_Game/Editor/EidrenBuildingVisualBuilder.cs"
"Assets/_Game/Art/Buildings/Meshes/BLD_001_Wand_Planke.asset";"620d95f164d1b954d90041f1f058b700";"4300000";"TaperedBox";"24";"12";"(0,1.24,0)";"(0.19,2.48,0.06)";"Assets/_Game/Prefabs/Buildings/Level01/BLD_Wall_L01.prefab";"";"Assets/_Game/Editor/BuildingCostContentBuilder.cs | Assets/_Game/Editor/BuildingDoorContentBuilder.cs | Assets/_Game/Editor/BuildingMenuUiBuilder.cs | Assets/_Game/Editor/BuildingPreviewContentBuilder.cs | Assets/_Game/Editor/BuildingRoofContentBuilder.cs | Assets/_Game/Editor/EidrenBuildingVisualBuilder.cs"
"Assets/_Game/Art/Buildings/Meshes/BLD_002_Wand_Planke.asset";"f44b3901275ae794eb7b05f631a5ead5";"4300000";"TaperedBox";"24";"12";"(0,1.24,0)";"(0.19,2.48,0.06)";"Assets/_Game/Prefabs/Buildings/Level01/BLD_Wall_L01.prefab";"";"Assets/_Game/Editor/BuildingCostContentBuilder.cs | Assets/_Game/Editor/BuildingDoorContentBuilder.cs | Assets/_Game/Editor/BuildingMenuUiBuilder.cs | Assets/_Game/Editor/BuildingPreviewContentBuilder.cs | Assets/_Game/Editor/BuildingRoofContentBuilder.cs | Assets/_Game/Editor/EidrenBuildingVisualBuilder.cs"
"Assets/_Game/Art/Buildings/Meshes/BLD_003_Wand_Planke.asset";"d1894566158f4354da978cb63b03d6c3";"4300000";"TaperedBox";"24";"12";"(0,1.24,0)";"(0.19,2.48,0.06)";"Assets/_Game/Prefabs/Buildings/Level01/BLD_Wall_L01.prefab";"";"Assets/_Game/Editor/BuildingCostContentBuilder.cs | Assets/_Game/Editor/BuildingDoorContentBuilder.cs | Assets/_Game/Editor/BuildingMenuUiBuilder.cs | Assets/_Game/Editor/BuildingPreviewContentBuilder.cs | Assets/_Game/Editor/BuildingRoofContentBuilder.cs | Assets/_Game/Editor/EidrenBuildingVisualBuilder.cs"
"Assets/_Game/Art/Buildings/Meshes/BLD_004_Wand_Planke.asset";"a9430e3118fedda46a6c46f15507062d";"4300000";"TaperedBox";"24";"12";"(0,1.24,0)";"(0.19,2.48,0.06)";"Assets/_Game/Prefabs/Buildings/Level01/BLD_Wall_L01.prefab";"";"Assets/_Game/Editor/BuildingCostContentBuilder.cs | Assets/_Game/Editor/BuildingDoorContentBuilder.cs | Assets/_Game/Editor/BuildingMenuUiBuilder.cs | Assets/_Game/Editor/BuildingPreviewContentBuilder.cs | Assets/_Game/Editor/BuildingRoofContentBuilder.cs | Assets/_Game/Editor/EidrenBuildingVisualBuilder.cs"
"Assets/_Game/Art/Buildings/Meshes/BLD_005_Wand_RahmenL.asset";"7e1c798da875a184d84e67b0c54049dc";"4300000";"TaperedBox";"24";"12";"(0,1.24,0)";"(0.06,2.48,0.1)";"Assets/_Game/Prefabs/Buildings/Level01/BLD_Wall_L01.prefab";"";"Assets/_Game/Editor/BuildingCostContentBuilder.cs | Assets/_Game/Editor/BuildingDoorContentBuilder.cs | Assets/_Game/Editor/BuildingMenuUiBuilder.cs | Assets/_Game/Editor/BuildingPreviewContentBuilder.cs | Assets/_Game/Editor/BuildingRoofContentBuilder.cs | Assets/_Game/Editor/EidrenBuildingVisualBuilder.cs"
"Assets/_Game/Art/Buildings/Meshes/BLD_006_Wand_RahmenR.asset";"e8f0dbe7e031b3446a5d2bab29670305";"4300000";"TaperedBox";"24";"12";"(0,1.24,0)";"(0.06,2.48,0.1)";"Assets/_Game/Prefabs/Buildings/Level01/BLD_Wall_L01.prefab";"";"Assets/_Game/Editor/BuildingCostContentBuilder.cs | Assets/_Game/Editor/BuildingDoorContentBuilder.cs | Assets/_Game/Editor/BuildingMenuUiBuilder.cs | Assets/_Game/Editor/BuildingPreviewContentBuilder.cs | Assets/_Game/Editor/BuildingRoofContentBuilder.cs | Assets/_Game/Editor/EidrenBuildingVisualBuilder.cs"
"Assets/_Game/Art/Buildings/Meshes/BLD_007_Wand_StrebeA.asset";"63f0a92d80002c04699ec226adb35ab5";"4300000";"TaperedBox";"24";"12";"(0,0.225,0)";"(0.07,0.45,0.05)";"Assets/_Game/Prefabs/Buildings/Level01/BLD_Wall_L01.prefab";"";"Assets/_Game/Editor/BuildingCostContentBuilder.cs | Assets/_Game/Editor/BuildingDoorContentBuilder.cs | Assets/_Game/Editor/BuildingMenuUiBuilder.cs | Assets/_Game/Editor/BuildingPreviewContentBuilder.cs | Assets/_Game/Editor/BuildingRoofContentBuilder.cs | Assets/_Game/Editor/EidrenBuildingVisualBuilder.cs"
"Assets/_Game/Art/Buildings/Meshes/BLD_008_Wand_StrebeB.asset";"de4f2a93b021c424dbf29d734ea8c81d";"4300000";"TaperedBox";"24";"12";"(0,0.225,0)";"(0.07,0.45,0.05)";"Assets/_Game/Prefabs/Buildings/Level01/BLD_Wall_L01.prefab";"";"Assets/_Game/Editor/BuildingCostContentBuilder.cs | Assets/_Game/Editor/BuildingDoorContentBuilder.cs | Assets/_Game/Editor/BuildingMenuUiBuilder.cs | Assets/_Game/Editor/BuildingPreviewContentBuilder.cs | Assets/_Game/Editor/BuildingRoofContentBuilder.cs | Assets/_Game/Editor/EidrenBuildingVisualBuilder.cs"
"Assets/_Game/Art/Buildings/Meshes/BLD_009_Wand_Riegel.asset";"a4abe491dbafdbf4aa82bdd9a03cf631";"4300000";"TaperedBox";"24";"12";"(0,0.05,0)";"(1,0.1,0.08)";"Assets/_Game/Prefabs/Buildings/Level01/BLD_Wall_L01.prefab";"";"Assets/_Game/Editor/BuildingCostContentBuilder.cs | Assets/_Game/Editor/BuildingDoorContentBuilder.cs | Assets/_Game/Editor/BuildingMenuUiBuilder.cs | Assets/_Game/Editor/BuildingPreviewContentBuilder.cs | Assets/_Game/Editor/BuildingRoofContentBuilder.cs | Assets/_Game/Editor/EidrenBuildingVisualBuilder.cs"
"Assets/_Game/Art/Buildings/Meshes/BLD_010_Wand_Kappe.asset";"4a23fddc1470d2247ba80bfecc2b4f37";"4300000";"TaperedBox";"24";"12";"(0,0.06,0)";"(1,0.12,0.14)";"Assets/_Game/Prefabs/Buildings/Level01/BLD_Wall_L01.prefab";"";"Assets/_Game/Editor/BuildingCostContentBuilder.cs | Assets/_Game/Editor/BuildingDoorContentBuilder.cs | Assets/_Game/Editor/BuildingMenuUiBuilder.cs | Assets/_Game/Editor/BuildingPreviewContentBuilder.cs | Assets/_Game/Editor/BuildingRoofContentBuilder.cs | Assets/_Game/Editor/EidrenBuildingVisualBuilder.cs"
"Assets/_Game/Art/Buildings/Meshes/BLD_011_Wand_Sockel.asset";"933b0516d06814b4990650e08989c3e8";"4300000";"TaperedBox";"24";"12";"(0,0.05,0)";"(1,0.1,0.16)";"Assets/_Game/Prefabs/Buildings/Level01/BLD_Wall_L01.prefab";"";"Assets/_Game/Editor/BuildingCostContentBuilder.cs | Assets/_Game/Editor/BuildingDoorContentBuilder.cs | Assets/_Game/Editor/BuildingMenuUiBuilder.cs | Assets/_Game/Editor/BuildingPreviewContentBuilder.cs | Assets/_Game/Editor/BuildingRoofContentBuilder.cs | Assets/_Game/Editor/EidrenBuildingVisualBuilder.cs"
"Assets/_Game/Art/Buildings/Meshes/BLD_012_Tuer_RahmenOben.asset";"014809dd5fefe774fac791c3049d352f";"4300000";"TaperedBox";"24";"12";"(0,0.06,0)";"(1,0.12,0.14)";"Assets/_Game/Prefabs/Buildings/Level01/BLD_Door_L01.prefab";"";"Assets/_Game/Editor/BuildingCostContentBuilder.cs | Assets/_Game/Editor/BuildingDoorContentBuilder.cs | Assets/_Game/Editor/BuildingMenuUiBuilder.cs | Assets/_Game/Editor/BuildingPreviewContentBuilder.cs | Assets/_Game/Editor/BuildingRoofContentBuilder.cs | Assets/_Game/Editor/EidrenBuildingVisualBuilder.cs"
"Assets/_Game/Art/Buildings/Meshes/BLD_013_Tuer_RahmenUnten.asset";"afdc289e33ffd8b4b837dd5bd5b653a8";"4300000";"TaperedBox";"24";"12";"(0,0.06,0)";"(1,0.12,0.14)";"Assets/_Game/Prefabs/Buildings/Level01/BLD_Door_L01.prefab";"";"Assets/_Game/Editor/BuildingCostContentBuilder.cs | Assets/_Game/Editor/BuildingDoorContentBuilder.cs | Assets/_Game/Editor/BuildingMenuUiBuilder.cs | Assets/_Game/Editor/BuildingPreviewContentBuilder.cs | Assets/_Game/Editor/BuildingRoofContentBuilder.cs | Assets/_Game/Editor/EidrenBuildingVisualBuilder.cs"
"Assets/_Game/Art/Buildings/Meshes/BLD_014_Tuer_RahmenLinks.asset";"18e1c0e7b67a027498c8a3a7193e7d1d";"4300000";"TaperedBox";"24";"12";"(0,1.3,0)";"(0.06,2.6,0.1)";"Assets/_Game/Prefabs/Buildings/Level01/BLD_Door_L01.prefab";"";"Assets/_Game/Editor/BuildingCostContentBuilder.cs | Assets/_Game/Editor/BuildingDoorContentBuilder.cs | Assets/_Game/Editor/BuildingMenuUiBuilder.cs | Assets/_Game/Editor/BuildingPreviewContentBuilder.cs | Assets/_Game/Editor/BuildingRoofContentBuilder.cs | Assets/_Game/Editor/EidrenBuildingVisualBuilder.cs"
"Assets/_Game/Art/Buildings/Meshes/BLD_015_Tuer_RahmenRechts.asset";"2c48a8c8541d42a41acb5a97da925480";"4300000";"TaperedBox";"24";"12";"(0,1.3,0)";"(0.06,2.6,0.1)";"Assets/_Game/Prefabs/Buildings/Level01/BLD_Door_L01.prefab";"";"Assets/_Game/Editor/BuildingCostContentBuilder.cs | Assets/_Game/Editor/BuildingDoorContentBuilder.cs | Assets/_Game/Editor/BuildingMenuUiBuilder.cs | Assets/_Game/Editor/BuildingPreviewContentBuilder.cs | Assets/_Game/Editor/BuildingRoofContentBuilder.cs | Assets/_Game/Editor/EidrenBuildingVisualBuilder.cs"
"Assets/_Game/Art/Buildings/Meshes/BLD_016_Tuer_Planke.asset";"85b44fc4f2b2cf54aae78bdaa2c22ddb";"4300000";"TaperedBox";"24";"12";"(0,1.18,0)";"(0.15,2.36,0.04)";"Assets/_Game/Prefabs/Buildings/Level01/BLD_Door_L01.prefab";"";"Assets/_Game/Editor/BuildingCostContentBuilder.cs | Assets/_Game/Editor/BuildingDoorContentBuilder.cs | Assets/_Game/Editor/BuildingMenuUiBuilder.cs | Assets/_Game/Editor/BuildingPreviewContentBuilder.cs | Assets/_Game/Editor/BuildingRoofContentBuilder.cs | Assets/_Game/Editor/EidrenBuildingVisualBuilder.cs"
"Assets/_Game/Art/Buildings/Meshes/BLD_017_Tuer_Planke.asset";"bb161639edb9bbd49846e3151b3a355e";"4300000";"TaperedBox";"24";"12";"(0,1.18,0)";"(0.15,2.36,0.04)";"Assets/_Game/Prefabs/Buildings/Level01/BLD_Door_L01.prefab";"";"Assets/_Game/Editor/BuildingCostContentBuilder.cs | Assets/_Game/Editor/BuildingDoorContentBuilder.cs | Assets/_Game/Editor/BuildingMenuUiBuilder.cs | Assets/_Game/Editor/BuildingPreviewContentBuilder.cs | Assets/_Game/Editor/BuildingRoofContentBuilder.cs | Assets/_Game/Editor/EidrenBuildingVisualBuilder.cs"
"Assets/_Game/Art/Buildings/Meshes/BLD_018_Tuer_Planke.asset";"153b0d92b8e1ca14d9c5caa342bea630";"4300000";"TaperedBox";"24";"12";"(0,1.18,0)";"(0.15,2.36,0.04)";"Assets/_Game/Prefabs/Buildings/Level01/BLD_Door_L01.prefab";"";"Assets/_Game/Editor/BuildingCostContentBuilder.cs | Assets/_Game/Editor/BuildingDoorContentBuilder.cs | Assets/_Game/Editor/BuildingMenuUiBuilder.cs | Assets/_Game/Editor/BuildingPreviewContentBuilder.cs | Assets/_Game/Editor/BuildingRoofContentBuilder.cs | Assets/_Game/Editor/EidrenBuildingVisualBuilder.cs"
"Assets/_Game/Art/Buildings/Meshes/BLD_019_Tuer_Planke.asset";"1961712fd3eb7964c96230d6a69bb095";"4300000";"TaperedBox";"24";"12";"(0,1.18,0)";"(0.15,2.36,0.04)";"Assets/_Game/Prefabs/Buildings/Level01/BLD_Door_L01.prefab";"";"Assets/_Game/Editor/BuildingCostContentBuilder.cs | Assets/_Game/Editor/BuildingDoorContentBuilder.cs | Assets/_Game/Editor/BuildingMenuUiBuilder.cs | Assets/_Game/Editor/BuildingPreviewContentBuilder.cs | Assets/_Game/Editor/BuildingRoofContentBuilder.cs | Assets/_Game/Editor/EidrenBuildingVisualBuilder.cs"
"Assets/_Game/Art/Buildings/Meshes/BLD_020_Tuer_Planke.asset";"2063310471063184fa7c6ac16afe55a3";"4300000";"TaperedBox";"24";"12";"(0,1.18,0)";"(0.15,2.36,0.04)";"Assets/_Game/Prefabs/Buildings/Level01/BLD_Door_L01.prefab";"";"Assets/_Game/Editor/BuildingCostContentBuilder.cs | Assets/_Game/Editor/BuildingDoorContentBuilder.cs | Assets/_Game/Editor/BuildingMenuUiBuilder.cs | Assets/_Game/Editor/BuildingPreviewContentBuilder.cs | Assets/_Game/Editor/BuildingRoofContentBuilder.cs | Assets/_Game/Editor/EidrenBuildingVisualBuilder.cs"
"Assets/_Game/Art/Buildings/Meshes/BLD_021_Tuer_Diagonalstrebe.asset";"3ed6196778f3d8d46aba63eadd6e6fb3";"4300000";"TaperedBox";"24";"12";"(0,0.45,0)";"(0.08,0.9,0.03)";"Assets/_Game/Prefabs/Buildings/Level01/BLD_Door_L01.prefab";"";"Assets/_Game/Editor/BuildingCostContentBuilder.cs | Assets/_Game/Editor/BuildingDoorContentBuilder.cs | Assets/_Game/Editor/BuildingMenuUiBuilder.cs | Assets/_Game/Editor/BuildingPreviewContentBuilder.cs | Assets/_Game/Editor/BuildingRoofContentBuilder.cs | Assets/_Game/Editor/EidrenBuildingVisualBuilder.cs"
"Assets/_Game/Art/Buildings/Meshes/BLD_022_Tuer_Schlossblech.asset";"eecc55eea01d1a948851cff07e115efd";"4300000";"TaperedBox";"24";"12";"(0,0.09,0)";"(0.12,0.18,0.03)";"Assets/_Game/Prefabs/Buildings/Level01/BLD_Door_L01.prefab";"";"Assets/_Game/Editor/BuildingCostContentBuilder.cs | Assets/_Game/Editor/BuildingDoorContentBuilder.cs | Assets/_Game/Editor/BuildingMenuUiBuilder.cs | Assets/_Game/Editor/BuildingPreviewContentBuilder.cs | Assets/_Game/Editor/BuildingRoofContentBuilder.cs | Assets/_Game/Editor/EidrenBuildingVisualBuilder.cs"
"Assets/_Game/Art/Buildings/Meshes/BLD_023_Tuer_Griff.asset";"6dff0294ccd08c840a4be46842442f38";"4300000";"TaperedBox";"24";"12";"(0,0.025,0)";"(0.05,0.05,0.1)";"Assets/_Game/Prefabs/Buildings/Level01/BLD_Door_L01.prefab";"";"Assets/_Game/Editor/BuildingCostContentBuilder.cs | Assets/_Game/Editor/BuildingDoorContentBuilder.cs | Assets/_Game/Editor/BuildingMenuUiBuilder.cs | Assets/_Game/Editor/BuildingPreviewContentBuilder.cs | Assets/_Game/Editor/BuildingRoofContentBuilder.cs | Assets/_Game/Editor/EidrenBuildingVisualBuilder.cs"
"Assets/_Game/Art/Buildings/Meshes/BLD_024_Tuer_Scharnierband.asset";"14172f350e6f52d4fb0a4269e741642c";"4300000";"TaperedBox";"24";"12";"(0,0.04,0)";"(0.18,0.08,0.04)";"Assets/_Game/Prefabs/Buildings/Level01/BLD_Door_L01.prefab";"";"Assets/_Game/Editor/BuildingCostContentBuilder.cs | Assets/_Game/Editor/BuildingDoorContentBuilder.cs | Assets/_Game/Editor/BuildingMenuUiBuilder.cs | Assets/_Game/Editor/BuildingPreviewContentBuilder.cs | Assets/_Game/Editor/BuildingRoofContentBuilder.cs | Assets/_Game/Editor/EidrenBuildingVisualBuilder.cs"
"Assets/_Game/Art/Buildings/Meshes/BLD_025_Tuer_Scharnierband.asset";"d76a6f81d8261d740a5519aef53b091d";"4300000";"TaperedBox";"24";"12";"(0,0.04,0)";"(0.18,0.08,0.04)";"Assets/_Game/Prefabs/Buildings/Level01/BLD_Door_L01.prefab";"";"Assets/_Game/Editor/BuildingCostContentBuilder.cs | Assets/_Game/Editor/BuildingDoorContentBuilder.cs | Assets/_Game/Editor/BuildingMenuUiBuilder.cs | Assets/_Game/Editor/BuildingPreviewContentBuilder.cs | Assets/_Game/Editor/BuildingRoofContentBuilder.cs | Assets/_Game/Editor/EidrenBuildingVisualBuilder.cs"
"Assets/_Game/Art/Buildings/Meshes/BLD_026_Floor_Planke.asset";"7fd9b66ec88b18d439a81aebd30d4610";"4300000";"TaperedBox";"24";"12";"(0,0.04,0)";"(0.11,0.08,0.96)";"Assets/_Game/Prefabs/Buildings/Level01/BLD_Floor_L01.prefab";"";"Assets/_Game/Editor/BuildingCostContentBuilder.cs | Assets/_Game/Editor/BuildingDoorContentBuilder.cs | Assets/_Game/Editor/BuildingMenuUiBuilder.cs | Assets/_Game/Editor/BuildingPreviewContentBuilder.cs | Assets/_Game/Editor/BuildingRoofContentBuilder.cs | Assets/_Game/Editor/EidrenBuildingVisualBuilder.cs"
"Assets/_Game/Art/Buildings/Meshes/BLD_027_Floor_Planke.asset";"efbd32e8b1a0dcf4faa6fb085b85a9ef";"4300000";"TaperedBox";"24";"12";"(0,0.04,0)";"(0.11,0.08,0.96)";"Assets/_Game/Prefabs/Buildings/Level01/BLD_Floor_L01.prefab";"";"Assets/_Game/Editor/BuildingCostContentBuilder.cs | Assets/_Game/Editor/BuildingDoorContentBuilder.cs | Assets/_Game/Editor/BuildingMenuUiBuilder.cs | Assets/_Game/Editor/BuildingPreviewContentBuilder.cs | Assets/_Game/Editor/BuildingRoofContentBuilder.cs | Assets/_Game/Editor/EidrenBuildingVisualBuilder.cs"
"Assets/_Game/Art/Buildings/Meshes/BLD_028_Floor_Planke.asset";"011e700d3a81389489663c79fee187d9";"4300000";"TaperedBox";"24";"12";"(0,0.04,0)";"(0.11,0.08,0.96)";"Assets/_Game/Prefabs/Buildings/Level01/BLD_Floor_L01.prefab";"";"Assets/_Game/Editor/BuildingCostContentBuilder.cs | Assets/_Game/Editor/BuildingDoorContentBuilder.cs | Assets/_Game/Editor/BuildingMenuUiBuilder.cs | Assets/_Game/Editor/BuildingPreviewContentBuilder.cs | Assets/_Game/Editor/BuildingRoofContentBuilder.cs | Assets/_Game/Editor/EidrenBuildingVisualBuilder.cs"
"Assets/_Game/Art/Buildings/Meshes/BLD_029_Floor_Planke.asset";"8ae2fd3d331fb604cb7ed11d7143699b";"4300000";"TaperedBox";"24";"12";"(0,0.04,0)";"(0.11,0.08,0.96)";"Assets/_Game/Prefabs/Buildings/Level01/BLD_Floor_L01.prefab";"";"Assets/_Game/Editor/BuildingCostContentBuilder.cs | Assets/_Game/Editor/BuildingDoorContentBuilder.cs | Assets/_Game/Editor/BuildingMenuUiBuilder.cs | Assets/_Game/Editor/BuildingPreviewContentBuilder.cs | Assets/_Game/Editor/BuildingRoofContentBuilder.cs | Assets/_Game/Editor/EidrenBuildingVisualBuilder.cs"
"Assets/_Game/Art/Buildings/Meshes/BLD_030_Floor_Planke.asset";"4c9dd11a6224c8944bf18109164695f4";"4300000";"TaperedBox";"24";"12";"(0,0.04,0)";"(0.11,0.08,0.96)";"Assets/_Game/Prefabs/Buildings/Level01/BLD_Floor_L01.prefab";"";"Assets/_Game/Editor/BuildingCostContentBuilder.cs | Assets/_Game/Editor/BuildingDoorContentBuilder.cs | Assets/_Game/Editor/BuildingMenuUiBuilder.cs | Assets/_Game/Editor/BuildingPreviewContentBuilder.cs | Assets/_Game/Editor/BuildingRoofContentBuilder.cs | Assets/_Game/Editor/EidrenBuildingVisualBuilder.cs"
"Assets/_Game/Art/Buildings/Meshes/BLD_031_Floor_Planke.asset";"f69d82deeb1cf0a429f0a79c282d36bb";"4300000";"TaperedBox";"24";"12";"(0,0.04,0)";"(0.11,0.08,0.96)";"Assets/_Game/Prefabs/Buildings/Level01/BLD_Floor_L01.prefab";"";"Assets/_Game/Editor/BuildingCostContentBuilder.cs | Assets/_Game/Editor/BuildingDoorContentBuilder.cs | Assets/_Game/Editor/BuildingMenuUiBuilder.cs | Assets/_Game/Editor/BuildingPreviewContentBuilder.cs | Assets/_Game/Editor/BuildingRoofContentBuilder.cs | Assets/_Game/Editor/EidrenBuildingVisualBuilder.cs"
"Assets/_Game/Art/Buildings/Meshes/BLD_032_Floor_Planke.asset";"14e8598b4c414b6419b9419fdf887718";"4300000";"TaperedBox";"24";"12";"(0,0.04,0)";"(0.11,0.08,0.96)";"Assets/_Game/Prefabs/Buildings/Level01/BLD_Floor_L01.prefab";"";"Assets/_Game/Editor/BuildingCostContentBuilder.cs | Assets/_Game/Editor/BuildingDoorContentBuilder.cs | Assets/_Game/Editor/BuildingMenuUiBuilder.cs | Assets/_Game/Editor/BuildingPreviewContentBuilder.cs | Assets/_Game/Editor/BuildingRoofContentBuilder.cs | Assets/_Game/Editor/EidrenBuildingVisualBuilder.cs"
"Assets/_Game/Art/Buildings/Meshes/BLD_033_Floor_Planke.asset";"72f7afbd8513f6a4cbbb5605937235b4";"4300000";"TaperedBox";"24";"12";"(0,0.04,0)";"(0.11,0.08,0.96)";"Assets/_Game/Prefabs/Buildings/Level01/BLD_Floor_L01.prefab";"";"Assets/_Game/Editor/BuildingCostContentBuilder.cs | Assets/_Game/Editor/BuildingDoorContentBuilder.cs | Assets/_Game/Editor/BuildingMenuUiBuilder.cs | Assets/_Game/Editor/BuildingPreviewContentBuilder.cs | Assets/_Game/Editor/BuildingRoofContentBuilder.cs | Assets/_Game/Editor/EidrenBuildingVisualBuilder.cs"
"Assets/_Game/Art/Buildings/Meshes/BLD_034_Floor_Unterzug.asset";"a4d192eef4d452e40b46329edbb81f7d";"4300000";"TaperedBox";"24";"12";"(0,0.03,0)";"(0.9,0.06,0.12)";"Assets/_Game/Prefabs/Buildings/Level01/BLD_Floor_L01.prefab";"";"Assets/_Game/Editor/BuildingCostContentBuilder.cs | Assets/_Game/Editor/BuildingDoorContentBuilder.cs | Assets/_Game/Editor/BuildingMenuUiBuilder.cs | Assets/_Game/Editor/BuildingPreviewContentBuilder.cs | Assets/_Game/Editor/BuildingRoofContentBuilder.cs | Assets/_Game/Editor/EidrenBuildingVisualBuilder.cs"
"Assets/_Game/Art/Buildings/Meshes/BLD_035_Floor_Unterzug.asset";"c6a4eac2bfb18714eb8963f44ef1e80a";"4300000";"TaperedBox";"24";"12";"(0,0.03,0)";"(0.9,0.06,0.12)";"Assets/_Game/Prefabs/Buildings/Level01/BLD_Floor_L01.prefab";"";"Assets/_Game/Editor/BuildingCostContentBuilder.cs | Assets/_Game/Editor/BuildingDoorContentBuilder.cs | Assets/_Game/Editor/BuildingMenuUiBuilder.cs | Assets/_Game/Editor/BuildingPreviewContentBuilder.cs | Assets/_Game/Editor/BuildingRoofContentBuilder.cs | Assets/_Game/Editor/EidrenBuildingVisualBuilder.cs"
"Assets/_Game/Art/Buildings/Meshes/BLD_036_Floor_Nagel.asset";"f8c59b2c52ca54445801becf1585fa57";"4300000";"TaperedBox";"24";"12";"(0,0.01,0)";"(0.025,0.02,0.025)";"Assets/_Game/Prefabs/Buildings/Level01/BLD_Floor_L01.prefab";"";"Assets/_Game/Editor/BuildingCostContentBuilder.cs | Assets/_Game/Editor/BuildingDoorContentBuilder.cs | Assets/_Game/Editor/BuildingMenuUiBuilder.cs | Assets/_Game/Editor/BuildingPreviewContentBuilder.cs | Assets/_Game/Editor/BuildingRoofContentBuilder.cs | Assets/_Game/Editor/EidrenBuildingVisualBuilder.cs"
"Assets/_Game/Art/Buildings/Meshes/BLD_037_Floor_Nagel.asset";"dcc47b95c0c5e6a49bbb86c3fbec03d8";"4300000";"TaperedBox";"24";"12";"(0,0.01,0)";"(0.025,0.02,0.025)";"Assets/_Game/Prefabs/Buildings/Level01/BLD_Floor_L01.prefab";"";"Assets/_Game/Editor/BuildingCostContentBuilder.cs | Assets/_Game/Editor/BuildingDoorContentBuilder.cs | Assets/_Game/Editor/BuildingMenuUiBuilder.cs | Assets/_Game/Editor/BuildingPreviewContentBuilder.cs | Assets/_Game/Editor/BuildingRoofContentBuilder.cs | Assets/_Game/Editor/EidrenBuildingVisualBuilder.cs"
"Assets/_Game/Art/Buildings/Meshes/BLD_038_Floor_Nagel.asset";"900773b25637872428dad607eb26acf2";"4300000";"TaperedBox";"24";"12";"(0,0.01,0)";"(0.025,0.02,0.025)";"Assets/_Game/Prefabs/Buildings/Level01/BLD_Floor_L01.prefab";"";"Assets/_Game/Editor/BuildingCostContentBuilder.cs | Assets/_Game/Editor/BuildingDoorContentBuilder.cs | Assets/_Game/Editor/BuildingMenuUiBuilder.cs | Assets/_Game/Editor/BuildingPreviewContentBuilder.cs | Assets/_Game/Editor/BuildingRoofContentBuilder.cs | Assets/_Game/Editor/EidrenBuildingVisualBuilder.cs"
"Assets/_Game/Art/Buildings/Meshes/BLD_039_Floor_Nagel.asset";"357d0227999a7da4e95a1155c6dd9471";"4300000";"TaperedBox";"24";"12";"(0,0.01,0)";"(0.025,0.02,0.025)";"Assets/_Game/Prefabs/Buildings/Level01/BLD_Floor_L01.prefab";"";"Assets/_Game/Editor/BuildingCostContentBuilder.cs | Assets/_Game/Editor/BuildingDoorContentBuilder.cs | Assets/_Game/Editor/BuildingMenuUiBuilder.cs | Assets/_Game/Editor/BuildingPreviewContentBuilder.cs | Assets/_Game/Editor/BuildingRoofContentBuilder.cs | Assets/_Game/Editor/EidrenBuildingVisualBuilder.cs"
"Assets/_Game/Art/Buildings/Meshes/BLD_040_Floor_Nagel.asset";"a88418537bf9a054c8e5176bd7df170c";"4300000";"TaperedBox";"24";"12";"(0,0.01,0)";"(0.025,0.02,0.025)";"Assets/_Game/Prefabs/Buildings/Level01/BLD_Floor_L01.prefab";"";"Assets/_Game/Editor/BuildingCostContentBuilder.cs | Assets/_Game/Editor/BuildingDoorContentBuilder.cs | Assets/_Game/Editor/BuildingMenuUiBuilder.cs | Assets/_Game/Editor/BuildingPreviewContentBuilder.cs | Assets/_Game/Editor/BuildingRoofContentBuilder.cs | Assets/_Game/Editor/EidrenBuildingVisualBuilder.cs"
"Assets/_Game/Art/Buildings/Meshes/BLD_041_Floor_Nagel.asset";"435a0e493a58de8448235692cb3ebc75";"4300000";"TaperedBox";"24";"12";"(0,0.01,0)";"(0.025,0.02,0.025)";"Assets/_Game/Prefabs/Buildings/Level01/BLD_Floor_L01.prefab";"";"Assets/_Game/Editor/BuildingCostContentBuilder.cs | Assets/_Game/Editor/BuildingDoorContentBuilder.cs | Assets/_Game/Editor/BuildingMenuUiBuilder.cs | Assets/_Game/Editor/BuildingPreviewContentBuilder.cs | Assets/_Game/Editor/BuildingRoofContentBuilder.cs | Assets/_Game/Editor/EidrenBuildingVisualBuilder.cs"
"Assets/_Game/Art/Buildings/Meshes/BLD_042_Floor_Nagel.asset";"1de10f790cf9de043be6c76423dca4e4";"4300000";"TaperedBox";"24";"12";"(0,0.01,0)";"(0.025,0.02,0.025)";"Assets/_Game/Prefabs/Buildings/Level01/BLD_Floor_L01.prefab";"";"Assets/_Game/Editor/BuildingCostContentBuilder.cs | Assets/_Game/Editor/BuildingDoorContentBuilder.cs | Assets/_Game/Editor/BuildingMenuUiBuilder.cs | Assets/_Game/Editor/BuildingPreviewContentBuilder.cs | Assets/_Game/Editor/BuildingRoofContentBuilder.cs | Assets/_Game/Editor/EidrenBuildingVisualBuilder.cs"
"Assets/_Game/Art/Buildings/Meshes/BLD_043_Floor_Nagel.asset";"345e51ef94438674c979d21854479d76";"4300000";"TaperedBox";"24";"12";"(0,0.01,0)";"(0.025,0.02,0.025)";"Assets/_Game/Prefabs/Buildings/Level01/BLD_Floor_L01.prefab";"";"Assets/_Game/Editor/BuildingCostContentBuilder.cs | Assets/_Game/Editor/BuildingDoorContentBuilder.cs | Assets/_Game/Editor/BuildingMenuUiBuilder.cs | Assets/_Game/Editor/BuildingPreviewContentBuilder.cs | Assets/_Game/Editor/BuildingRoofContentBuilder.cs | Assets/_Game/Editor/EidrenBuildingVisualBuilder.cs"
"Assets/_Game/Art/Buildings/Meshes/BLD_044_Farm_Furche.asset";"49a8ad9111cebe04482eb00c07aaea21";"4300000";"TaperedBox";"24";"12";"(0,0.06,0)";"(0.12,0.12,1.7)";"Assets/_Game/Prefabs/Buildings/Level01/BLD_FarmPlot_L01.prefab";"";"Assets/_Game/Editor/BuildingCostContentBuilder.cs | Assets/_Game/Editor/BuildingDoorContentBuilder.cs | Assets/_Game/Editor/BuildingMenuUiBuilder.cs | Assets/_Game/Editor/BuildingPreviewContentBuilder.cs | Assets/_Game/Editor/BuildingRoofContentBuilder.cs | Assets/_Game/Editor/EidrenBuildingVisualBuilder.cs"
"Assets/_Game/Art/Buildings/Meshes/BLD_045_Farm_Furche.asset";"ed05581849c9a4a4fb182b4ebbda9319";"4300000";"TaperedBox";"24";"12";"(0,0.06,0)";"(0.12,0.12,1.7)";"Assets/_Game/Prefabs/Buildings/Level01/BLD_FarmPlot_L01.prefab";"";"Assets/_Game/Editor/BuildingCostContentBuilder.cs | Assets/_Game/Editor/BuildingDoorContentBuilder.cs | Assets/_Game/Editor/BuildingMenuUiBuilder.cs | Assets/_Game/Editor/BuildingPreviewContentBuilder.cs | Assets/_Game/Editor/BuildingRoofContentBuilder.cs | Assets/_Game/Editor/EidrenBuildingVisualBuilder.cs"
"Assets/_Game/Art/Buildings/Meshes/BLD_046_Farm_Furche.asset";"12b93aac0ec77844e8178ec57bcba3b9";"4300000";"TaperedBox";"24";"12";"(0,0.06,0)";"(0.12,0.12,1.7)";"Assets/_Game/Prefabs/Buildings/Level01/BLD_FarmPlot_L01.prefab";"";"Assets/_Game/Editor/BuildingCostContentBuilder.cs | Assets/_Game/Editor/BuildingDoorContentBuilder.cs | Assets/_Game/Editor/BuildingMenuUiBuilder.cs | Assets/_Game/Editor/BuildingPreviewContentBuilder.cs | Assets/_Game/Editor/BuildingRoofContentBuilder.cs | Assets/_Game/Editor/EidrenBuildingVisualBuilder.cs"
"Assets/_Game/Art/Buildings/Meshes/BLD_047_Farm_Furche.asset";"57aa09c21217bb84788e35be7a62cfa5";"4300000";"TaperedBox";"24";"12";"(0,0.06,0)";"(0.12,0.12,1.7)";"Assets/_Game/Prefabs/Buildings/Level01/BLD_FarmPlot_L01.prefab";"";"Assets/_Game/Editor/BuildingCostContentBuilder.cs | Assets/_Game/Editor/BuildingDoorContentBuilder.cs | Assets/_Game/Editor/BuildingMenuUiBuilder.cs | Assets/_Game/Editor/BuildingPreviewContentBuilder.cs | Assets/_Game/Editor/BuildingRoofContentBuilder.cs | Assets/_Game/Editor/EidrenBuildingVisualBuilder.cs"
"Assets/_Game/Art/Buildings/Meshes/BLD_048_Farm_Furche.asset";"afb0173137be5344fa7e27458dad7658";"4300000";"TaperedBox";"24";"12";"(0,0.06,0)";"(0.12,0.12,1.7)";"Assets/_Game/Prefabs/Buildings/Level01/BLD_FarmPlot_L01.prefab";"";"Assets/_Game/Editor/BuildingCostContentBuilder.cs | Assets/_Game/Editor/BuildingDoorContentBuilder.cs | Assets/_Game/Editor/BuildingMenuUiBuilder.cs | Assets/_Game/Editor/BuildingPreviewContentBuilder.cs | Assets/_Game/Editor/BuildingRoofContentBuilder.cs | Assets/_Game/Editor/EidrenBuildingVisualBuilder.cs"
"Assets/_Game/Art/Buildings/Meshes/BLD_049_Farm_Furche.asset";"ee6d0fe79f633884ebcf5063f6970a4f";"4300000";"TaperedBox";"24";"12";"(0,0.06,0)";"(0.12,0.12,1.7)";"Assets/_Game/Prefabs/Buildings/Level01/BLD_FarmPlot_L01.prefab";"";"Assets/_Game/Editor/BuildingCostContentBuilder.cs | Assets/_Game/Editor/BuildingDoorContentBuilder.cs | Assets/_Game/Editor/BuildingMenuUiBuilder.cs | Assets/_Game/Editor/BuildingPreviewContentBuilder.cs | Assets/_Game/Editor/BuildingRoofContentBuilder.cs | Assets/_Game/Editor/EidrenBuildingVisualBuilder.cs"
"Assets/_Game/Art/Buildings/Meshes/BLD_050_Farm_Furche.asset";"a70e6fa5e67f4fe4aa12451adbe6404d";"4300000";"TaperedBox";"24";"12";"(0,0.06,0)";"(0.12,0.12,1.7)";"Assets/_Game/Prefabs/Buildings/Level01/BLD_FarmPlot_L01.prefab";"";"Assets/_Game/Editor/BuildingCostContentBuilder.cs | Assets/_Game/Editor/BuildingDoorContentBuilder.cs | Assets/_Game/Editor/BuildingMenuUiBuilder.cs | Assets/_Game/Editor/BuildingPreviewContentBuilder.cs | Assets/_Game/Editor/BuildingRoofContentBuilder.cs | Assets/_Game/Editor/EidrenBuildingVisualBuilder.cs"
"Assets/_Game/Art/Buildings/Meshes/BLD_051_Farm_Furche.asset";"50d7996e40d53a14a8ecb32e1deb98ac";"4300000";"TaperedBox";"24";"12";"(0,0.06,0)";"(0.12,0.12,1.7)";"Assets/_Game/Prefabs/Buildings/Level01/BLD_FarmPlot_L01.prefab";"";"Assets/_Game/Editor/BuildingCostContentBuilder.cs | Assets/_Game/Editor/BuildingDoorContentBuilder.cs | Assets/_Game/Editor/BuildingMenuUiBuilder.cs | Assets/_Game/Editor/BuildingPreviewContentBuilder.cs | Assets/_Game/Editor/BuildingRoofContentBuilder.cs | Assets/_Game/Editor/EidrenBuildingVisualBuilder.cs"
"Assets/_Game/Art/Buildings/Meshes/BLD_052_Farm_Furche.asset";"a45d7a42427edd346ba05246ae0a524e";"4300000";"TaperedBox";"24";"12";"(0,0.06,0)";"(0.12,0.12,1.7)";"Assets/_Game/Prefabs/Buildings/Level01/BLD_FarmPlot_L01.prefab";"";"Assets/_Game/Editor/BuildingCostContentBuilder.cs | Assets/_Game/Editor/BuildingDoorContentBuilder.cs | Assets/_Game/Editor/BuildingMenuUiBuilder.cs | Assets/_Game/Editor/BuildingPreviewContentBuilder.cs | Assets/_Game/Editor/BuildingRoofContentBuilder.cs | Assets/_Game/Editor/EidrenBuildingVisualBuilder.cs"
"Assets/_Game/Art/Buildings/Meshes/BLD_053_Farm_Furche.asset";"27c75d18ebf75144a8fe85fe02c0d62f";"4300000";"TaperedBox";"24";"12";"(0,0.06,0)";"(0.12,0.12,1.7)";"Assets/_Game/Prefabs/Buildings/Level01/BLD_FarmPlot_L01.prefab";"";"Assets/_Game/Editor/BuildingCostContentBuilder.cs | Assets/_Game/Editor/BuildingDoorContentBuilder.cs | Assets/_Game/Editor/BuildingMenuUiBuilder.cs | Assets/_Game/Editor/BuildingPreviewContentBuilder.cs | Assets/_Game/Editor/BuildingRoofContentBuilder.cs | Assets/_Game/Editor/EidrenBuildingVisualBuilder.cs"
"Assets/_Game/Art/Buildings/Meshes/BLD_054_Farm_Furche.asset";"d5f53d7d88ba5bb4bb483994523fba1e";"4300000";"TaperedBox";"24";"12";"(0,0.06,0)";"(0.12,0.12,1.7)";"Assets/_Game/Prefabs/Buildings/Level01/BLD_FarmPlot_L01.prefab";"";"Assets/_Game/Editor/BuildingCostContentBuilder.cs | Assets/_Game/Editor/BuildingDoorContentBuilder.cs | Assets/_Game/Editor/BuildingMenuUiBuilder.cs | Assets/_Game/Editor/BuildingPreviewContentBuilder.cs | Assets/_Game/Editor/BuildingRoofContentBuilder.cs | Assets/_Game/Editor/EidrenBuildingVisualBuilder.cs"
"Assets/_Game/Art/Buildings/Meshes/BLD_055_Farm_Saatmarker.asset";"e274884bd3f4b5948a285e8b55d10d61";"4300000";"TaperedBox";"24";"12";"(0,0.025,0)";"(0.06,0.05,0.06)";"Assets/_Game/Prefabs/Buildings/Level01/BLD_FarmPlot_L01.prefab";"";"Assets/_Game/Editor/BuildingCostContentBuilder.cs | Assets/_Game/Editor/BuildingDoorContentBuilder.cs | Assets/_Game/Editor/BuildingMenuUiBuilder.cs | Assets/_Game/Editor/BuildingPreviewContentBuilder.cs | Assets/_Game/Editor/BuildingRoofContentBuilder.cs | Assets/_Game/Editor/EidrenBuildingVisualBuilder.cs"
"Assets/_Game/Art/Buildings/Meshes/BLD_056_Farm_Saatmarker.asset";"5c272dc593f384c4eb8d579968e8767a";"4300000";"TaperedBox";"24";"12";"(0,0.025,0)";"(0.06,0.05,0.06)";"Assets/_Game/Prefabs/Buildings/Level01/BLD_FarmPlot_L01.prefab";"";"Assets/_Game/Editor/BuildingCostContentBuilder.cs | Assets/_Game/Editor/BuildingDoorContentBuilder.cs | Assets/_Game/Editor/BuildingMenuUiBuilder.cs | Assets/_Game/Editor/BuildingPreviewContentBuilder.cs | Assets/_Game/Editor/BuildingRoofContentBuilder.cs | Assets/_Game/Editor/EidrenBuildingVisualBuilder.cs"
"Assets/_Game/Art/Buildings/Meshes/BLD_057_Farm_Saatmarker.asset";"2bc813e49534a0e4aaa010d8e32b8c0e";"4300000";"TaperedBox";"24";"12";"(0,0.025,0)";"(0.06,0.05,0.06)";"Assets/_Game/Prefabs/Buildings/Level01/BLD_FarmPlot_L01.prefab";"";"Assets/_Game/Editor/BuildingCostContentBuilder.cs | Assets/_Game/Editor/BuildingDoorContentBuilder.cs | Assets/_Game/Editor/BuildingMenuUiBuilder.cs | Assets/_Game/Editor/BuildingPreviewContentBuilder.cs | Assets/_Game/Editor/BuildingRoofContentBuilder.cs | Assets/_Game/Editor/EidrenBuildingVisualBuilder.cs"
"Assets/_Game/Art/Buildings/Meshes/BLD_058_Farm_Saatmarker.asset";"d5b96a5e41fab81408a95bb978477dcb";"4300000";"TaperedBox";"24";"12";"(0,0.025,0)";"(0.06,0.05,0.06)";"Assets/_Game/Prefabs/Buildings/Level01/BLD_FarmPlot_L01.prefab";"";"Assets/_Game/Editor/BuildingCostContentBuilder.cs | Assets/_Game/Editor/BuildingDoorContentBuilder.cs | Assets/_Game/Editor/BuildingMenuUiBuilder.cs | Assets/_Game/Editor/BuildingPreviewContentBuilder.cs | Assets/_Game/Editor/BuildingRoofContentBuilder.cs | Assets/_Game/Editor/EidrenBuildingVisualBuilder.cs"
"Assets/_Game/Art/Buildings/Meshes/BLD_059_Farm_Saatmarker.asset";"37c00d0785fc29a4ca9f53c4d0671966";"4300000";"TaperedBox";"24";"12";"(0,0.025,0)";"(0.06,0.05,0.06)";"Assets/_Game/Prefabs/Buildings/Level01/BLD_FarmPlot_L01.prefab";"";"Assets/_Game/Editor/BuildingCostContentBuilder.cs | Assets/_Game/Editor/BuildingDoorContentBuilder.cs | Assets/_Game/Editor/BuildingMenuUiBuilder.cs | Assets/_Game/Editor/BuildingPreviewContentBuilder.cs | Assets/_Game/Editor/BuildingRoofContentBuilder.cs | Assets/_Game/Editor/EidrenBuildingVisualBuilder.cs"
"Assets/_Game/Art/Buildings/Meshes/BLD_060_Farm_Saatmarker.asset";"be79e353276342c4198835e857529b66";"4300000";"TaperedBox";"24";"12";"(0,0.025,0)";"(0.06,0.05,0.06)";"Assets/_Game/Prefabs/Buildings/Level01/BLD_FarmPlot_L01.prefab";"";"Assets/_Game/Editor/BuildingCostContentBuilder.cs | Assets/_Game/Editor/BuildingDoorContentBuilder.cs | Assets/_Game/Editor/BuildingMenuUiBuilder.cs | Assets/_Game/Editor/BuildingPreviewContentBuilder.cs | Assets/_Game/Editor/BuildingRoofContentBuilder.cs | Assets/_Game/Editor/EidrenBuildingVisualBuilder.cs"
"Assets/_Game/Art/Buildings/Meshes/BLD_061_Farm_Saatmarker.asset";"14a841eb8d4783f419800af553402060";"4300000";"TaperedBox";"24";"12";"(0,0.025,0)";"(0.06,0.05,0.06)";"Assets/_Game/Prefabs/Buildings/Level01/BLD_FarmPlot_L01.prefab";"";"Assets/_Game/Editor/BuildingCostContentBuilder.cs | Assets/_Game/Editor/BuildingDoorContentBuilder.cs | Assets/_Game/Editor/BuildingMenuUiBuilder.cs | Assets/_Game/Editor/BuildingPreviewContentBuilder.cs | Assets/_Game/Editor/BuildingRoofContentBuilder.cs | Assets/_Game/Editor/EidrenBuildingVisualBuilder.cs"
"Assets/_Game/Art/Buildings/Meshes/BLD_062_Farm_Saatmarker.asset";"ea3ab2a1285672741bbeefc05b0f3226";"4300000";"TaperedBox";"24";"12";"(0,0.025,0)";"(0.06,0.05,0.06)";"Assets/_Game/Prefabs/Buildings/Level01/BLD_FarmPlot_L01.prefab";"";"Assets/_Game/Editor/BuildingCostContentBuilder.cs | Assets/_Game/Editor/BuildingDoorContentBuilder.cs | Assets/_Game/Editor/BuildingMenuUiBuilder.cs | Assets/_Game/Editor/BuildingPreviewContentBuilder.cs | Assets/_Game/Editor/BuildingRoofContentBuilder.cs | Assets/_Game/Editor/EidrenBuildingVisualBuilder.cs"
"Assets/_Game/Art/Buildings/Meshes/BLD_063_Farm_Saatmarker.asset";"e61e4ecc9d708ba48ab402e0c98273ed";"4300000";"TaperedBox";"24";"12";"(0,0.025,0)";"(0.06,0.05,0.06)";"Assets/_Game/Prefabs/Buildings/Level01/BLD_FarmPlot_L01.prefab";"";"Assets/_Game/Editor/BuildingCostContentBuilder.cs | Assets/_Game/Editor/BuildingDoorContentBuilder.cs | Assets/_Game/Editor/BuildingMenuUiBuilder.cs | Assets/_Game/Editor/BuildingPreviewContentBuilder.cs | Assets/_Game/Editor/BuildingRoofContentBuilder.cs | Assets/_Game/Editor/EidrenBuildingVisualBuilder.cs"
"Assets/_Game/Art/Buildings/Meshes/BLD_064_Farm_Einfassung.asset";"3f230395e0688b54fa272d84caa049a2";"4300000";"TaperedBox";"24";"12";"(0,0.075,0)";"(1.96,0.15,0.12)";"Assets/_Game/Prefabs/Buildings/Level01/BLD_FarmPlot_L01.prefab";"";"Assets/_Game/Editor/BuildingCostContentBuilder.cs | Assets/_Game/Editor/BuildingDoorContentBuilder.cs | Assets/_Game/Editor/BuildingMenuUiBuilder.cs | Assets/_Game/Editor/BuildingPreviewContentBuilder.cs | Assets/_Game/Editor/BuildingRoofContentBuilder.cs | Assets/_Game/Editor/EidrenBuildingVisualBuilder.cs"
"Assets/_Game/Art/Buildings/Meshes/BLD_065_Farm_Einfassung.asset";"afb110bbec5327843baf8858807b0af6";"4300000";"TaperedBox";"24";"12";"(0,0.075,0)";"(1.96,0.15,0.12)";"Assets/_Game/Prefabs/Buildings/Level01/BLD_FarmPlot_L01.prefab";"";"Assets/_Game/Editor/BuildingCostContentBuilder.cs | Assets/_Game/Editor/BuildingDoorContentBuilder.cs | Assets/_Game/Editor/BuildingMenuUiBuilder.cs | Assets/_Game/Editor/BuildingPreviewContentBuilder.cs | Assets/_Game/Editor/BuildingRoofContentBuilder.cs | Assets/_Game/Editor/EidrenBuildingVisualBuilder.cs"
"Assets/_Game/Art/Buildings/Meshes/BLD_066_Farm_Einfassung.asset";"4363c7898bf8bd54ba5b8360b8d042a8";"4300000";"TaperedBox";"24";"12";"(0,0.075,0)";"(0.12,0.15,1.96)";"Assets/_Game/Prefabs/Buildings/Level01/BLD_FarmPlot_L01.prefab";"";"Assets/_Game/Editor/BuildingCostContentBuilder.cs | Assets/_Game/Editor/BuildingDoorContentBuilder.cs | Assets/_Game/Editor/BuildingMenuUiBuilder.cs | Assets/_Game/Editor/BuildingPreviewContentBuilder.cs | Assets/_Game/Editor/BuildingRoofContentBuilder.cs | Assets/_Game/Editor/EidrenBuildingVisualBuilder.cs"
"Assets/_Game/Art/Buildings/Meshes/BLD_067_Farm_Einfassung.asset";"7b0d924fe317fdd4cb4101d3e54a440c";"4300000";"TaperedBox";"24";"12";"(0,0.075,0)";"(0.12,0.15,1.96)";"Assets/_Game/Prefabs/Buildings/Level01/BLD_FarmPlot_L01.prefab";"";"Assets/_Game/Editor/BuildingCostContentBuilder.cs | Assets/_Game/Editor/BuildingDoorContentBuilder.cs | Assets/_Game/Editor/BuildingMenuUiBuilder.cs | Assets/_Game/Editor/BuildingPreviewContentBuilder.cs | Assets/_Game/Editor/BuildingRoofContentBuilder.cs | Assets/_Game/Editor/EidrenBuildingVisualBuilder.cs"
"Assets/_Game/Art/Buildings/Meshes/BLD_068_Farm_RechenStiel.asset";"7f94611699550b944a196f7e2ae079f2";"4300000";"TaperedBox";"24";"12";"(0,0.35,0)";"(0.03,0.7,0.03)";"Assets/_Game/Prefabs/Buildings/Level01/BLD_FarmPlot_L01.prefab";"";"Assets/_Game/Editor/BuildingCostContentBuilder.cs | Assets/_Game/Editor/BuildingDoorContentBuilder.cs | Assets/_Game/Editor/BuildingMenuUiBuilder.cs | Assets/_Game/Editor/BuildingPreviewContentBuilder.cs | Assets/_Game/Editor/BuildingRoofContentBuilder.cs | Assets/_Game/Editor/EidrenBuildingVisualBuilder.cs"
"Assets/_Game/Art/Buildings/Meshes/BLD_069_Farm_RechenKopf.asset";"c50aa9f82083c5642a13efe34b395745";"4300000";"TaperedBox";"24";"12";"(0,0.025,0)";"(0.24,0.05,0.04)";"Assets/_Game/Prefabs/Buildings/Level01/BLD_FarmPlot_L01.prefab";"";"Assets/_Game/Editor/BuildingCostContentBuilder.cs | Assets/_Game/Editor/BuildingDoorContentBuilder.cs | Assets/_Game/Editor/BuildingMenuUiBuilder.cs | Assets/_Game/Editor/BuildingPreviewContentBuilder.cs | Assets/_Game/Editor/BuildingRoofContentBuilder.cs | Assets/_Game/Editor/EidrenBuildingVisualBuilder.cs"
"Assets/_Game/Art/Buildings/Meshes/BLD_070_Topf_Kessel.asset";"3e300dc23c09c6640b403a3fcd5ed134";"4300000";"Loft";"146";"70";"(0,0.565,0)";"(0.424985,0.57,0.424985)";"Assets/_Game/Prefabs/Buildings/Level01/BLD_CookingPot_L01.prefab";"";"Assets/_Game/Editor/BuildingCostContentBuilder.cs | Assets/_Game/Editor/BuildingDoorContentBuilder.cs | Assets/_Game/Editor/BuildingMenuUiBuilder.cs | Assets/_Game/Editor/BuildingPreviewContentBuilder.cs | Assets/_Game/Editor/BuildingRoofContentBuilder.cs | Assets/_Game/Editor/EidrenBuildingVisualBuilder.cs"
"Assets/_Game/Art/Buildings/Meshes/BLD_071_Topf_Lippe.asset";"1072c4f9c1c4c1043b55b08530d2e818";"4300000";"Loft";"68";"28";"(0,0.875,0)";"(0.406507,0.05,0.406507)";"Assets/_Game/Prefabs/Buildings/Level01/BLD_CookingPot_L01.prefab";"";"Assets/_Game/Editor/BuildingCostContentBuilder.cs | Assets/_Game/Editor/BuildingDoorContentBuilder.cs | Assets/_Game/Editor/BuildingMenuUiBuilder.cs | Assets/_Game/Editor/BuildingPreviewContentBuilder.cs | Assets/_Game/Editor/BuildingRoofContentBuilder.cs | Assets/_Game/Editor/EidrenBuildingVisualBuilder.cs"
"Assets/_Game/Art/Buildings/Meshes/BLD_072_Topf_Inhalt.asset";"5f72603231f72df4b8cea7002c6f9d87";"4300000";"TaperedBox";"24";"12";"(0,0.025,0)";"(0.3,0.05,0.3)";"Assets/_Game/Prefabs/Buildings/Level01/BLD_CookingPot_L01.prefab";"";"Assets/_Game/Editor/BuildingCostContentBuilder.cs | Assets/_Game/Editor/BuildingDoorContentBuilder.cs | Assets/_Game/Editor/BuildingMenuUiBuilder.cs | Assets/_Game/Editor/BuildingPreviewContentBuilder.cs | Assets/_Game/Editor/BuildingRoofContentBuilder.cs | Assets/_Game/Editor/EidrenBuildingVisualBuilder.cs"
"Assets/_Game/Art/Buildings/Meshes/BLD_073_Topf_Bein.asset";"5b0a53e59f3be4e419bde1ecb0ee18c2";"4300000";"TaperedBox";"24";"12";"(0,0.16,0)";"(0.07,0.32,0.07)";"Assets/_Game/Prefabs/Buildings/Level01/BLD_CookingPot_L01.prefab";"";"Assets/_Game/Editor/BuildingCostContentBuilder.cs | Assets/_Game/Editor/BuildingDoorContentBuilder.cs | Assets/_Game/Editor/BuildingMenuUiBuilder.cs | Assets/_Game/Editor/BuildingPreviewContentBuilder.cs | Assets/_Game/Editor/BuildingRoofContentBuilder.cs | Assets/_Game/Editor/EidrenBuildingVisualBuilder.cs"
"Assets/_Game/Art/Buildings/Meshes/BLD_074_Topf_Fussplatte.asset";"b0273d46d76bb18449ba02fd59e0b0ed";"4300000";"TaperedBox";"24";"12";"(0,0.01,0)";"(0.1,0.02,0.1)";"Assets/_Game/Prefabs/Buildings/Level01/BLD_CookingPot_L01.prefab";"";"Assets/_Game/Editor/BuildingCostContentBuilder.cs | Assets/_Game/Editor/BuildingDoorContentBuilder.cs | Assets/_Game/Editor/BuildingMenuUiBuilder.cs | Assets/_Game/Editor/BuildingPreviewContentBuilder.cs | Assets/_Game/Editor/BuildingRoofContentBuilder.cs | Assets/_Game/Editor/EidrenBuildingVisualBuilder.cs"
"Assets/_Game/Art/Buildings/Meshes/BLD_075_Topf_Querbalken.asset";"4254d09d16ea27a4dbcc42a7417827fd";"4300000";"TaperedBox";"24";"12";"(0,0.02,0)";"(0.3,0.04,0.04)";"Assets/_Game/Prefabs/Buildings/Level01/BLD_CookingPot_L01.prefab";"";"Assets/_Game/Editor/BuildingCostContentBuilder.cs | Assets/_Game/Editor/BuildingDoorContentBuilder.cs | Assets/_Game/Editor/BuildingMenuUiBuilder.cs | Assets/_Game/Editor/BuildingPreviewContentBuilder.cs | Assets/_Game/Editor/BuildingRoofContentBuilder.cs | Assets/_Game/Editor/EidrenBuildingVisualBuilder.cs"
"Assets/_Game/Art/Buildings/Meshes/BLD_076_Topf_Bein.asset";"c51420f481a82c74d93bca69651e0b2d";"4300000";"TaperedBox";"24";"12";"(0,0.16,0)";"(0.07,0.32,0.07)";"Assets/_Game/Prefabs/Buildings/Level01/BLD_CookingPot_L01.prefab";"";"Assets/_Game/Editor/BuildingCostContentBuilder.cs | Assets/_Game/Editor/BuildingDoorContentBuilder.cs | Assets/_Game/Editor/BuildingMenuUiBuilder.cs | Assets/_Game/Editor/BuildingPreviewContentBuilder.cs | Assets/_Game/Editor/BuildingRoofContentBuilder.cs | Assets/_Game/Editor/EidrenBuildingVisualBuilder.cs"
"Assets/_Game/Art/Buildings/Meshes/BLD_077_Topf_Fussplatte.asset";"66e0d607d4beab0409226a53876929db";"4300000";"TaperedBox";"24";"12";"(0,0.01,0)";"(0.1,0.02,0.1)";"Assets/_Game/Prefabs/Buildings/Level01/BLD_CookingPot_L01.prefab";"";"Assets/_Game/Editor/BuildingCostContentBuilder.cs | Assets/_Game/Editor/BuildingDoorContentBuilder.cs | Assets/_Game/Editor/BuildingMenuUiBuilder.cs | Assets/_Game/Editor/BuildingPreviewContentBuilder.cs | Assets/_Game/Editor/BuildingRoofContentBuilder.cs | Assets/_Game/Editor/EidrenBuildingVisualBuilder.cs"
"Assets/_Game/Art/Buildings/Meshes/BLD_078_Topf_Querbalken.asset";"87f86fe1b852acc48b22219f0bab1bb8";"4300000";"TaperedBox";"24";"12";"(0,0.02,0)";"(0.3,0.04,0.04)";"Assets/_Game/Prefabs/Buildings/Level01/BLD_CookingPot_L01.prefab";"";"Assets/_Game/Editor/BuildingCostContentBuilder.cs | Assets/_Game/Editor/BuildingDoorContentBuilder.cs | Assets/_Game/Editor/BuildingMenuUiBuilder.cs | Assets/_Game/Editor/BuildingPreviewContentBuilder.cs | Assets/_Game/Editor/BuildingRoofContentBuilder.cs | Assets/_Game/Editor/EidrenBuildingVisualBuilder.cs"
"Assets/_Game/Art/Buildings/Meshes/BLD_079_Topf_Bein.asset";"101386e580fabef47a5b438caf04b9e5";"4300000";"TaperedBox";"24";"12";"(0,0.16,0)";"(0.07,0.32,0.07)";"Assets/_Game/Prefabs/Buildings/Level01/BLD_CookingPot_L01.prefab";"";"Assets/_Game/Editor/BuildingCostContentBuilder.cs | Assets/_Game/Editor/BuildingDoorContentBuilder.cs | Assets/_Game/Editor/BuildingMenuUiBuilder.cs | Assets/_Game/Editor/BuildingPreviewContentBuilder.cs | Assets/_Game/Editor/BuildingRoofContentBuilder.cs | Assets/_Game/Editor/EidrenBuildingVisualBuilder.cs"
"Assets/_Game/Art/Buildings/Meshes/BLD_080_Topf_Fussplatte.asset";"003088a8d92a98747ba44135359af8b7";"4300000";"TaperedBox";"24";"12";"(0,0.01,0)";"(0.1,0.02,0.1)";"Assets/_Game/Prefabs/Buildings/Level01/BLD_CookingPot_L01.prefab";"";"Assets/_Game/Editor/BuildingCostContentBuilder.cs | Assets/_Game/Editor/BuildingDoorContentBuilder.cs | Assets/_Game/Editor/BuildingMenuUiBuilder.cs | Assets/_Game/Editor/BuildingPreviewContentBuilder.cs | Assets/_Game/Editor/BuildingRoofContentBuilder.cs | Assets/_Game/Editor/EidrenBuildingVisualBuilder.cs"
"Assets/_Game/Art/Buildings/Meshes/BLD_081_Topf_Querbalken.asset";"b5516bc72ff552946a1d71ecd953f586";"4300000";"TaperedBox";"24";"12";"(0,0.02,0)";"(0.3,0.04,0.04)";"Assets/_Game/Prefabs/Buildings/Level01/BLD_CookingPot_L01.prefab";"";"Assets/_Game/Editor/BuildingCostContentBuilder.cs | Assets/_Game/Editor/BuildingDoorContentBuilder.cs | Assets/_Game/Editor/BuildingMenuUiBuilder.cs | Assets/_Game/Editor/BuildingPreviewContentBuilder.cs | Assets/_Game/Editor/BuildingRoofContentBuilder.cs | Assets/_Game/Editor/EidrenBuildingVisualBuilder.cs"
"Assets/_Game/Art/Buildings/Meshes/BLD_082_Topf_Griff.asset";"ff3be54c64a85ac4caf2815dc7be2199";"4300000";"TaperedBox";"24";"12";"(0,0.05,0)";"(0.06,0.1,0.06)";"Assets/_Game/Prefabs/Buildings/Level01/BLD_CookingPot_L01.prefab";"";"Assets/_Game/Editor/BuildingCostContentBuilder.cs | Assets/_Game/Editor/BuildingDoorContentBuilder.cs | Assets/_Game/Editor/BuildingMenuUiBuilder.cs | Assets/_Game/Editor/BuildingPreviewContentBuilder.cs | Assets/_Game/Editor/BuildingRoofContentBuilder.cs | Assets/_Game/Editor/EidrenBuildingVisualBuilder.cs"
"Assets/_Game/Art/Buildings/Meshes/BLD_083_Topf_Griff.asset";"1a66149b499c4d143a9441071449e16c";"4300000";"TaperedBox";"24";"12";"(0,0.05,0)";"(0.06,0.1,0.06)";"Assets/_Game/Prefabs/Buildings/Level01/BLD_CookingPot_L01.prefab";"";"Assets/_Game/Editor/BuildingCostContentBuilder.cs | Assets/_Game/Editor/BuildingDoorContentBuilder.cs | Assets/_Game/Editor/BuildingMenuUiBuilder.cs | Assets/_Game/Editor/BuildingPreviewContentBuilder.cs | Assets/_Game/Editor/BuildingRoofContentBuilder.cs | Assets/_Game/Editor/EidrenBuildingVisualBuilder.cs"
"Assets/_Game/Art/Buildings/Meshes/BLD_084_Topf_Deckelstuetze.asset";"ee7f8355acd875241a48d5c98f8162fb";"4300000";"TaperedBox";"24";"12";"(0,0.02,0)";"(0.15,0.04,0.04)";"Assets/_Game/Prefabs/Buildings/Level01/BLD_CookingPot_L01.prefab";"";"Assets/_Game/Editor/BuildingCostContentBuilder.cs | Assets/_Game/Editor/BuildingDoorContentBuilder.cs | Assets/_Game/Editor/BuildingMenuUiBuilder.cs | Assets/_Game/Editor/BuildingPreviewContentBuilder.cs | Assets/_Game/Editor/BuildingRoofContentBuilder.cs | Assets/_Game/Editor/EidrenBuildingVisualBuilder.cs"
"Assets/_Game/Art/Buildings/Meshes/BLD_085_Topf_Aufhaengeoese.asset";"4ab53552ef104274d940dda8878a25fa";"4300000";"TaperedBox";"24";"12";"(0,0.05,0)";"(0.08,0.1,0.08)";"Assets/_Game/Prefabs/Buildings/Level01/BLD_CookingPot_L01.prefab";"";"Assets/_Game/Editor/BuildingCostContentBuilder.cs | Assets/_Game/Editor/BuildingDoorContentBuilder.cs | Assets/_Game/Editor/BuildingMenuUiBuilder.cs | Assets/_Game/Editor/BuildingPreviewContentBuilder.cs | Assets/_Game/Editor/BuildingRoofContentBuilder.cs | Assets/_Game/Editor/EidrenBuildingVisualBuilder.cs"
"Assets/_Game/Art/Buildings/Meshes/BLD_086_Topf_Herdstein.asset";"7d4472d3f271407419a1b32696ebbf15";"4300000";"Loft";"100";"44";"(0,0.05,0)";"(0.147821,0.1,0.147821)";"Assets/_Game/Prefabs/Buildings/Level01/BLD_CookingPot_L01.prefab";"";"Assets/_Game/Editor/BuildingCostContentBuilder.cs | Assets/_Game/Editor/BuildingDoorContentBuilder.cs | Assets/_Game/Editor/BuildingMenuUiBuilder.cs | Assets/_Game/Editor/BuildingPreviewContentBuilder.cs | Assets/_Game/Editor/BuildingRoofContentBuilder.cs | Assets/_Game/Editor/EidrenBuildingVisualBuilder.cs"
"Assets/_Game/Art/Buildings/Meshes/BLD_087_Topf_Herdstein.asset";"597ad326b2d5ba441977f4da7a3c47e0";"4300000";"Loft";"100";"44";"(0,0.05,0)";"(0.147821,0.1,0.147821)";"Assets/_Game/Prefabs/Buildings/Level01/BLD_CookingPot_L01.prefab";"";"Assets/_Game/Editor/BuildingCostContentBuilder.cs | Assets/_Game/Editor/BuildingDoorContentBuilder.cs | Assets/_Game/Editor/BuildingMenuUiBuilder.cs | Assets/_Game/Editor/BuildingPreviewContentBuilder.cs | Assets/_Game/Editor/BuildingRoofContentBuilder.cs | Assets/_Game/Editor/EidrenBuildingVisualBuilder.cs"
"Assets/_Game/Art/Buildings/Meshes/BLD_088_Topf_Herdstein.asset";"9d5dec784a0406d4189f52bd0907fb7d";"4300000";"Loft";"100";"44";"(0,0.05,0)";"(0.147821,0.1,0.147821)";"Assets/_Game/Prefabs/Buildings/Level01/BLD_CookingPot_L01.prefab";"";"Assets/_Game/Editor/BuildingCostContentBuilder.cs | Assets/_Game/Editor/BuildingDoorContentBuilder.cs | Assets/_Game/Editor/BuildingMenuUiBuilder.cs | Assets/_Game/Editor/BuildingPreviewContentBuilder.cs | Assets/_Game/Editor/BuildingRoofContentBuilder.cs | Assets/_Game/Editor/EidrenBuildingVisualBuilder.cs"
"Assets/_Game/Art/Buildings/Meshes/BLD_089_Topf_Herdstein.asset";"7058087504881a44ab559d33f983ce48";"4300000";"Loft";"100";"44";"(0,0.05,0)";"(0.147821,0.1,0.147821)";"Assets/_Game/Prefabs/Buildings/Level01/BLD_CookingPot_L01.prefab";"";"Assets/_Game/Editor/BuildingCostContentBuilder.cs | Assets/_Game/Editor/BuildingDoorContentBuilder.cs | Assets/_Game/Editor/BuildingMenuUiBuilder.cs | Assets/_Game/Editor/BuildingPreviewContentBuilder.cs | Assets/_Game/Editor/BuildingRoofContentBuilder.cs | Assets/_Game/Editor/EidrenBuildingVisualBuilder.cs"
"Assets/_Game/Art/Buildings/Meshes/BLD_090_Topf_Herdstein.asset";"2543966bd442a2e4b9786d536849738e";"4300000";"Loft";"100";"44";"(0,0.05,0)";"(0.147821,0.1,0.147821)";"Assets/_Game/Prefabs/Buildings/Level01/BLD_CookingPot_L01.prefab";"";"Assets/_Game/Editor/BuildingCostContentBuilder.cs | Assets/_Game/Editor/BuildingDoorContentBuilder.cs | Assets/_Game/Editor/BuildingMenuUiBuilder.cs | Assets/_Game/Editor/BuildingPreviewContentBuilder.cs | Assets/_Game/Editor/BuildingRoofContentBuilder.cs | Assets/_Game/Editor/EidrenBuildingVisualBuilder.cs"
"Assets/_Game/Art/Buildings/Meshes/BLD_091_Topf_Herdstein.asset";"d490b265c52f7cc4390d29f31e6064eb";"4300000";"Loft";"100";"44";"(0,0.05,0)";"(0.147821,0.1,0.147821)";"Assets/_Game/Prefabs/Buildings/Level01/BLD_CookingPot_L01.prefab";"";"Assets/_Game/Editor/BuildingCostContentBuilder.cs | Assets/_Game/Editor/BuildingDoorContentBuilder.cs | Assets/_Game/Editor/BuildingMenuUiBuilder.cs | Assets/_Game/Editor/BuildingPreviewContentBuilder.cs | Assets/_Game/Editor/BuildingRoofContentBuilder.cs | Assets/_Game/Editor/EidrenBuildingVisualBuilder.cs"
"Assets/_Game/Art/Buildings/Meshes/BLD_092_Topf_Herdstein.asset";"4dce9805256cbab4996a1d53f1b6006f";"4300000";"Loft";"100";"44";"(0,0.05,0)";"(0.147821,0.1,0.147821)";"Assets/_Game/Prefabs/Buildings/Level01/BLD_CookingPot_L01.prefab";"";"Assets/_Game/Editor/BuildingCostContentBuilder.cs | Assets/_Game/Editor/BuildingDoorContentBuilder.cs | Assets/_Game/Editor/BuildingMenuUiBuilder.cs | Assets/_Game/Editor/BuildingPreviewContentBuilder.cs | Assets/_Game/Editor/BuildingRoofContentBuilder.cs | Assets/_Game/Editor/EidrenBuildingVisualBuilder.cs"
"Assets/_Game/Art/Buildings/Meshes/BLD_093_Topf_Herdstein.asset";"ff0db9c211adff9479af5f0ad640a487";"4300000";"Loft";"100";"44";"(0,0.05,0)";"(0.147821,0.1,0.147821)";"Assets/_Game/Prefabs/Buildings/Level01/BLD_CookingPot_L01.prefab";"";"Assets/_Game/Editor/BuildingCostContentBuilder.cs | Assets/_Game/Editor/BuildingDoorContentBuilder.cs | Assets/_Game/Editor/BuildingMenuUiBuilder.cs | Assets/_Game/Editor/BuildingPreviewContentBuilder.cs | Assets/_Game/Editor/BuildingRoofContentBuilder.cs | Assets/_Game/Editor/EidrenBuildingVisualBuilder.cs"
"Assets/_Game/Art/Buildings/Meshes/BLD_094_Topf_Herdstein.asset";"ad1a17ad69139a9469596b3f823c9e2f";"4300000";"Loft";"100";"44";"(0,0.05,0)";"(0.147821,0.1,0.147821)";"Assets/_Game/Prefabs/Buildings/Level01/BLD_CookingPot_L01.prefab";"";"Assets/_Game/Editor/BuildingCostContentBuilder.cs | Assets/_Game/Editor/BuildingDoorContentBuilder.cs | Assets/_Game/Editor/BuildingMenuUiBuilder.cs | Assets/_Game/Editor/BuildingPreviewContentBuilder.cs | Assets/_Game/Editor/BuildingRoofContentBuilder.cs | Assets/_Game/Editor/EidrenBuildingVisualBuilder.cs"
"Assets/_Game/Art/Buildings/Meshes/BLD_095_Topf_Glutakzent.asset";"89647ce46bcac3c4dbf7a7a133d39150";"4300000";"TaperedBox";"24";"12";"(0,0.015,0)";"(0.16,0.03,0.16)";"Assets/_Game/Prefabs/Buildings/Level01/BLD_CookingPot_L01.prefab";"";"Assets/_Game/Editor/BuildingCostContentBuilder.cs | Assets/_Game/Editor/BuildingDoorContentBuilder.cs | Assets/_Game/Editor/BuildingMenuUiBuilder.cs | Assets/_Game/Editor/BuildingPreviewContentBuilder.cs | Assets/_Game/Editor/BuildingRoofContentBuilder.cs | Assets/_Game/Editor/EidrenBuildingVisualBuilder.cs"
"Assets/_Game/Art/Buildings/Meshes/BLD_096_Topf_Aschering.asset";"92a30c42c6663424eb5220b38ad7d391";"4300000";"Loft";"68";"28";"(0,0.01,0)";"(0.46194,0.02,0.46194)";"Assets/_Game/Prefabs/Buildings/Level01/BLD_CookingPot_L01.prefab";"";"Assets/_Game/Editor/BuildingCostContentBuilder.cs | Assets/_Game/Editor/BuildingDoorContentBuilder.cs | Assets/_Game/Editor/BuildingMenuUiBuilder.cs | Assets/_Game/Editor/BuildingPreviewContentBuilder.cs | Assets/_Game/Editor/BuildingRoofContentBuilder.cs | Assets/_Game/Editor/EidrenBuildingVisualBuilder.cs"
"Assets/_Game/Art/Buildings/Meshes/BLD_097_Topf_Kohlenest.asset";"aaff3972696075345819d523cdf87bfe";"4300000";"TaperedBox";"24";"12";"(0,0.015,0)";"(0.08,0.03,0.08)";"Assets/_Game/Prefabs/Buildings/Level01/BLD_CookingPot_L01.prefab";"";"Assets/_Game/Editor/BuildingCostContentBuilder.cs | Assets/_Game/Editor/BuildingDoorContentBuilder.cs | Assets/_Game/Editor/BuildingMenuUiBuilder.cs | Assets/_Game/Editor/BuildingPreviewContentBuilder.cs | Assets/_Game/Editor/BuildingRoofContentBuilder.cs | Assets/_Game/Editor/EidrenBuildingVisualBuilder.cs"
"Assets/_Game/Art/Buildings/Meshes/BLD_098_Saege_Grundgestell.asset";"9b445a0be3f43ac4bade8a4772274b37";"4300000";"TaperedBox";"24";"12";"(0,0.075,0)";"(0.9,0.15,0.9)";"Assets/_Game/Prefabs/Buildings/Level01/BLD_Sawmill_L01.prefab";"";"Assets/_Game/Editor/BuildingCostContentBuilder.cs | Assets/_Game/Editor/BuildingDoorContentBuilder.cs | Assets/_Game/Editor/BuildingMenuUiBuilder.cs | Assets/_Game/Editor/BuildingPreviewContentBuilder.cs | Assets/_Game/Editor/BuildingRoofContentBuilder.cs | Assets/_Game/Editor/EidrenBuildingVisualBuilder.cs"
"Assets/_Game/Art/Buildings/Meshes/BLD_099_Saege_Stuetze.asset";"c84b2d441c086c043bdddc4f39b71ca6";"4300000";"TaperedBox";"24";"12";"(0,0.975,0)";"(0.1,1.95,0.1)";"Assets/_Game/Prefabs/Buildings/Level01/BLD_Sawmill_L01.prefab";"";"Assets/_Game/Editor/BuildingCostContentBuilder.cs | Assets/_Game/Editor/BuildingDoorContentBuilder.cs | Assets/_Game/Editor/BuildingMenuUiBuilder.cs | Assets/_Game/Editor/BuildingPreviewContentBuilder.cs | Assets/_Game/Editor/BuildingRoofContentBuilder.cs | Assets/_Game/Editor/EidrenBuildingVisualBuilder.cs"
"Assets/_Game/Art/Buildings/Meshes/BLD_100_Saege_Stuetze.asset";"7c52bed6c988db04688b43850d8fa9ae";"4300000";"TaperedBox";"24";"12";"(0,0.975,0)";"(0.1,1.95,0.1)";"Assets/_Game/Prefabs/Buildings/Level01/BLD_Sawmill_L01.prefab";"";"Assets/_Game/Editor/BuildingCostContentBuilder.cs | Assets/_Game/Editor/BuildingDoorContentBuilder.cs | Assets/_Game/Editor/BuildingMenuUiBuilder.cs | Assets/_Game/Editor/BuildingPreviewContentBuilder.cs | Assets/_Game/Editor/BuildingRoofContentBuilder.cs | Assets/_Game/Editor/EidrenBuildingVisualBuilder.cs"
"Assets/_Game/Art/Buildings/Meshes/BLD_101_Saege_Ueberkopfbalken.asset";"794bbf0b1dc8b1847a56b27deb6638ed";"4300000";"TaperedBox";"24";"12";"(0,0.05,0)";"(0.8,0.1,0.15)";"Assets/_Game/Prefabs/Buildings/Level01/BLD_Sawmill_L01.prefab";"";"Assets/_Game/Editor/BuildingCostContentBuilder.cs | Assets/_Game/Editor/BuildingDoorContentBuilder.cs | Assets/_Game/Editor/BuildingMenuUiBuilder.cs | Assets/_Game/Editor/BuildingPreviewContentBuilder.cs | Assets/_Game/Editor/BuildingRoofContentBuilder.cs | Assets/_Game/Editor/EidrenBuildingVisualBuilder.cs"
"Assets/_Game/Art/Buildings/Meshes/BLD_102_Saege_Stammholz.asset";"3a899d09029fbe9419eaf9e0bb6fd510";"4300000";"TaperedBox";"24";"12";"(0,0.11,0)";"(0.7,0.22,0.22)";"Assets/_Game/Prefabs/Buildings/Level01/BLD_Sawmill_L01.prefab";"";"Assets/_Game/Editor/BuildingCostContentBuilder.cs | Assets/_Game/Editor/BuildingDoorContentBuilder.cs | Assets/_Game/Editor/BuildingMenuUiBuilder.cs | Assets/_Game/Editor/BuildingPreviewContentBuilder.cs | Assets/_Game/Editor/BuildingRoofContentBuilder.cs | Assets/_Game/Editor/EidrenBuildingVisualBuilder.cs"
"Assets/_Game/Art/Buildings/Meshes/BLD_103_Saege_Saegeblatt.asset";"c08693441b8fc414f893ed316791793d";"4300000";"Wedge";"18";"8";"(0,0.425,0)";"(0.5,0.85,0.03)";"Assets/_Game/Prefabs/Buildings/Level01/BLD_Sawmill_L01.prefab";"";"Assets/_Game/Editor/BuildingCostContentBuilder.cs | Assets/_Game/Editor/BuildingDoorContentBuilder.cs | Assets/_Game/Editor/BuildingMenuUiBuilder.cs | Assets/_Game/Editor/BuildingPreviewContentBuilder.cs | Assets/_Game/Editor/BuildingRoofContentBuilder.cs | Assets/_Game/Editor/EidrenBuildingVisualBuilder.cs"
"Assets/_Game/Art/Buildings/Meshes/BLD_104_Saege_Fuehrung.asset";"1caa50cca2b4ef34bb5bf1fa6bf8000b";"4300000";"TaperedBox";"24";"12";"(0,0.025,0)";"(0.8,0.05,0.06)";"Assets/_Game/Prefabs/Buildings/Level01/BLD_Sawmill_L01.prefab";"";"Assets/_Game/Editor/BuildingCostContentBuilder.cs | Assets/_Game/Editor/BuildingDoorContentBuilder.cs | Assets/_Game/Editor/BuildingMenuUiBuilder.cs | Assets/_Game/Editor/BuildingPreviewContentBuilder.cs | Assets/_Game/Editor/BuildingRoofContentBuilder.cs | Assets/_Game/Editor/EidrenBuildingVisualBuilder.cs"
"Assets/_Game/Art/Buildings/Meshes/BLD_105_Saege_Kurbel.asset";"dafcce497d805354b914c0bf4df0c871";"4300000";"TaperedBox";"24";"12";"(0,0.15,0)";"(0.06,0.3,0.06)";"Assets/_Game/Prefabs/Buildings/Level01/BLD_Sawmill_L01.prefab";"";"Assets/_Game/Editor/BuildingCostContentBuilder.cs | Assets/_Game/Editor/BuildingDoorContentBuilder.cs | Assets/_Game/Editor/BuildingMenuUiBuilder.cs | Assets/_Game/Editor/BuildingPreviewContentBuilder.cs | Assets/_Game/Editor/BuildingRoofContentBuilder.cs | Assets/_Game/Editor/EidrenBuildingVisualBuilder.cs"
"Assets/_Game/Art/Buildings/Meshes/BLD_106_Saege_Kurbelgriff.asset";"14bd031cff4544546938636074b1ec5a";"4300000";"TaperedBox";"24";"12";"(0,0.03,0)";"(0.1,0.06,0.06)";"Assets/_Game/Prefabs/Buildings/Level01/BLD_Sawmill_L01.prefab";"";"Assets/_Game/Editor/BuildingCostContentBuilder.cs | Assets/_Game/Editor/BuildingDoorContentBuilder.cs | Assets/_Game/Editor/BuildingMenuUiBuilder.cs | Assets/_Game/Editor/BuildingPreviewContentBuilder.cs | Assets/_Game/Editor/BuildingRoofContentBuilder.cs | Assets/_Game/Editor/EidrenBuildingVisualBuilder.cs"
"Assets/_Game/Art/Buildings/Meshes/BLD_107_Schmelze_Ofenkorpus.asset";"955acda8d57c79d498fcfb44a4f73272";"4300000";"Loft";"132";"60";"(0,0.75,0)";"(0.831492,1.5,0.831492)";"Assets/_Game/Prefabs/Buildings/Level01/BLD_Smelter_L01.prefab";"";"Assets/_Game/Editor/BuildingCostContentBuilder.cs | Assets/_Game/Editor/BuildingDoorContentBuilder.cs | Assets/_Game/Editor/BuildingMenuUiBuilder.cs | Assets/_Game/Editor/BuildingPreviewContentBuilder.cs | Assets/_Game/Editor/BuildingRoofContentBuilder.cs | Assets/_Game/Editor/EidrenBuildingVisualBuilder.cs"
"Assets/_Game/Art/Buildings/Meshes/BLD_108_Schmelze_Feuerloch.asset";"26a529544f3ab494fa590a0dc415a1d0";"4300000";"TaperedBox";"24";"12";"(0,0.175,0)";"(0.35,0.35,0.08)";"Assets/_Game/Prefabs/Buildings/Level01/BLD_Smelter_L01.prefab";"";"Assets/_Game/Editor/BuildingCostContentBuilder.cs | Assets/_Game/Editor/BuildingDoorContentBuilder.cs | Assets/_Game/Editor/BuildingMenuUiBuilder.cs | Assets/_Game/Editor/BuildingPreviewContentBuilder.cs | Assets/_Game/Editor/BuildingRoofContentBuilder.cs | Assets/_Game/Editor/EidrenBuildingVisualBuilder.cs"
"Assets/_Game/Art/Buildings/Meshes/BLD_109_Schmelze_Kamin.asset";"bfe997dcb9ca48b4889c1c43eba3908b";"4300000";"TaperedBox";"24";"12";"(0,0.175,0)";"(0.25,0.35,0.25)";"Assets/_Game/Prefabs/Buildings/Level01/BLD_Smelter_L01.prefab";"";"Assets/_Game/Editor/BuildingCostContentBuilder.cs | Assets/_Game/Editor/BuildingDoorContentBuilder.cs | Assets/_Game/Editor/BuildingMenuUiBuilder.cs | Assets/_Game/Editor/BuildingPreviewContentBuilder.cs | Assets/_Game/Editor/BuildingRoofContentBuilder.cs | Assets/_Game/Editor/EidrenBuildingVisualBuilder.cs"
"Assets/_Game/Art/Buildings/Meshes/BLD_110_Schmelze_Kaminkappe.asset";"ad5fec3076af73c4d9a93570730acb7e";"4300000";"TaperedBox";"24";"12";"(0,0.075,0)";"(0.3,0.15,0.3)";"Assets/_Game/Prefabs/Buildings/Level01/BLD_Smelter_L01.prefab";"";"Assets/_Game/Editor/BuildingCostContentBuilder.cs | Assets/_Game/Editor/BuildingDoorContentBuilder.cs | Assets/_Game/Editor/BuildingMenuUiBuilder.cs | Assets/_Game/Editor/BuildingPreviewContentBuilder.cs | Assets/_Game/Editor/BuildingRoofContentBuilder.cs | Assets/_Game/Editor/EidrenBuildingVisualBuilder.cs"
"Assets/_Game/Art/Buildings/Meshes/BLD_111_Schmelze_Balg.asset";"cf578d62f164d9a4dbc0a335e7a95aa2";"4300000";"TaperedBox";"24";"12";"(0,0.09,0)";"(0.3,0.18,0.18)";"Assets/_Game/Prefabs/Buildings/Level01/BLD_Smelter_L01.prefab";"";"Assets/_Game/Editor/BuildingCostContentBuilder.cs | Assets/_Game/Editor/BuildingDoorContentBuilder.cs | Assets/_Game/Editor/BuildingMenuUiBuilder.cs | Assets/_Game/Editor/BuildingPreviewContentBuilder.cs | Assets/_Game/Editor/BuildingRoofContentBuilder.cs | Assets/_Game/Editor/EidrenBuildingVisualBuilder.cs"
"Assets/_Game/Art/Buildings/Meshes/BLD_112_Schmelze_Balgduese.asset";"8ff856a3b1779cf4ab4e3cc6712234f5";"4300000";"TaperedBox";"24";"12";"(0,0.04,0)";"(0.15,0.08,0.08)";"Assets/_Game/Prefabs/Buildings/Level01/BLD_Smelter_L01.prefab";"";"Assets/_Game/Editor/BuildingCostContentBuilder.cs | Assets/_Game/Editor/BuildingDoorContentBuilder.cs | Assets/_Game/Editor/BuildingMenuUiBuilder.cs | Assets/_Game/Editor/BuildingPreviewContentBuilder.cs | Assets/_Game/Editor/BuildingRoofContentBuilder.cs | Assets/_Game/Editor/EidrenBuildingVisualBuilder.cs"
"Assets/_Game/Art/Buildings/Meshes/BLD_113_Schmelze_Tiegel.asset";"a43b92a65db5d2c40835472c8a2da878";"4300000";"Loft";"68";"28";"(0,0.07,0)";"(0.184776,0.14,0.184776)";"Assets/_Game/Prefabs/Buildings/Level01/BLD_Smelter_L01.prefab";"";"Assets/_Game/Editor/BuildingCostContentBuilder.cs | Assets/_Game/Editor/BuildingDoorContentBuilder.cs | Assets/_Game/Editor/BuildingMenuUiBuilder.cs | Assets/_Game/Editor/BuildingPreviewContentBuilder.cs | Assets/_Game/Editor/BuildingRoofContentBuilder.cs | Assets/_Game/Editor/EidrenBuildingVisualBuilder.cs"
"Assets/_Game/Art/Buildings/Meshes/BLD_114_Schmelze_Barren.asset";"5fc39196cce5c2940a986378077b8a8a";"4300000";"TaperedBox";"24";"12";"(0,0.03,0)";"(0.12,0.06,0.06)";"Assets/_Game/Prefabs/Buildings/Level01/BLD_Smelter_L01.prefab";"";"Assets/_Game/Editor/BuildingCostContentBuilder.cs | Assets/_Game/Editor/BuildingDoorContentBuilder.cs | Assets/_Game/Editor/BuildingMenuUiBuilder.cs | Assets/_Game/Editor/BuildingPreviewContentBuilder.cs | Assets/_Game/Editor/BuildingRoofContentBuilder.cs | Assets/_Game/Editor/EidrenBuildingVisualBuilder.cs"
"Assets/_Game/Art/Buildings/Meshes/BLD_115_Schmelze_Glutakzent.asset";"a1818bcbbf3bdfe43bb671cdd90bb113";"4300000";"TaperedBox";"24";"12";"(0,0.02,0)";"(0.22,0.04,0.05)";"Assets/_Game/Prefabs/Buildings/Level01/BLD_Smelter_L01.prefab";"";"Assets/_Game/Editor/BuildingCostContentBuilder.cs | Assets/_Game/Editor/BuildingDoorContentBuilder.cs | Assets/_Game/Editor/BuildingMenuUiBuilder.cs | Assets/_Game/Editor/BuildingPreviewContentBuilder.cs | Assets/_Game/Editor/BuildingRoofContentBuilder.cs | Assets/_Game/Editor/EidrenBuildingVisualBuilder.cs"
"Assets/_Game/Art/Buildings/Meshes/BLD_116_Schmelze_Sockel.asset";"1eba4557d13616940a625d314aa055d6";"4300000";"TaperedBox";"24";"12";"(0,0.03,0)";"(0.96,0.06,0.96)";"Assets/_Game/Prefabs/Buildings/Level01/BLD_Smelter_L01.prefab";"";"Assets/_Game/Editor/BuildingCostContentBuilder.cs | Assets/_Game/Editor/BuildingDoorContentBuilder.cs | Assets/_Game/Editor/BuildingMenuUiBuilder.cs | Assets/_Game/Editor/BuildingPreviewContentBuilder.cs | Assets/_Game/Editor/BuildingRoofContentBuilder.cs | Assets/_Game/Editor/EidrenBuildingVisualBuilder.cs"
"Assets/_Game/Art/Buildings/Meshes/BLD_117_Schmelze_Stuetze.asset";"d996ddef9e6bffc429148e58eafdc61c";"4300000";"TaperedBox";"24";"12";"(0,0.05,0)";"(0.1,0.1,0.1)";"Assets/_Game/Prefabs/Buildings/Level01/BLD_Smelter_L01.prefab";"";"Assets/_Game/Editor/BuildingCostContentBuilder.cs | Assets/_Game/Editor/BuildingDoorContentBuilder.cs | Assets/_Game/Editor/BuildingMenuUiBuilder.cs | Assets/_Game/Editor/BuildingPreviewContentBuilder.cs | Assets/_Game/Editor/BuildingRoofContentBuilder.cs | Assets/_Game/Editor/EidrenBuildingVisualBuilder.cs"
"Assets/_Game/Art/Buildings/Meshes/BLD_118_Schmelze_Stuetze.asset";"22e967c6f761e85459bddd1bdd1d3239";"4300000";"TaperedBox";"24";"12";"(0,0.05,0)";"(0.1,0.1,0.1)";"Assets/_Game/Prefabs/Buildings/Level01/BLD_Smelter_L01.prefab";"";"Assets/_Game/Editor/BuildingCostContentBuilder.cs | Assets/_Game/Editor/BuildingDoorContentBuilder.cs | Assets/_Game/Editor/BuildingMenuUiBuilder.cs | Assets/_Game/Editor/BuildingPreviewContentBuilder.cs | Assets/_Game/Editor/BuildingRoofContentBuilder.cs | Assets/_Game/Editor/EidrenBuildingVisualBuilder.cs"
"Assets/_Game/Art/Buildings/Meshes/BLD_119_Stein_Schneideblock.asset";"f0007fde8d2cac040937ae04bf936e51";"4300000";"TaperedBox";"24";"12";"(0,0.2,0)";"(0.85,0.4,0.85)";"Assets/_Game/Prefabs/Buildings/Level01/BLD_Stonecutter_L01.prefab";"";"Assets/_Game/Editor/BuildingCostContentBuilder.cs | Assets/_Game/Editor/BuildingDoorContentBuilder.cs | Assets/_Game/Editor/BuildingMenuUiBuilder.cs | Assets/_Game/Editor/BuildingPreviewContentBuilder.cs | Assets/_Game/Editor/BuildingRoofContentBuilder.cs | Assets/_Game/Editor/EidrenBuildingVisualBuilder.cs"
"Assets/_Game/Art/Buildings/Meshes/BLD_120_Stein_Steinplatte.asset";"4de04aed740e5f94eacae744afdfd9de";"4300000";"TaperedBox";"24";"12";"(0,0.06,0)";"(0.5,0.12,0.4)";"Assets/_Game/Prefabs/Buildings/Level01/BLD_Stonecutter_L01.prefab";"";"Assets/_Game/Editor/BuildingCostContentBuilder.cs | Assets/_Game/Editor/BuildingDoorContentBuilder.cs | Assets/_Game/Editor/BuildingMenuUiBuilder.cs | Assets/_Game/Editor/BuildingPreviewContentBuilder.cs | Assets/_Game/Editor/BuildingRoofContentBuilder.cs | Assets/_Game/Editor/EidrenBuildingVisualBuilder.cs"
"Assets/_Game/Art/Buildings/Meshes/BLD_121_Stein_Klingenrad.asset";"d9a410b0a412a91468f36b1cbfa62e74";"4300000";"Loft";"68";"28";"(0,0.95,0)";"(0.646716,0.1,0.646716)";"Assets/_Game/Prefabs/Buildings/Level01/BLD_Stonecutter_L01.prefab";"";"Assets/_Game/Editor/BuildingCostContentBuilder.cs | Assets/_Game/Editor/BuildingDoorContentBuilder.cs | Assets/_Game/Editor/BuildingMenuUiBuilder.cs | Assets/_Game/Editor/BuildingPreviewContentBuilder.cs | Assets/_Game/Editor/BuildingRoofContentBuilder.cs | Assets/_Game/Editor/EidrenBuildingVisualBuilder.cs"
"Assets/_Game/Art/Buildings/Meshes/BLD_122_Stein_Achse.asset";"b305e8e1fdbb8b24491053d822cfb06d";"4300000";"TaperedBox";"24";"12";"(0,0.25,0)";"(0.06,0.5,0.06)";"Assets/_Game/Prefabs/Buildings/Level01/BLD_Stonecutter_L01.prefab";"";"Assets/_Game/Editor/BuildingCostContentBuilder.cs | Assets/_Game/Editor/BuildingDoorContentBuilder.cs | Assets/_Game/Editor/BuildingMenuUiBuilder.cs | Assets/_Game/Editor/BuildingPreviewContentBuilder.cs | Assets/_Game/Editor/BuildingRoofContentBuilder.cs | Assets/_Game/Editor/EidrenBuildingVisualBuilder.cs"
"Assets/_Game/Art/Buildings/Meshes/BLD_123_Stein_Kurbel.asset";"fa5a0f42c1da1bb448bfc98638d2897e";"4300000";"TaperedBox";"24";"12";"(0,0.14,0)";"(0.05,0.28,0.05)";"Assets/_Game/Prefabs/Buildings/Level01/BLD_Stonecutter_L01.prefab";"";"Assets/_Game/Editor/BuildingCostContentBuilder.cs | Assets/_Game/Editor/BuildingDoorContentBuilder.cs | Assets/_Game/Editor/BuildingMenuUiBuilder.cs | Assets/_Game/Editor/BuildingPreviewContentBuilder.cs | Assets/_Game/Editor/BuildingRoofContentBuilder.cs | Assets/_Game/Editor/EidrenBuildingVisualBuilder.cs"
"Assets/_Game/Art/Buildings/Meshes/BLD_124_Stein_Kurbelgriff.asset";"c617648daa1d22549831a91735f11c76";"4300000";"TaperedBox";"24";"12";"(0,0.025,0)";"(0.08,0.05,0.05)";"Assets/_Game/Prefabs/Buildings/Level01/BLD_Stonecutter_L01.prefab";"";"Assets/_Game/Editor/BuildingCostContentBuilder.cs | Assets/_Game/Editor/BuildingDoorContentBuilder.cs | Assets/_Game/Editor/BuildingMenuUiBuilder.cs | Assets/_Game/Editor/BuildingPreviewContentBuilder.cs | Assets/_Game/Editor/BuildingRoofContentBuilder.cs | Assets/_Game/Editor/EidrenBuildingVisualBuilder.cs"
"Assets/_Game/Art/Buildings/Meshes/BLD_125_Stein_Stuetze.asset";"b6055ed70d3b1fc4982988efb1b500ed";"4300000";"TaperedBox";"24";"12";"(0,0.1,0)";"(0.09,0.2,0.09)";"Assets/_Game/Prefabs/Buildings/Level01/BLD_Stonecutter_L01.prefab";"";"Assets/_Game/Editor/BuildingCostContentBuilder.cs | Assets/_Game/Editor/BuildingDoorContentBuilder.cs | Assets/_Game/Editor/BuildingMenuUiBuilder.cs | Assets/_Game/Editor/BuildingPreviewContentBuilder.cs | Assets/_Game/Editor/BuildingRoofContentBuilder.cs | Assets/_Game/Editor/EidrenBuildingVisualBuilder.cs"
"Assets/_Game/Art/Buildings/Meshes/BLD_126_Stein_Stuetze.asset";"0827d40e5dac8c64289dac85a86f68a0";"4300000";"TaperedBox";"24";"12";"(0,0.1,0)";"(0.09,0.2,0.09)";"Assets/_Game/Prefabs/Buildings/Level01/BLD_Stonecutter_L01.prefab";"";"Assets/_Game/Editor/BuildingCostContentBuilder.cs | Assets/_Game/Editor/BuildingDoorContentBuilder.cs | Assets/_Game/Editor/BuildingMenuUiBuilder.cs | Assets/_Game/Editor/BuildingPreviewContentBuilder.cs | Assets/_Game/Editor/BuildingRoofContentBuilder.cs | Assets/_Game/Editor/EidrenBuildingVisualBuilder.cs"
"Assets/_Game/Art/Buildings/Meshes/BLD_127_Stein_Schnittkerbe.asset";"f213d0f734584334e9b7e98647181c5a";"4300000";"TaperedBox";"24";"12";"(0,0.01,0)";"(0.4,0.02,0.03)";"Assets/_Game/Prefabs/Buildings/Level01/BLD_Stonecutter_L01.prefab";"";"Assets/_Game/Editor/BuildingCostContentBuilder.cs | Assets/_Game/Editor/BuildingDoorContentBuilder.cs | Assets/_Game/Editor/BuildingMenuUiBuilder.cs | Assets/_Game/Editor/BuildingPreviewContentBuilder.cs | Assets/_Game/Editor/BuildingRoofContentBuilder.cs | Assets/_Game/Editor/EidrenBuildingVisualBuilder.cs"
"Assets/_Game/Art/Buildings/Meshes/BLD_128_Seilerei_Gestell.asset";"1d2c49737a498e84f8234d83706dc276";"4300000";"TaperedBox";"24";"12";"(0,0.74,0)";"(0.1,1.48,0.1)";"Assets/_Game/Prefabs/Buildings/Level01/BLD_Ropewalk_L01.prefab";"";"Assets/_Game/Editor/BuildingCostContentBuilder.cs | Assets/_Game/Editor/BuildingDoorContentBuilder.cs | Assets/_Game/Editor/BuildingMenuUiBuilder.cs | Assets/_Game/Editor/BuildingPreviewContentBuilder.cs | Assets/_Game/Editor/BuildingRoofContentBuilder.cs | Assets/_Game/Editor/EidrenBuildingVisualBuilder.cs"
"Assets/_Game/Art/Buildings/Meshes/BLD_129_Seilerei_Gestell.asset";"859d643cbe3c63c4ba281ec344af2adc";"4300000";"TaperedBox";"24";"12";"(0,0.74,0)";"(0.1,1.48,0.1)";"Assets/_Game/Prefabs/Buildings/Level01/BLD_Ropewalk_L01.prefab";"";"Assets/_Game/Editor/BuildingCostContentBuilder.cs | Assets/_Game/Editor/BuildingDoorContentBuilder.cs | Assets/_Game/Editor/BuildingMenuUiBuilder.cs | Assets/_Game/Editor/BuildingPreviewContentBuilder.cs | Assets/_Game/Editor/BuildingRoofContentBuilder.cs | Assets/_Game/Editor/EidrenBuildingVisualBuilder.cs"
"Assets/_Game/Art/Buildings/Meshes/BLD_130_Seilerei_Spannbalken.asset";"f5939684de355d14bb5c4a58bea52e48";"4300000";"TaperedBox";"24";"12";"(0,0.06,0)";"(0.8,0.12,0.12)";"Assets/_Game/Prefabs/Buildings/Level01/BLD_Ropewalk_L01.prefab";"";"Assets/_Game/Editor/BuildingCostContentBuilder.cs | Assets/_Game/Editor/BuildingDoorContentBuilder.cs | Assets/_Game/Editor/BuildingMenuUiBuilder.cs | Assets/_Game/Editor/BuildingPreviewContentBuilder.cs | Assets/_Game/Editor/BuildingRoofContentBuilder.cs | Assets/_Game/Editor/EidrenBuildingVisualBuilder.cs"
"Assets/_Game/Art/Buildings/Meshes/BLD_131_Seilerei_Strang.asset";"357fe2504e49f624da9708cfdd70aadc";"4300000";"TaperedBox";"24";"12";"(0,0.6,0)";"(0.05,1.2,0.05)";"Assets/_Game/Prefabs/Buildings/Level01/BLD_Ropewalk_L01.prefab";"";"Assets/_Game/Editor/BuildingCostContentBuilder.cs | Assets/_Game/Editor/BuildingDoorContentBuilder.cs | Assets/_Game/Editor/BuildingMenuUiBuilder.cs | Assets/_Game/Editor/BuildingPreviewContentBuilder.cs | Assets/_Game/Editor/BuildingRoofContentBuilder.cs | Assets/_Game/Editor/EidrenBuildingVisualBuilder.cs"
"Assets/_Game/Art/Buildings/Meshes/BLD_132_Seilerei_Strang.asset";"416ba16db00000440a8f21499f84003a";"4300000";"TaperedBox";"24";"12";"(0,0.6,0)";"(0.05,1.2,0.05)";"Assets/_Game/Prefabs/Buildings/Level01/BLD_Ropewalk_L01.prefab";"";"Assets/_Game/Editor/BuildingCostContentBuilder.cs | Assets/_Game/Editor/BuildingDoorContentBuilder.cs | Assets/_Game/Editor/BuildingMenuUiBuilder.cs | Assets/_Game/Editor/BuildingPreviewContentBuilder.cs | Assets/_Game/Editor/BuildingRoofContentBuilder.cs | Assets/_Game/Editor/EidrenBuildingVisualBuilder.cs"
"Assets/_Game/Art/Buildings/Meshes/BLD_133_Seilerei_Strang.asset";"67d627a9483021b46bbf978b9b58cd71";"4300000";"TaperedBox";"24";"12";"(0,0.6,0)";"(0.05,1.2,0.05)";"Assets/_Game/Prefabs/Buildings/Level01/BLD_Ropewalk_L01.prefab";"";"Assets/_Game/Editor/BuildingCostContentBuilder.cs | Assets/_Game/Editor/BuildingDoorContentBuilder.cs | Assets/_Game/Editor/BuildingMenuUiBuilder.cs | Assets/_Game/Editor/BuildingPreviewContentBuilder.cs | Assets/_Game/Editor/BuildingRoofContentBuilder.cs | Assets/_Game/Editor/EidrenBuildingVisualBuilder.cs"
"Assets/_Game/Art/Buildings/Meshes/BLD_134_Seilerei_Antriebsrad.asset";"2e27a229eea11414fa964783c67549ab";"4300000";"Loft";"68";"28";"(0,0.1,0)";"(0.323358,0.1,0.323358)";"Assets/_Game/Prefabs/Buildings/Level01/BLD_Ropewalk_L01.prefab";"";"Assets/_Game/Editor/BuildingCostContentBuilder.cs | Assets/_Game/Editor/BuildingDoorContentBuilder.cs | Assets/_Game/Editor/BuildingMenuUiBuilder.cs | Assets/_Game/Editor/BuildingPreviewContentBuilder.cs | Assets/_Game/Editor/BuildingRoofContentBuilder.cs | Assets/_Game/Editor/EidrenBuildingVisualBuilder.cs"
"Assets/_Game/Art/Buildings/Meshes/BLD_135_Seilerei_Seilrolle.asset";"a91f84ab729eb424893c66b251f78b3e";"4300000";"Loft";"68";"28";"(0,0.15,0)";"(0.277164,0.2,0.277164)";"Assets/_Game/Prefabs/Buildings/Level01/BLD_Ropewalk_L01.prefab";"";"Assets/_Game/Editor/BuildingCostContentBuilder.cs | Assets/_Game/Editor/BuildingDoorContentBuilder.cs | Assets/_Game/Editor/BuildingMenuUiBuilder.cs | Assets/_Game/Editor/BuildingPreviewContentBuilder.cs | Assets/_Game/Editor/BuildingRoofContentBuilder.cs | Assets/_Game/Editor/EidrenBuildingVisualBuilder.cs"
"Assets/_Game/Art/Buildings/Meshes/BLD_136_Seilerei_Sockel.asset";"9cf93ad2eb208544caeab314f5ac37b9";"4300000";"TaperedBox";"24";"12";"(0,0.03,0)";"(0.9,0.06,0.9)";"Assets/_Game/Prefabs/Buildings/Level01/BLD_Ropewalk_L01.prefab";"";"Assets/_Game/Editor/BuildingCostContentBuilder.cs | Assets/_Game/Editor/BuildingDoorContentBuilder.cs | Assets/_Game/Editor/BuildingMenuUiBuilder.cs | Assets/_Game/Editor/BuildingPreviewContentBuilder.cs | Assets/_Game/Editor/BuildingRoofContentBuilder.cs | Assets/_Game/Editor/EidrenBuildingVisualBuilder.cs"
"Assets/_Game/Art/Containers/Forge/Meshes/Forge_000_TaperedBox.asset";"0282a1ac68a12f74881f4df22359a8a1";"4300000";"TaperedBox";"24";"12";"(0,0.04,0)";"(1.2508,0.08,0.858)";"Assets/_Game/Prefabs/Containers/Forge/SupplyChest_2D.prefab";"Assets/_Game/Scenes/EidraForge.unity";"Assets/_Game/Editor/EidraForgeEnemyContentBuilder.cs | Assets/_Game/Editor/EidraForgeGeometryBuilder.cs | Assets/_Game/Editor/EidraForgeLichtBuilder.cs | Assets/_Game/Editor/EidraForgeLootAssetBuilder.cs | Assets/_Game/Editor/EidraForgePropBuilder.cs | Assets/_Game/Editor/EidraForgeSceneBuilder.cs | Assets/_Game/Editor/ForgeContainerVisualBuilder.cs | Assets/_Game/Editor/ForgeVisualAssetBuilder.cs"
"Assets/_Game/Art/Containers/Forge/Meshes/Forge_001_TaperedBox.asset";"db08176723eeb4640a94a384076dd1d5";"4300000";"TaperedBox";"24";"12";"(0,0.112,0)";"(1.18,0.224,0.78)";"Assets/_Game/Prefabs/Containers/Forge/SupplyChest_2D.prefab";"Assets/_Game/Scenes/EidraForge.unity";"Assets/_Game/Editor/EidraForgeEnemyContentBuilder.cs | Assets/_Game/Editor/EidraForgeGeometryBuilder.cs | Assets/_Game/Editor/EidraForgeLichtBuilder.cs | Assets/_Game/Editor/EidraForgeLootAssetBuilder.cs | Assets/_Game/Editor/EidraForgePropBuilder.cs | Assets/_Game/Editor/EidraForgeSceneBuilder.cs | Assets/_Game/Editor/ForgeContainerVisualBuilder.cs | Assets/_Game/Editor/ForgeVisualAssetBuilder.cs"
"Assets/_Game/Art/Containers/Forge/Meshes/Forge_002_TaperedBox.asset";"9f764bfe92288324c9acc5b3796332ad";"4300000";"TaperedBox";"24";"12";"(0,0.1,0)";"(1.18,0.2,0.78)";"Assets/_Game/Prefabs/Containers/Forge/SupplyChest_2D.prefab";"Assets/_Game/Scenes/EidraForge.unity";"Assets/_Game/Editor/EidraForgeEnemyContentBuilder.cs | Assets/_Game/Editor/EidraForgeGeometryBuilder.cs | Assets/_Game/Editor/EidraForgeLichtBuilder.cs | Assets/_Game/Editor/EidraForgeLootAssetBuilder.cs | Assets/_Game/Editor/EidraForgePropBuilder.cs | Assets/_Game/Editor/EidraForgeSceneBuilder.cs | Assets/_Game/Editor/ForgeContainerVisualBuilder.cs | Assets/_Game/Editor/ForgeVisualAssetBuilder.cs"
"Assets/_Game/Art/Containers/Forge/Meshes/Forge_003_Loft.asset";"67da0a6b67c9fd24d8773df4945c61f6";"4300000";"Loft";"54";"26";"(0,0.136,0)";"(1.1564,0.272,0.7332)";"Assets/_Game/Prefabs/Containers/Forge/SupplyChest_2D.prefab";"Assets/_Game/Scenes/EidraForge.unity";"Assets/_Game/Editor/EidraForgeEnemyContentBuilder.cs | Assets/_Game/Editor/EidraForgeGeometryBuilder.cs | Assets/_Game/Editor/EidraForgeLichtBuilder.cs | Assets/_Game/Editor/EidraForgeLootAssetBuilder.cs | Assets/_Game/Editor/EidraForgePropBuilder.cs | Assets/_Game/Editor/EidraForgeSceneBuilder.cs | Assets/_Game/Editor/ForgeContainerVisualBuilder.cs | Assets/_Game/Editor/ForgeVisualAssetBuilder.cs"
"Assets/_Game/Art/Containers/Forge/Meshes/Forge_004_TaperedBox.asset";"a7415c4d9fa4550438b0548e04afc9fe";"4300000";"TaperedBox";"24";"12";"(0,0.12,0)";"(0.1888,0.24,0.078)";"Assets/_Game/Prefabs/Containers/Forge/SupplyChest_2D.prefab";"Assets/_Game/Scenes/EidraForge.unity";"Assets/_Game/Editor/EidraForgeEnemyContentBuilder.cs | Assets/_Game/Editor/EidraForgeGeometryBuilder.cs | Assets/_Game/Editor/EidraForgeLichtBuilder.cs | Assets/_Game/Editor/EidraForgeLootAssetBuilder.cs | Assets/_Game/Editor/EidraForgePropBuilder.cs | Assets/_Game/Editor/EidraForgeSceneBuilder.cs | Assets/_Game/Editor/ForgeContainerVisualBuilder.cs | Assets/_Game/Editor/ForgeVisualAssetBuilder.cs"
"Assets/_Game/Art/Containers/Forge/Meshes/Forge_005_TaperedBox.asset";"710f23dd3cb35e04587d7e945618d4b8";"4300000";"TaperedBox";"24";"12";"(0,0.392,0)";"(0.0826,0.784,0.8268)";"Assets/_Game/Prefabs/Containers/Forge/SupplyChest_2D.prefab";"Assets/_Game/Scenes/EidraForge.unity";"Assets/_Game/Editor/EidraForgeEnemyContentBuilder.cs | Assets/_Game/Editor/EidraForgeGeometryBuilder.cs | Assets/_Game/Editor/EidraForgeLichtBuilder.cs | Assets/_Game/Editor/EidraForgeLootAssetBuilder.cs | Assets/_Game/Editor/EidraForgePropBuilder.cs | Assets/_Game/Editor/EidraForgeSceneBuilder.cs | Assets/_Game/Editor/ForgeContainerVisualBuilder.cs | Assets/_Game/Editor/ForgeVisualAssetBuilder.cs"
"Assets/_Game/Art/Containers/Forge/Meshes/Forge_006_TaperedBox.asset";"188bf120677e71548b3e6022b28c103d";"4300000";"TaperedBox";"24";"12";"(0,0.392,0)";"(0.0826,0.784,0.8268)";"Assets/_Game/Prefabs/Containers/Forge/SupplyChest_2D.prefab";"Assets/_Game/Scenes/EidraForge.unity";"Assets/_Game/Editor/EidraForgeEnemyContentBuilder.cs | Assets/_Game/Editor/EidraForgeGeometryBuilder.cs | Assets/_Game/Editor/EidraForgeLichtBuilder.cs | Assets/_Game/Editor/EidraForgeLootAssetBuilder.cs | Assets/_Game/Editor/EidraForgePropBuilder.cs | Assets/_Game/Editor/EidraForgeSceneBuilder.cs | Assets/_Game/Editor/ForgeContainerVisualBuilder.cs | Assets/_Game/Editor/ForgeVisualAssetBuilder.cs"
"Assets/_Game/Art/Containers/Forge/Meshes/Forge_007_TaperedBox.asset";"ad885cc719006ba4ca9434ac6191e034";"4300000";"TaperedBox";"24";"12";"(0,0.0175,0)";"(0.8496,0.035,0.4836)";"Assets/_Game/Prefabs/Containers/Forge/SupplyChest_2D.prefab";"Assets/_Game/Scenes/EidraForge.unity";"Assets/_Game/Editor/EidraForgeEnemyContentBuilder.cs | Assets/_Game/Editor/EidraForgeGeometryBuilder.cs | Assets/_Game/Editor/EidraForgeLichtBuilder.cs | Assets/_Game/Editor/EidraForgeLootAssetBuilder.cs | Assets/_Game/Editor/EidraForgePropBuilder.cs | Assets/_Game/Editor/EidraForgeSceneBuilder.cs | Assets/_Game/Editor/ForgeContainerVisualBuilder.cs | Assets/_Game/Editor/ForgeVisualAssetBuilder.cs"
"Assets/_Game/Art/Containers/Forge/Meshes/Forge_008_TaperedBox.asset";"2603c1cbea16dbc4ba15d8dc9fdb31d3";"4300000";"TaperedBox";"24";"12";"(0,0.0125,0)";"(0.8496,0.025,0.4836)";"Assets/_Game/Prefabs/Containers/Forge/SupplyChest_2D.prefab";"Assets/_Game/Scenes/EidraForge.unity";"Assets/_Game/Editor/EidraForgeEnemyContentBuilder.cs | Assets/_Game/Editor/EidraForgeGeometryBuilder.cs | Assets/_Game/Editor/EidraForgeLichtBuilder.cs | Assets/_Game/Editor/EidraForgeLootAssetBuilder.cs | Assets/_Game/Editor/EidraForgePropBuilder.cs | Assets/_Game/Editor/EidraForgeSceneBuilder.cs | Assets/_Game/Editor/ForgeContainerVisualBuilder.cs | Assets/_Game/Editor/ForgeVisualAssetBuilder.cs"
"Assets/_Game/Art/Containers/Forge/Meshes/Forge_009_TaperedBox.asset";"f6df772a6cc76b740a9c21e12b0cafbc";"4300000";"TaperedBox";"24";"12";"(0,0.064,0)";"(0.472,0.128,0.2808)";"Assets/_Game/Prefabs/Containers/Forge/SupplyChest_2D.prefab";"Assets/_Game/Scenes/EidraForge.unity";"Assets/_Game/Editor/EidraForgeEnemyContentBuilder.cs | Assets/_Game/Editor/EidraForgeGeometryBuilder.cs | Assets/_Game/Editor/EidraForgeLichtBuilder.cs | Assets/_Game/Editor/EidraForgeLootAssetBuilder.cs | Assets/_Game/Editor/EidraForgePropBuilder.cs | Assets/_Game/Editor/EidraForgeSceneBuilder.cs | Assets/_Game/Editor/ForgeContainerVisualBuilder.cs | Assets/_Game/Editor/ForgeVisualAssetBuilder.cs"
"Assets/_Game/Art/Containers/Forge/Meshes/Forge_010_TaperedBox.asset";"87f4ad5313a8d7e4eba67d7bf734e33d";"4300000";"TaperedBox";"24";"12";"(0,0.04,0)";"(0.2832,0.08,0.1716)";"Assets/_Game/Prefabs/Containers/Forge/SupplyChest_2D.prefab";"Assets/_Game/Scenes/EidraForge.unity";"Assets/_Game/Editor/EidraForgeEnemyContentBuilder.cs | Assets/_Game/Editor/EidraForgeGeometryBuilder.cs | Assets/_Game/Editor/EidraForgeLichtBuilder.cs | Assets/_Game/Editor/EidraForgeLootAssetBuilder.cs | Assets/_Game/Editor/EidraForgePropBuilder.cs | Assets/_Game/Editor/EidraForgeSceneBuilder.cs | Assets/_Game/Editor/ForgeContainerVisualBuilder.cs | Assets/_Game/Editor/ForgeVisualAssetBuilder.cs"
"Assets/_Game/Art/Containers/Forge/Meshes/Forge_011_TaperedBox.asset";"f0e8c2a119dfe5945932957fbf636506";"4300000";"TaperedBox";"24";"12";"(0,0.024,0)";"(0.2124,0.048,0.1248)";"Assets/_Game/Prefabs/Containers/Forge/SupplyChest_2D.prefab";"Assets/_Game/Scenes/EidraForge.unity";"Assets/_Game/Editor/EidraForgeEnemyContentBuilder.cs | Assets/_Game/Editor/EidraForgeGeometryBuilder.cs | Assets/_Game/Editor/EidraForgeLichtBuilder.cs | Assets/_Game/Editor/EidraForgeLootAssetBuilder.cs | Assets/_Game/Editor/EidraForgePropBuilder.cs | Assets/_Game/Editor/EidraForgeSceneBuilder.cs | Assets/_Game/Editor/ForgeContainerVisualBuilder.cs | Assets/_Game/Editor/ForgeVisualAssetBuilder.cs"
"Assets/_Game/Art/Containers/Forge/Meshes/Forge_012_TaperedBox.asset";"479b26142e7a9554985a632d689700d4";"4300000";"TaperedBox";"24";"12";"(0,0.04,0)";"(1.325,0.08,0.902)";"Assets/_Game/Prefabs/Containers/Forge/OptionalChest_2D.prefab";"Assets/_Game/Scenes/EidraForge.unity";"Assets/_Game/Editor/EidraForgeEnemyContentBuilder.cs | Assets/_Game/Editor/EidraForgeGeometryBuilder.cs | Assets/_Game/Editor/EidraForgeLichtBuilder.cs | Assets/_Game/Editor/EidraForgeLootAssetBuilder.cs | Assets/_Game/Editor/EidraForgePropBuilder.cs | Assets/_Game/Editor/EidraForgeSceneBuilder.cs | Assets/_Game/Editor/ForgeContainerVisualBuilder.cs | Assets/_Game/Editor/ForgeVisualAssetBuilder.cs"
"Assets/_Game/Art/Containers/Forge/Meshes/Forge_013_TaperedBox.asset";"5c739ad59d1fc0d41acebaf4eb1b2362";"4300000";"TaperedBox";"24";"12";"(0,0.112,0)";"(1.25,0.224,0.82)";"Assets/_Game/Prefabs/Containers/Forge/OptionalChest_2D.prefab";"Assets/_Game/Scenes/EidraForge.unity";"Assets/_Game/Editor/EidraForgeEnemyContentBuilder.cs | Assets/_Game/Editor/EidraForgeGeometryBuilder.cs | Assets/_Game/Editor/EidraForgeLichtBuilder.cs | Assets/_Game/Editor/EidraForgeLootAssetBuilder.cs | Assets/_Game/Editor/EidraForgePropBuilder.cs | Assets/_Game/Editor/EidraForgeSceneBuilder.cs | Assets/_Game/Editor/ForgeContainerVisualBuilder.cs | Assets/_Game/Editor/ForgeVisualAssetBuilder.cs"
"Assets/_Game/Art/Containers/Forge/Meshes/Forge_014_TaperedBox.asset";"b9f7b7f7c9b0edf418b5bff468bdc933";"4300000";"TaperedBox";"24";"12";"(0,0.1,0)";"(1.25,0.2,0.82)";"Assets/_Game/Prefabs/Containers/Forge/OptionalChest_2D.prefab";"Assets/_Game/Scenes/EidraForge.unity";"Assets/_Game/Editor/EidraForgeEnemyContentBuilder.cs | Assets/_Game/Editor/EidraForgeGeometryBuilder.cs | Assets/_Game/Editor/EidraForgeLichtBuilder.cs | Assets/_Game/Editor/EidraForgeLootAssetBuilder.cs | Assets/_Game/Editor/EidraForgePropBuilder.cs | Assets/_Game/Editor/EidraForgeSceneBuilder.cs | Assets/_Game/Editor/ForgeContainerVisualBuilder.cs | Assets/_Game/Editor/ForgeVisualAssetBuilder.cs"
"Assets/_Game/Art/Containers/Forge/Meshes/Forge_015_Loft.asset";"ab9bfa13c4fc0834e9007766515f728b";"4300000";"Loft";"54";"26";"(0,0.136,0)";"(1.225,0.272,0.7708)";"Assets/_Game/Prefabs/Containers/Forge/OptionalChest_2D.prefab";"Assets/_Game/Scenes/EidraForge.unity";"Assets/_Game/Editor/EidraForgeEnemyContentBuilder.cs | Assets/_Game/Editor/EidraForgeGeometryBuilder.cs | Assets/_Game/Editor/EidraForgeLichtBuilder.cs | Assets/_Game/Editor/EidraForgeLootAssetBuilder.cs | Assets/_Game/Editor/EidraForgePropBuilder.cs | Assets/_Game/Editor/EidraForgeSceneBuilder.cs | Assets/_Game/Editor/ForgeContainerVisualBuilder.cs | Assets/_Game/Editor/ForgeVisualAssetBuilder.cs"
"Assets/_Game/Art/Containers/Forge/Meshes/Forge_016_TaperedBox.asset";"22f3edc120464df4d9e45063fa1c9858";"4300000";"TaperedBox";"24";"12";"(0,0.12,0)";"(0.2,0.24,0.082)";"Assets/_Game/Prefabs/Containers/Forge/OptionalChest_2D.prefab";"Assets/_Game/Scenes/EidraForge.unity";"Assets/_Game/Editor/EidraForgeEnemyContentBuilder.cs | Assets/_Game/Editor/EidraForgeGeometryBuilder.cs | Assets/_Game/Editor/EidraForgeLichtBuilder.cs | Assets/_Game/Editor/EidraForgeLootAssetBuilder.cs | Assets/_Game/Editor/EidraForgePropBuilder.cs | Assets/_Game/Editor/EidraForgeSceneBuilder.cs | Assets/_Game/Editor/ForgeContainerVisualBuilder.cs | Assets/_Game/Editor/ForgeVisualAssetBuilder.cs"
"Assets/_Game/Art/Containers/Forge/Meshes/Forge_017_TaperedBox.asset";"f71dc9252e01db144afb89913e0d24c8";"4300000";"TaperedBox";"24";"12";"(0,0.392,0)";"(0.0875,0.784,0.8692)";"Assets/_Game/Prefabs/Containers/Forge/OptionalChest_2D.prefab";"Assets/_Game/Scenes/EidraForge.unity";"Assets/_Game/Editor/EidraForgeEnemyContentBuilder.cs | Assets/_Game/Editor/EidraForgeGeometryBuilder.cs | Assets/_Game/Editor/EidraForgeLichtBuilder.cs | Assets/_Game/Editor/EidraForgeLootAssetBuilder.cs | Assets/_Game/Editor/EidraForgePropBuilder.cs | Assets/_Game/Editor/EidraForgeSceneBuilder.cs | Assets/_Game/Editor/ForgeContainerVisualBuilder.cs | Assets/_Game/Editor/ForgeVisualAssetBuilder.cs"
"Assets/_Game/Art/Containers/Forge/Meshes/Forge_018_TaperedBox.asset";"e80c867b8d82f4247b1f6b3540d76845";"4300000";"TaperedBox";"24";"12";"(0,0.392,0)";"(0.0875,0.784,0.8692)";"Assets/_Game/Prefabs/Containers/Forge/OptionalChest_2D.prefab";"Assets/_Game/Scenes/EidraForge.unity";"Assets/_Game/Editor/EidraForgeEnemyContentBuilder.cs | Assets/_Game/Editor/EidraForgeGeometryBuilder.cs | Assets/_Game/Editor/EidraForgeLichtBuilder.cs | Assets/_Game/Editor/EidraForgeLootAssetBuilder.cs | Assets/_Game/Editor/EidraForgePropBuilder.cs | Assets/_Game/Editor/EidraForgeSceneBuilder.cs | Assets/_Game/Editor/ForgeContainerVisualBuilder.cs | Assets/_Game/Editor/ForgeVisualAssetBuilder.cs"
"Assets/_Game/Art/Containers/Forge/Meshes/Forge_019_TaperedBox.asset";"f23e5ad1935550c439c26af0f7525aa2";"4300000";"TaperedBox";"24";"12";"(0,0.392,0)";"(0.0875,0.784,0.8692)";"Assets/_Game/Prefabs/Containers/Forge/OptionalChest_2D.prefab";"Assets/_Game/Scenes/EidraForge.unity";"Assets/_Game/Editor/EidraForgeEnemyContentBuilder.cs | Assets/_Game/Editor/EidraForgeGeometryBuilder.cs | Assets/_Game/Editor/EidraForgeLichtBuilder.cs | Assets/_Game/Editor/EidraForgeLootAssetBuilder.cs | Assets/_Game/Editor/EidraForgePropBuilder.cs | Assets/_Game/Editor/EidraForgeSceneBuilder.cs | Assets/_Game/Editor/ForgeContainerVisualBuilder.cs | Assets/_Game/Editor/ForgeVisualAssetBuilder.cs"
"Assets/_Game/Art/Containers/Forge/Meshes/Forge_020_TaperedBox.asset";"eb6defbffa343cc468e13388d054ec2c";"4300000";"TaperedBox";"24";"12";"(0,0.1,0)";"(0.12,0.2,0.1)";"Assets/_Game/Prefabs/Containers/Forge/OptionalChest_2D.prefab";"Assets/_Game/Scenes/EidraForge.unity";"Assets/_Game/Editor/EidraForgeEnemyContentBuilder.cs | Assets/_Game/Editor/EidraForgeGeometryBuilder.cs | Assets/_Game/Editor/EidraForgeLichtBuilder.cs | Assets/_Game/Editor/EidraForgeLootAssetBuilder.cs | Assets/_Game/Editor/EidraForgePropBuilder.cs | Assets/_Game/Editor/EidraForgeSceneBuilder.cs | Assets/_Game/Editor/ForgeContainerVisualBuilder.cs | Assets/_Game/Editor/ForgeVisualAssetBuilder.cs"
"Assets/_Game/Art/Containers/Forge/Meshes/Forge_021_TaperedBox.asset";"8df7ec353b28e1f46b1bf71f5dd30ec9";"4300000";"TaperedBox";"24";"12";"(0,0.0175,0)";"(0.9,0.035,0.5084)";"Assets/_Game/Prefabs/Containers/Forge/OptionalChest_2D.prefab";"Assets/_Game/Scenes/EidraForge.unity";"Assets/_Game/Editor/EidraForgeEnemyContentBuilder.cs | Assets/_Game/Editor/EidraForgeGeometryBuilder.cs | Assets/_Game/Editor/EidraForgeLichtBuilder.cs | Assets/_Game/Editor/EidraForgeLootAssetBuilder.cs | Assets/_Game/Editor/EidraForgePropBuilder.cs | Assets/_Game/Editor/EidraForgeSceneBuilder.cs | Assets/_Game/Editor/ForgeContainerVisualBuilder.cs | Assets/_Game/Editor/ForgeVisualAssetBuilder.cs"
"Assets/_Game/Art/Containers/Forge/Meshes/Forge_022_TaperedBox.asset";"9107f1d3f422cbb4fa0c1a557a347622";"4300000";"TaperedBox";"24";"12";"(0,0.0125,0)";"(0.9,0.025,0.5084)";"Assets/_Game/Prefabs/Containers/Forge/OptionalChest_2D.prefab";"Assets/_Game/Scenes/EidraForge.unity";"Assets/_Game/Editor/EidraForgeEnemyContentBuilder.cs | Assets/_Game/Editor/EidraForgeGeometryBuilder.cs | Assets/_Game/Editor/EidraForgeLichtBuilder.cs | Assets/_Game/Editor/EidraForgeLootAssetBuilder.cs | Assets/_Game/Editor/EidraForgePropBuilder.cs | Assets/_Game/Editor/EidraForgeSceneBuilder.cs | Assets/_Game/Editor/ForgeContainerVisualBuilder.cs | Assets/_Game/Editor/ForgeVisualAssetBuilder.cs"
"Assets/_Game/Art/Containers/Forge/Meshes/Forge_023_TaperedBox.asset";"2ad90879a6807ff43b5adcd742f99665";"4300000";"TaperedBox";"24";"12";"(0,0.064,0)";"(0.5,0.128,0.2952)";"Assets/_Game/Prefabs/Containers/Forge/OptionalChest_2D.prefab";"Assets/_Game/Scenes/EidraForge.unity";"Assets/_Game/Editor/EidraForgeEnemyContentBuilder.cs | Assets/_Game/Editor/EidraForgeGeometryBuilder.cs | Assets/_Game/Editor/EidraForgeLichtBuilder.cs | Assets/_Game/Editor/EidraForgeLootAssetBuilder.cs | Assets/_Game/Editor/EidraForgePropBuilder.cs | Assets/_Game/Editor/EidraForgeSceneBuilder.cs | Assets/_Game/Editor/ForgeContainerVisualBuilder.cs | Assets/_Game/Editor/ForgeVisualAssetBuilder.cs"
"Assets/_Game/Art/Containers/Forge/Meshes/Forge_024_TaperedBox.asset";"1c2c8191d54d5814cb8f3571118571a4";"4300000";"TaperedBox";"24";"12";"(0,0.04,0)";"(0.3,0.08,0.1804)";"Assets/_Game/Prefabs/Containers/Forge/OptionalChest_2D.prefab";"Assets/_Game/Scenes/EidraForge.unity";"Assets/_Game/Editor/EidraForgeEnemyContentBuilder.cs | Assets/_Game/Editor/EidraForgeGeometryBuilder.cs | Assets/_Game/Editor/EidraForgeLichtBuilder.cs | Assets/_Game/Editor/EidraForgeLootAssetBuilder.cs | Assets/_Game/Editor/EidraForgePropBuilder.cs | Assets/_Game/Editor/EidraForgeSceneBuilder.cs | Assets/_Game/Editor/ForgeContainerVisualBuilder.cs | Assets/_Game/Editor/ForgeVisualAssetBuilder.cs"
"Assets/_Game/Art/Containers/Forge/Meshes/Forge_025_TaperedBox.asset";"a8a233a0fc8b7a24ca8eb4ea4e64ab7a";"4300000";"TaperedBox";"24";"12";"(0,0.024,0)";"(0.225,0.048,0.1312)";"Assets/_Game/Prefabs/Containers/Forge/OptionalChest_2D.prefab";"Assets/_Game/Scenes/EidraForge.unity";"Assets/_Game/Editor/EidraForgeEnemyContentBuilder.cs | Assets/_Game/Editor/EidraForgeGeometryBuilder.cs | Assets/_Game/Editor/EidraForgeLichtBuilder.cs | Assets/_Game/Editor/EidraForgeLootAssetBuilder.cs | Assets/_Game/Editor/EidraForgePropBuilder.cs | Assets/_Game/Editor/EidraForgeSceneBuilder.cs | Assets/_Game/Editor/ForgeContainerVisualBuilder.cs | Assets/_Game/Editor/ForgeVisualAssetBuilder.cs"
"Assets/_Game/Art/Containers/Forge/Meshes/Forge_026_TaperedBox.asset";"a4f1ddce95e2b1342815e0bf40315cc8";"4300000";"TaperedBox";"24";"12";"(0,0.05,0)";"(1.5052,0.1,1.012)";"Assets/_Game/Prefabs/Containers/Forge/EliteChest_2D.prefab";"Assets/_Game/Scenes/EidraForge.unity";"Assets/_Game/Editor/EidraForgeEnemyContentBuilder.cs | Assets/_Game/Editor/EidraForgeGeometryBuilder.cs | Assets/_Game/Editor/EidraForgeLichtBuilder.cs | Assets/_Game/Editor/EidraForgeLootAssetBuilder.cs | Assets/_Game/Editor/EidraForgePropBuilder.cs | Assets/_Game/Editor/EidraForgeSceneBuilder.cs | Assets/_Game/Editor/ForgeContainerVisualBuilder.cs | Assets/_Game/Editor/ForgeVisualAssetBuilder.cs"
"Assets/_Game/Art/Containers/Forge/Meshes/Forge_027_TaperedBox.asset";"a29227edbbcb88f489e59cd89fba4460";"4300000";"TaperedBox";"24";"12";"(0,0.14,0)";"(1.42,0.28,0.92)";"Assets/_Game/Prefabs/Containers/Forge/EliteChest_2D.prefab";"Assets/_Game/Scenes/EidraForge.unity";"Assets/_Game/Editor/EidraForgeEnemyContentBuilder.cs | Assets/_Game/Editor/EidraForgeGeometryBuilder.cs | Assets/_Game/Editor/EidraForgeLichtBuilder.cs | Assets/_Game/Editor/EidraForgeLootAssetBuilder.cs | Assets/_Game/Editor/EidraForgePropBuilder.cs | Assets/_Game/Editor/EidraForgeSceneBuilder.cs | Assets/_Game/Editor/ForgeContainerVisualBuilder.cs | Assets/_Game/Editor/ForgeVisualAssetBuilder.cs"
"Assets/_Game/Art/Containers/Forge/Meshes/Forge_028_TaperedBox.asset";"e4663420aaead0441a4bad0c1dcc42e1";"4300000";"TaperedBox";"24";"12";"(0,0.125,0)";"(1.42,0.25,0.92)";"Assets/_Game/Prefabs/Containers/Forge/EliteChest_2D.prefab";"Assets/_Game/Scenes/EidraForge.unity";"Assets/_Game/Editor/EidraForgeEnemyContentBuilder.cs | Assets/_Game/Editor/EidraForgeGeometryBuilder.cs | Assets/_Game/Editor/EidraForgeLichtBuilder.cs | Assets/_Game/Editor/EidraForgeLootAssetBuilder.cs | Assets/_Game/Editor/EidraForgePropBuilder.cs | Assets/_Game/Editor/EidraForgeSceneBuilder.cs | Assets/_Game/Editor/ForgeContainerVisualBuilder.cs | Assets/_Game/Editor/ForgeVisualAssetBuilder.cs"
"Assets/_Game/Art/Containers/Forge/Meshes/Forge_029_Loft.asset";"9421eab903b0570499b9fb1ab06575a2";"4300000";"Loft";"54";"26";"(0,0.17,0)";"(1.3916,0.34,0.8648)";"Assets/_Game/Prefabs/Containers/Forge/EliteChest_2D.prefab";"Assets/_Game/Scenes/EidraForge.unity";"Assets/_Game/Editor/EidraForgeEnemyContentBuilder.cs | Assets/_Game/Editor/EidraForgeGeometryBuilder.cs | Assets/_Game/Editor/EidraForgeLichtBuilder.cs | Assets/_Game/Editor/EidraForgeLootAssetBuilder.cs | Assets/_Game/Editor/EidraForgePropBuilder.cs | Assets/_Game/Editor/EidraForgeSceneBuilder.cs | Assets/_Game/Editor/ForgeContainerVisualBuilder.cs | Assets/_Game/Editor/ForgeVisualAssetBuilder.cs"
"Assets/_Game/Art/Containers/Forge/Meshes/Forge_030_TaperedBox.asset";"fd00cef6dedf5cf418f5b6ca64a545ac";"4300000";"TaperedBox";"24";"12";"(0,0.15,0)";"(0.2272,0.3,0.092)";"Assets/_Game/Prefabs/Containers/Forge/EliteChest_2D.prefab";"Assets/_Game/Scenes/EidraForge.unity";"Assets/_Game/Editor/EidraForgeEnemyContentBuilder.cs | Assets/_Game/Editor/EidraForgeGeometryBuilder.cs | Assets/_Game/Editor/EidraForgeLichtBuilder.cs | Assets/_Game/Editor/EidraForgeLootAssetBuilder.cs | Assets/_Game/Editor/EidraForgePropBuilder.cs | Assets/_Game/Editor/EidraForgeSceneBuilder.cs | Assets/_Game/Editor/ForgeContainerVisualBuilder.cs | Assets/_Game/Editor/ForgeVisualAssetBuilder.cs"
"Assets/_Game/Art/Containers/Forge/Meshes/Forge_031_TaperedBox.asset";"359650929d482d847a744bc468bebdf9";"4300000";"TaperedBox";"24";"12";"(0,0.49,0)";"(0.0994,0.98,0.9752)";"Assets/_Game/Prefabs/Containers/Forge/EliteChest_2D.prefab";"Assets/_Game/Scenes/EidraForge.unity";"Assets/_Game/Editor/EidraForgeEnemyContentBuilder.cs | Assets/_Game/Editor/EidraForgeGeometryBuilder.cs | Assets/_Game/Editor/EidraForgeLichtBuilder.cs | Assets/_Game/Editor/EidraForgeLootAssetBuilder.cs | Assets/_Game/Editor/EidraForgePropBuilder.cs | Assets/_Game/Editor/EidraForgeSceneBuilder.cs | Assets/_Game/Editor/ForgeContainerVisualBuilder.cs | Assets/_Game/Editor/ForgeVisualAssetBuilder.cs"
"Assets/_Game/Art/Containers/Forge/Meshes/Forge_032_TaperedBox.asset";"6e2a6976e66b1a04d86986e8b78b142a";"4300000";"TaperedBox";"24";"12";"(0,0.49,0)";"(0.0994,0.98,0.9752)";"Assets/_Game/Prefabs/Containers/Forge/EliteChest_2D.prefab";"Assets/_Game/Scenes/EidraForge.unity";"Assets/_Game/Editor/EidraForgeEnemyContentBuilder.cs | Assets/_Game/Editor/EidraForgeGeometryBuilder.cs | Assets/_Game/Editor/EidraForgeLichtBuilder.cs | Assets/_Game/Editor/EidraForgeLootAssetBuilder.cs | Assets/_Game/Editor/EidraForgePropBuilder.cs | Assets/_Game/Editor/EidraForgeSceneBuilder.cs | Assets/_Game/Editor/ForgeContainerVisualBuilder.cs | Assets/_Game/Editor/ForgeVisualAssetBuilder.cs"
"Assets/_Game/Art/Containers/Forge/Meshes/Forge_033_TaperedBox.asset";"a7c3be9c4fe48594f9589e8ab4887e8c";"4300000";"TaperedBox";"24";"12";"(0,0.49,0)";"(0.0994,0.98,0.9752)";"Assets/_Game/Prefabs/Containers/Forge/EliteChest_2D.prefab";"Assets/_Game/Scenes/EidraForge.unity";"Assets/_Game/Editor/EidraForgeEnemyContentBuilder.cs | Assets/_Game/Editor/EidraForgeGeometryBuilder.cs | Assets/_Game/Editor/EidraForgeLichtBuilder.cs | Assets/_Game/Editor/EidraForgeLootAssetBuilder.cs | Assets/_Game/Editor/EidraForgePropBuilder.cs | Assets/_Game/Editor/EidraForgeSceneBuilder.cs | Assets/_Game/Editor/ForgeContainerVisualBuilder.cs | Assets/_Game/Editor/ForgeVisualAssetBuilder.cs"
"Assets/_Game/Art/Containers/Forge/Meshes/Forge_034_TaperedBox.asset";"65c55015e52bacc409c11daa96cf46c2";"4300000";"TaperedBox";"24";"12";"(0,0.49,0)";"(0.0994,0.98,0.9752)";"Assets/_Game/Prefabs/Containers/Forge/EliteChest_2D.prefab";"Assets/_Game/Scenes/EidraForge.unity";"Assets/_Game/Editor/EidraForgeEnemyContentBuilder.cs | Assets/_Game/Editor/EidraForgeGeometryBuilder.cs | Assets/_Game/Editor/EidraForgeLichtBuilder.cs | Assets/_Game/Editor/EidraForgeLootAssetBuilder.cs | Assets/_Game/Editor/EidraForgePropBuilder.cs | Assets/_Game/Editor/EidraForgeSceneBuilder.cs | Assets/_Game/Editor/ForgeContainerVisualBuilder.cs | Assets/_Game/Editor/ForgeVisualAssetBuilder.cs"
"Assets/_Game/Art/Containers/Forge/Meshes/Forge_035_TaperedBox.asset";"1ca81ff396888bd4fbb9ecb630c5a2bb";"4300000";"TaperedBox";"24";"12";"(0,0.1,0)";"(0.12,0.2,0.1)";"Assets/_Game/Prefabs/Containers/Forge/EliteChest_2D.prefab";"Assets/_Game/Scenes/EidraForge.unity";"Assets/_Game/Editor/EidraForgeEnemyContentBuilder.cs | Assets/_Game/Editor/EidraForgeGeometryBuilder.cs | Assets/_Game/Editor/EidraForgeLichtBuilder.cs | Assets/_Game/Editor/EidraForgeLootAssetBuilder.cs | Assets/_Game/Editor/EidraForgePropBuilder.cs | Assets/_Game/Editor/EidraForgeSceneBuilder.cs | Assets/_Game/Editor/ForgeContainerVisualBuilder.cs | Assets/_Game/Editor/ForgeVisualAssetBuilder.cs"
"Assets/_Game/Art/Containers/Forge/Meshes/Forge_036_TaperedBox.asset";"9f8c8802b1758fd43b1927ba2b34c3ba";"4300000";"TaperedBox";"24";"12";"(0,0.1175,0)";"(0.138,0.235,0.1)";"Assets/_Game/Prefabs/Containers/Forge/EliteChest_2D.prefab";"Assets/_Game/Scenes/EidraForge.unity";"Assets/_Game/Editor/EidraForgeEnemyContentBuilder.cs | Assets/_Game/Editor/EidraForgeGeometryBuilder.cs | Assets/_Game/Editor/EidraForgeLichtBuilder.cs | Assets/_Game/Editor/EidraForgeLootAssetBuilder.cs | Assets/_Game/Editor/EidraForgePropBuilder.cs | Assets/_Game/Editor/EidraForgeSceneBuilder.cs | Assets/_Game/Editor/ForgeContainerVisualBuilder.cs | Assets/_Game/Editor/ForgeVisualAssetBuilder.cs"
"Assets/_Game/Art/Containers/Forge/Meshes/Forge_037_TaperedBox.asset";"647981efa295b934eb79601bc9fda81a";"4300000";"TaperedBox";"24";"12";"(0,0.0175,0)";"(1.0224,0.035,0.5704)";"Assets/_Game/Prefabs/Containers/Forge/EliteChest_2D.prefab";"Assets/_Game/Scenes/EidraForge.unity";"Assets/_Game/Editor/EidraForgeEnemyContentBuilder.cs | Assets/_Game/Editor/EidraForgeGeometryBuilder.cs | Assets/_Game/Editor/EidraForgeLichtBuilder.cs | Assets/_Game/Editor/EidraForgeLootAssetBuilder.cs | Assets/_Game/Editor/EidraForgePropBuilder.cs | Assets/_Game/Editor/EidraForgeSceneBuilder.cs | Assets/_Game/Editor/ForgeContainerVisualBuilder.cs | Assets/_Game/Editor/ForgeVisualAssetBuilder.cs"
"Assets/_Game/Art/Containers/Forge/Meshes/Forge_038_TaperedBox.asset";"f20c892919ebaa54f97a92a2fcfda094";"4300000";"TaperedBox";"24";"12";"(0,0.0125,0)";"(1.0224,0.025,0.5704)";"Assets/_Game/Prefabs/Containers/Forge/EliteChest_2D.prefab";"Assets/_Game/Scenes/EidraForge.unity";"Assets/_Game/Editor/EidraForgeEnemyContentBuilder.cs | Assets/_Game/Editor/EidraForgeGeometryBuilder.cs | Assets/_Game/Editor/EidraForgeLichtBuilder.cs | Assets/_Game/Editor/EidraForgeLootAssetBuilder.cs | Assets/_Game/Editor/EidraForgePropBuilder.cs | Assets/_Game/Editor/EidraForgeSceneBuilder.cs | Assets/_Game/Editor/ForgeContainerVisualBuilder.cs | Assets/_Game/Editor/ForgeVisualAssetBuilder.cs"
"Assets/_Game/Art/Containers/Forge/Meshes/Forge_039_TaperedBox.asset";"154a6ec6a3bf8a5488fcb7e156cd4e33";"4300000";"TaperedBox";"24";"12";"(0,0.08,0)";"(0.568,0.16,0.3312)";"Assets/_Game/Prefabs/Containers/Forge/EliteChest_2D.prefab";"Assets/_Game/Scenes/EidraForge.unity";"Assets/_Game/Editor/EidraForgeEnemyContentBuilder.cs | Assets/_Game/Editor/EidraForgeGeometryBuilder.cs | Assets/_Game/Editor/EidraForgeLichtBuilder.cs | Assets/_Game/Editor/EidraForgeLootAssetBuilder.cs | Assets/_Game/Editor/EidraForgePropBuilder.cs | Assets/_Game/Editor/EidraForgeSceneBuilder.cs | Assets/_Game/Editor/ForgeContainerVisualBuilder.cs | Assets/_Game/Editor/ForgeVisualAssetBuilder.cs"
"Assets/_Game/Art/Containers/Forge/Meshes/Forge_040_TaperedBox.asset";"df54167e741f74f41a15a5c3e1c93091";"4300000";"TaperedBox";"24";"12";"(0,0.05,0)";"(0.3408,0.1,0.2024)";"Assets/_Game/Prefabs/Containers/Forge/EliteChest_2D.prefab";"Assets/_Game/Scenes/EidraForge.unity";"Assets/_Game/Editor/EidraForgeEnemyContentBuilder.cs | Assets/_Game/Editor/EidraForgeGeometryBuilder.cs | Assets/_Game/Editor/EidraForgeLichtBuilder.cs | Assets/_Game/Editor/EidraForgeLootAssetBuilder.cs | Assets/_Game/Editor/EidraForgePropBuilder.cs | Assets/_Game/Editor/EidraForgeSceneBuilder.cs | Assets/_Game/Editor/ForgeContainerVisualBuilder.cs | Assets/_Game/Editor/ForgeVisualAssetBuilder.cs"
"Assets/_Game/Art/Containers/Forge/Meshes/Forge_041_TaperedBox.asset";"2c7b3f1bc59e86940abbca0943040d59";"4300000";"TaperedBox";"24";"12";"(0,0.03,0)";"(0.2556,0.06,0.1472)";"Assets/_Game/Prefabs/Containers/Forge/EliteChest_2D.prefab";"Assets/_Game/Scenes/EidraForge.unity";"Assets/_Game/Editor/EidraForgeEnemyContentBuilder.cs | Assets/_Game/Editor/EidraForgeGeometryBuilder.cs | Assets/_Game/Editor/EidraForgeLichtBuilder.cs | Assets/_Game/Editor/EidraForgeLootAssetBuilder.cs | Assets/_Game/Editor/EidraForgePropBuilder.cs | Assets/_Game/Editor/EidraForgeSceneBuilder.cs | Assets/_Game/Editor/ForgeContainerVisualBuilder.cs | Assets/_Game/Editor/ForgeVisualAssetBuilder.cs"
"Assets/_Game/Art/Containers/Forge/Meshes/Forge_042_TaperedBox.asset";"c3efa774852627b4aba6ccc7149bb139";"4300000";"TaperedBox";"24";"12";"(0,0.06,0)";"(1.7172,0.12,1.122)";"Assets/_Game/Prefabs/Containers/Forge/CompletionChest_2D.prefab";"Assets/_Game/Scenes/EidraForge.unity";"Assets/_Game/Editor/EidraForgeEnemyContentBuilder.cs | Assets/_Game/Editor/EidraForgeGeometryBuilder.cs | Assets/_Game/Editor/EidraForgeLichtBuilder.cs | Assets/_Game/Editor/EidraForgeLootAssetBuilder.cs | Assets/_Game/Editor/EidraForgePropBuilder.cs | Assets/_Game/Editor/EidraForgeSceneBuilder.cs | Assets/_Game/Editor/ForgeContainerVisualBuilder.cs | Assets/_Game/Editor/ForgeVisualAssetBuilder.cs"
"Assets/_Game/Art/Containers/Forge/Meshes/Forge_043_TaperedBox.asset";"38815078ea739064799382360acb8063";"4300000";"TaperedBox";"24";"12";"(0,0.168,0)";"(1.62,0.336,1.02)";"Assets/_Game/Prefabs/Containers/Forge/CompletionChest_2D.prefab";"Assets/_Game/Scenes/EidraForge.unity";"Assets/_Game/Editor/EidraForgeEnemyContentBuilder.cs | Assets/_Game/Editor/EidraForgeGeometryBuilder.cs | Assets/_Game/Editor/EidraForgeLichtBuilder.cs | Assets/_Game/Editor/EidraForgeLootAssetBuilder.cs | Assets/_Game/Editor/EidraForgePropBuilder.cs | Assets/_Game/Editor/EidraForgeSceneBuilder.cs | Assets/_Game/Editor/ForgeContainerVisualBuilder.cs | Assets/_Game/Editor/ForgeVisualAssetBuilder.cs"
"Assets/_Game/Art/Containers/Forge/Meshes/Forge_044_TaperedBox.asset";"65eaba1fc63f37c40a010878a06dbbf6";"4300000";"TaperedBox";"24";"12";"(0,0.15,0)";"(1.62,0.3,1.02)";"Assets/_Game/Prefabs/Containers/Forge/CompletionChest_2D.prefab";"Assets/_Game/Scenes/EidraForge.unity";"Assets/_Game/Editor/EidraForgeEnemyContentBuilder.cs | Assets/_Game/Editor/EidraForgeGeometryBuilder.cs | Assets/_Game/Editor/EidraForgeLichtBuilder.cs | Assets/_Game/Editor/EidraForgeLootAssetBuilder.cs | Assets/_Game/Editor/EidraForgePropBuilder.cs | Assets/_Game/Editor/EidraForgeSceneBuilder.cs | Assets/_Game/Editor/ForgeContainerVisualBuilder.cs | Assets/_Game/Editor/ForgeVisualAssetBuilder.cs"
"Assets/_Game/Art/Containers/Forge/Meshes/Forge_045_Loft.asset";"cff1e51d859865e4388eb2b2d00557c5";"4300000";"Loft";"54";"26";"(0,0.204,0)";"(1.5876,0.408,0.9588)";"Assets/_Game/Prefabs/Containers/Forge/CompletionChest_2D.prefab";"Assets/_Game/Scenes/EidraForge.unity";"Assets/_Game/Editor/EidraForgeEnemyContentBuilder.cs | Assets/_Game/Editor/EidraForgeGeometryBuilder.cs | Assets/_Game/Editor/EidraForgeLichtBuilder.cs | Assets/_Game/Editor/EidraForgeLootAssetBuilder.cs | Assets/_Game/Editor/EidraForgePropBuilder.cs | Assets/_Game/Editor/EidraForgeSceneBuilder.cs | Assets/_Game/Editor/ForgeContainerVisualBuilder.cs | Assets/_Game/Editor/ForgeVisualAssetBuilder.cs"
"Assets/_Game/Art/Containers/Forge/Meshes/Forge_046_TaperedBox.asset";"e110aa8e5b3d2954aad34cfb6e6ce353";"4300000";"TaperedBox";"24";"12";"(0,0.18,0)";"(0.2592,0.36,0.102)";"Assets/_Game/Prefabs/Containers/Forge/CompletionChest_2D.prefab";"Assets/_Game/Scenes/EidraForge.unity";"Assets/_Game/Editor/EidraForgeEnemyContentBuilder.cs | Assets/_Game/Editor/EidraForgeGeometryBuilder.cs | Assets/_Game/Editor/EidraForgeLichtBuilder.cs | Assets/_Game/Editor/EidraForgeLootAssetBuilder.cs | Assets/_Game/Editor/EidraForgePropBuilder.cs | Assets/_Game/Editor/EidraForgeSceneBuilder.cs | Assets/_Game/Editor/ForgeContainerVisualBuilder.cs | Assets/_Game/Editor/ForgeVisualAssetBuilder.cs"
"Assets/_Game/Art/Containers/Forge/Meshes/Forge_047_TaperedBox.asset";"b492733477d7e924b90b6dc6461fada0";"4300000";"TaperedBox";"24";"12";"(0,0.588,0)";"(0.1134,1.176,1.0812)";"Assets/_Game/Prefabs/Containers/Forge/CompletionChest_2D.prefab";"Assets/_Game/Scenes/EidraForge.unity";"Assets/_Game/Editor/EidraForgeEnemyContentBuilder.cs | Assets/_Game/Editor/EidraForgeGeometryBuilder.cs | Assets/_Game/Editor/EidraForgeLichtBuilder.cs | Assets/_Game/Editor/EidraForgeLootAssetBuilder.cs | Assets/_Game/Editor/EidraForgePropBuilder.cs | Assets/_Game/Editor/EidraForgeSceneBuilder.cs | Assets/_Game/Editor/ForgeContainerVisualBuilder.cs | Assets/_Game/Editor/ForgeVisualAssetBuilder.cs"
"Assets/_Game/Art/Containers/Forge/Meshes/Forge_048_TaperedBox.asset";"824027836ae831c46b4cdf75cc641e18";"4300000";"TaperedBox";"24";"12";"(0,0.588,0)";"(0.1134,1.176,1.0812)";"Assets/_Game/Prefabs/Containers/Forge/CompletionChest_2D.prefab";"Assets/_Game/Scenes/EidraForge.unity";"Assets/_Game/Editor/EidraForgeEnemyContentBuilder.cs | Assets/_Game/Editor/EidraForgeGeometryBuilder.cs | Assets/_Game/Editor/EidraForgeLichtBuilder.cs | Assets/_Game/Editor/EidraForgeLootAssetBuilder.cs | Assets/_Game/Editor/EidraForgePropBuilder.cs | Assets/_Game/Editor/EidraForgeSceneBuilder.cs | Assets/_Game/Editor/ForgeContainerVisualBuilder.cs | Assets/_Game/Editor/ForgeVisualAssetBuilder.cs"
"Assets/_Game/Art/Containers/Forge/Meshes/Forge_049_TaperedBox.asset";"636de5cec6715f84086105916f89c959";"4300000";"TaperedBox";"24";"12";"(0,0.588,0)";"(0.1134,1.176,1.0812)";"Assets/_Game/Prefabs/Containers/Forge/CompletionChest_2D.prefab";"Assets/_Game/Scenes/EidraForge.unity";"Assets/_Game/Editor/EidraForgeEnemyContentBuilder.cs | Assets/_Game/Editor/EidraForgeGeometryBuilder.cs | Assets/_Game/Editor/EidraForgeLichtBuilder.cs | Assets/_Game/Editor/EidraForgeLootAssetBuilder.cs | Assets/_Game/Editor/EidraForgePropBuilder.cs | Assets/_Game/Editor/EidraForgeSceneBuilder.cs | Assets/_Game/Editor/ForgeContainerVisualBuilder.cs | Assets/_Game/Editor/ForgeVisualAssetBuilder.cs"
"Assets/_Game/Art/Containers/Forge/Meshes/Forge_050_TaperedBox.asset";"b065e65e430c22346b365e5f26e2f79b";"4300000";"TaperedBox";"24";"12";"(0,0.588,0)";"(0.1134,1.176,1.0812)";"Assets/_Game/Prefabs/Containers/Forge/CompletionChest_2D.prefab";"Assets/_Game/Scenes/EidraForge.unity";"Assets/_Game/Editor/EidraForgeEnemyContentBuilder.cs | Assets/_Game/Editor/EidraForgeGeometryBuilder.cs | Assets/_Game/Editor/EidraForgeLichtBuilder.cs | Assets/_Game/Editor/EidraForgeLootAssetBuilder.cs | Assets/_Game/Editor/EidraForgePropBuilder.cs | Assets/_Game/Editor/EidraForgeSceneBuilder.cs | Assets/_Game/Editor/ForgeContainerVisualBuilder.cs | Assets/_Game/Editor/ForgeVisualAssetBuilder.cs"
"Assets/_Game/Art/Containers/Forge/Meshes/Forge_051_TaperedBox.asset";"515347f64dca1874e96e5e5802d27f41";"4300000";"TaperedBox";"24";"12";"(0,0.588,0)";"(0.1134,1.176,1.0812)";"Assets/_Game/Prefabs/Containers/Forge/CompletionChest_2D.prefab";"Assets/_Game/Scenes/EidraForge.unity";"Assets/_Game/Editor/EidraForgeEnemyContentBuilder.cs | Assets/_Game/Editor/EidraForgeGeometryBuilder.cs | Assets/_Game/Editor/EidraForgeLichtBuilder.cs | Assets/_Game/Editor/EidraForgeLootAssetBuilder.cs | Assets/_Game/Editor/EidraForgePropBuilder.cs | Assets/_Game/Editor/EidraForgeSceneBuilder.cs | Assets/_Game/Editor/ForgeContainerVisualBuilder.cs | Assets/_Game/Editor/ForgeVisualAssetBuilder.cs"
"Assets/_Game/Art/Containers/Forge/Meshes/Forge_052_TaperedBox.asset";"b268462005f2f6b488658864dcb49ac6";"4300000";"TaperedBox";"24";"12";"(0,0.1,0)";"(0.12,0.2,0.1)";"Assets/_Game/Prefabs/Containers/Forge/CompletionChest_2D.prefab";"Assets/_Game/Scenes/EidraForge.unity";"Assets/_Game/Editor/EidraForgeEnemyContentBuilder.cs | Assets/_Game/Editor/EidraForgeGeometryBuilder.cs | Assets/_Game/Editor/EidraForgeLichtBuilder.cs | Assets/_Game/Editor/EidraForgeLootAssetBuilder.cs | Assets/_Game/Editor/EidraForgePropBuilder.cs | Assets/_Game/Editor/EidraForgeSceneBuilder.cs | Assets/_Game/Editor/ForgeContainerVisualBuilder.cs | Assets/_Game/Editor/ForgeVisualAssetBuilder.cs"
"Assets/_Game/Art/Containers/Forge/Meshes/Forge_053_TaperedBox.asset";"b680aa22bc11b804b99a21d4bf6eea2c";"4300000";"TaperedBox";"24";"12";"(0,0.1175,0)";"(0.138,0.235,0.1)";"Assets/_Game/Prefabs/Containers/Forge/CompletionChest_2D.prefab";"Assets/_Game/Scenes/EidraForge.unity";"Assets/_Game/Editor/EidraForgeEnemyContentBuilder.cs | Assets/_Game/Editor/EidraForgeGeometryBuilder.cs | Assets/_Game/Editor/EidraForgeLichtBuilder.cs | Assets/_Game/Editor/EidraForgeLootAssetBuilder.cs | Assets/_Game/Editor/EidraForgePropBuilder.cs | Assets/_Game/Editor/EidraForgeSceneBuilder.cs | Assets/_Game/Editor/ForgeContainerVisualBuilder.cs | Assets/_Game/Editor/ForgeVisualAssetBuilder.cs"
"Assets/_Game/Art/Containers/Forge/Meshes/Forge_054_TaperedBox.asset";"7b4b5ef7b24496d4db26d17ecdd4b45d";"4300000";"TaperedBox";"24";"12";"(0,0.135,0)";"(0.156,0.27,0.1)";"Assets/_Game/Prefabs/Containers/Forge/CompletionChest_2D.prefab";"Assets/_Game/Scenes/EidraForge.unity";"Assets/_Game/Editor/EidraForgeEnemyContentBuilder.cs | Assets/_Game/Editor/EidraForgeGeometryBuilder.cs | Assets/_Game/Editor/EidraForgeLichtBuilder.cs | Assets/_Game/Editor/EidraForgeLootAssetBuilder.cs | Assets/_Game/Editor/EidraForgePropBuilder.cs | Assets/_Game/Editor/EidraForgeSceneBuilder.cs | Assets/_Game/Editor/ForgeContainerVisualBuilder.cs | Assets/_Game/Editor/ForgeVisualAssetBuilder.cs"
"Assets/_Game/Art/Containers/Forge/Meshes/Forge_055_TaperedBox.asset";"e2df439cccbbcba46ae944668ae69708";"4300000";"TaperedBox";"24";"12";"(0,0.0175,0)";"(1.1664,0.035,0.6324)";"Assets/_Game/Prefabs/Containers/Forge/CompletionChest_2D.prefab";"Assets/_Game/Scenes/EidraForge.unity";"Assets/_Game/Editor/EidraForgeEnemyContentBuilder.cs | Assets/_Game/Editor/EidraForgeGeometryBuilder.cs | Assets/_Game/Editor/EidraForgeLichtBuilder.cs | Assets/_Game/Editor/EidraForgeLootAssetBuilder.cs | Assets/_Game/Editor/EidraForgePropBuilder.cs | Assets/_Game/Editor/EidraForgeSceneBuilder.cs | Assets/_Game/Editor/ForgeContainerVisualBuilder.cs | Assets/_Game/Editor/ForgeVisualAssetBuilder.cs"
"Assets/_Game/Art/Containers/Forge/Meshes/Forge_056_TaperedBox.asset";"e2ca9565ff9303747b2c3857d5ceecb1";"4300000";"TaperedBox";"24";"12";"(0,0.0125,0)";"(1.1664,0.025,0.6324)";"Assets/_Game/Prefabs/Containers/Forge/CompletionChest_2D.prefab";"Assets/_Game/Scenes/EidraForge.unity";"Assets/_Game/Editor/EidraForgeEnemyContentBuilder.cs | Assets/_Game/Editor/EidraForgeGeometryBuilder.cs | Assets/_Game/Editor/EidraForgeLichtBuilder.cs | Assets/_Game/Editor/EidraForgeLootAssetBuilder.cs | Assets/_Game/Editor/EidraForgePropBuilder.cs | Assets/_Game/Editor/EidraForgeSceneBuilder.cs | Assets/_Game/Editor/ForgeContainerVisualBuilder.cs | Assets/_Game/Editor/ForgeVisualAssetBuilder.cs"
"Assets/_Game/Art/Containers/Forge/Meshes/Forge_057_TaperedBox.asset";"71acb919800b5e84b86eb2d486b9a88d";"4300000";"TaperedBox";"24";"12";"(0,0.096,0)";"(0.648,0.192,0.3672)";"Assets/_Game/Prefabs/Containers/Forge/CompletionChest_2D.prefab";"Assets/_Game/Scenes/EidraForge.unity";"Assets/_Game/Editor/EidraForgeEnemyContentBuilder.cs | Assets/_Game/Editor/EidraForgeGeometryBuilder.cs | Assets/_Game/Editor/EidraForgeLichtBuilder.cs | Assets/_Game/Editor/EidraForgeLootAssetBuilder.cs | Assets/_Game/Editor/EidraForgePropBuilder.cs | Assets/_Game/Editor/EidraForgeSceneBuilder.cs | Assets/_Game/Editor/ForgeContainerVisualBuilder.cs | Assets/_Game/Editor/ForgeVisualAssetBuilder.cs"
"Assets/_Game/Art/Containers/Forge/Meshes/Forge_058_TaperedBox.asset";"22126f70bd91fef42991e652c2326d98";"4300000";"TaperedBox";"24";"12";"(0,0.06,0)";"(0.3888,0.12,0.2244)";"Assets/_Game/Prefabs/Containers/Forge/CompletionChest_2D.prefab";"Assets/_Game/Scenes/EidraForge.unity";"Assets/_Game/Editor/EidraForgeEnemyContentBuilder.cs | Assets/_Game/Editor/EidraForgeGeometryBuilder.cs | Assets/_Game/Editor/EidraForgeLichtBuilder.cs | Assets/_Game/Editor/EidraForgeLootAssetBuilder.cs | Assets/_Game/Editor/EidraForgePropBuilder.cs | Assets/_Game/Editor/EidraForgeSceneBuilder.cs | Assets/_Game/Editor/ForgeContainerVisualBuilder.cs | Assets/_Game/Editor/ForgeVisualAssetBuilder.cs"
"Assets/_Game/Art/Containers/Forge/Meshes/Forge_059_TaperedBox.asset";"ba4354c7bfdb3d047b78e57a3fc455f6";"4300000";"TaperedBox";"24";"12";"(0,0.036,0)";"(0.2916,0.072,0.1632)";"Assets/_Game/Prefabs/Containers/Forge/CompletionChest_2D.prefab";"Assets/_Game/Scenes/EidraForge.unity";"Assets/_Game/Editor/EidraForgeEnemyContentBuilder.cs | Assets/_Game/Editor/EidraForgeGeometryBuilder.cs | Assets/_Game/Editor/EidraForgeLichtBuilder.cs | Assets/_Game/Editor/EidraForgeLootAssetBuilder.cs | Assets/_Game/Editor/EidraForgePropBuilder.cs | Assets/_Game/Editor/EidraForgeSceneBuilder.cs | Assets/_Game/Editor/ForgeContainerVisualBuilder.cs | Assets/_Game/Editor/ForgeVisualAssetBuilder.cs"
"Assets/_Game/Art/Containers/Forge/Meshes/Forge_060_TaperedBox.asset";"f9e8389488df3554ea6b9c0fbfe813e2";"4300000";"TaperedBox";"24";"12";"(0,0.035,0)";"(1.007,0.07,0.748)";"Assets/_Game/Prefabs/Containers/Forge/SmallRewardChest_2D.prefab";"Assets/_Game/Scenes/EidraForge.unity";"Assets/_Game/Editor/EidraForgeEnemyContentBuilder.cs | Assets/_Game/Editor/EidraForgeGeometryBuilder.cs | Assets/_Game/Editor/EidraForgeLichtBuilder.cs | Assets/_Game/Editor/EidraForgeLootAssetBuilder.cs | Assets/_Game/Editor/EidraForgePropBuilder.cs | Assets/_Game/Editor/EidraForgeSceneBuilder.cs | Assets/_Game/Editor/ForgeContainerVisualBuilder.cs | Assets/_Game/Editor/ForgeVisualAssetBuilder.cs"
"Assets/_Game/Art/Containers/Forge/Meshes/Forge_061_TaperedBox.asset";"4f6e1e91d503a8b47bdb0d0d331bc2c9";"4300000";"TaperedBox";"24";"12";"(0,0.098,0)";"(0.95,0.196,0.68)";"Assets/_Game/Prefabs/Containers/Forge/SmallRewardChest_2D.prefab";"Assets/_Game/Scenes/EidraForge.unity";"Assets/_Game/Editor/EidraForgeEnemyContentBuilder.cs | Assets/_Game/Editor/EidraForgeGeometryBuilder.cs | Assets/_Game/Editor/EidraForgeLichtBuilder.cs | Assets/_Game/Editor/EidraForgeLootAssetBuilder.cs | Assets/_Game/Editor/EidraForgePropBuilder.cs | Assets/_Game/Editor/EidraForgeSceneBuilder.cs | Assets/_Game/Editor/ForgeContainerVisualBuilder.cs | Assets/_Game/Editor/ForgeVisualAssetBuilder.cs"
"Assets/_Game/Art/Containers/Forge/Meshes/Forge_062_TaperedBox.asset";"dac3799e2a50129439069e3b4d9453f1";"4300000";"TaperedBox";"24";"12";"(0,0.0875,0)";"(0.95,0.175,0.68)";"Assets/_Game/Prefabs/Containers/Forge/SmallRewardChest_2D.prefab";"Assets/_Game/Scenes/EidraForge.unity";"Assets/_Game/Editor/EidraForgeEnemyContentBuilder.cs | Assets/_Game/Editor/EidraForgeGeometryBuilder.cs | Assets/_Game/Editor/EidraForgeLichtBuilder.cs | Assets/_Game/Editor/EidraForgeLootAssetBuilder.cs | Assets/_Game/Editor/EidraForgePropBuilder.cs | Assets/_Game/Editor/EidraForgeSceneBuilder.cs | Assets/_Game/Editor/ForgeContainerVisualBuilder.cs | Assets/_Game/Editor/ForgeVisualAssetBuilder.cs"
"Assets/_Game/Art/Containers/Forge/Meshes/Forge_063_Loft.asset";"6c0f9bb737776ab46b502e85ba0dedf8";"4300000";"Loft";"54";"26";"(0,0.119,0)";"(0.931,0.238,0.6392)";"Assets/_Game/Prefabs/Containers/Forge/SmallRewardChest_2D.prefab";"Assets/_Game/Scenes/EidraForge.unity";"Assets/_Game/Editor/EidraForgeEnemyContentBuilder.cs | Assets/_Game/Editor/EidraForgeGeometryBuilder.cs | Assets/_Game/Editor/EidraForgeLichtBuilder.cs | Assets/_Game/Editor/EidraForgeLootAssetBuilder.cs | Assets/_Game/Editor/EidraForgePropBuilder.cs | Assets/_Game/Editor/EidraForgeSceneBuilder.cs | Assets/_Game/Editor/ForgeContainerVisualBuilder.cs | Assets/_Game/Editor/ForgeVisualAssetBuilder.cs"
"Assets/_Game/Art/Containers/Forge/Meshes/Forge_064_TaperedBox.asset";"1bdf97fac2760ba478eeeca7bbe3f5ee";"4300000";"TaperedBox";"24";"12";"(0,0.105,0)";"(0.152,0.21,0.068)";"Assets/_Game/Prefabs/Containers/Forge/SmallRewardChest_2D.prefab";"Assets/_Game/Scenes/EidraForge.unity";"Assets/_Game/Editor/EidraForgeEnemyContentBuilder.cs | Assets/_Game/Editor/EidraForgeGeometryBuilder.cs | Assets/_Game/Editor/EidraForgeLichtBuilder.cs | Assets/_Game/Editor/EidraForgeLootAssetBuilder.cs | Assets/_Game/Editor/EidraForgePropBuilder.cs | Assets/_Game/Editor/EidraForgeSceneBuilder.cs | Assets/_Game/Editor/ForgeContainerVisualBuilder.cs | Assets/_Game/Editor/ForgeVisualAssetBuilder.cs"
"Assets/_Game/Art/Containers/Forge/Meshes/Forge_065_TaperedBox.asset";"e1fedb93be0baca439e52d52be989f29";"4300000";"TaperedBox";"24";"12";"(0,0.343,0)";"(0.0665,0.686,0.7208)";"Assets/_Game/Prefabs/Containers/Forge/SmallRewardChest_2D.prefab";"Assets/_Game/Scenes/EidraForge.unity";"Assets/_Game/Editor/EidraForgeEnemyContentBuilder.cs | Assets/_Game/Editor/EidraForgeGeometryBuilder.cs | Assets/_Game/Editor/EidraForgeLichtBuilder.cs | Assets/_Game/Editor/EidraForgeLootAssetBuilder.cs | Assets/_Game/Editor/EidraForgePropBuilder.cs | Assets/_Game/Editor/EidraForgeSceneBuilder.cs | Assets/_Game/Editor/ForgeContainerVisualBuilder.cs | Assets/_Game/Editor/ForgeVisualAssetBuilder.cs"
"Assets/_Game/Art/Containers/Forge/Meshes/Forge_066_TaperedBox.asset";"eed0f76ad4b0b7e4c9661defe7fbc99d";"4300000";"TaperedBox";"24";"12";"(0,0.1,0)";"(0.12,0.2,0.1)";"Assets/_Game/Prefabs/Containers/Forge/SmallRewardChest_2D.prefab";"Assets/_Game/Scenes/EidraForge.unity";"Assets/_Game/Editor/EidraForgeEnemyContentBuilder.cs | Assets/_Game/Editor/EidraForgeGeometryBuilder.cs | Assets/_Game/Editor/EidraForgeLichtBuilder.cs | Assets/_Game/Editor/EidraForgeLootAssetBuilder.cs | Assets/_Game/Editor/EidraForgePropBuilder.cs | Assets/_Game/Editor/EidraForgeSceneBuilder.cs | Assets/_Game/Editor/ForgeContainerVisualBuilder.cs | Assets/_Game/Editor/ForgeVisualAssetBuilder.cs"
"Assets/_Game/Art/Containers/Forge/Meshes/Forge_067_TaperedBox.asset";"6e4463f4abc943c43994b916475181f4";"4300000";"TaperedBox";"24";"12";"(0,0.0175,0)";"(0.684,0.035,0.4216)";"Assets/_Game/Prefabs/Containers/Forge/SmallRewardChest_2D.prefab";"Assets/_Game/Scenes/EidraForge.unity";"Assets/_Game/Editor/EidraForgeEnemyContentBuilder.cs | Assets/_Game/Editor/EidraForgeGeometryBuilder.cs | Assets/_Game/Editor/EidraForgeLichtBuilder.cs | Assets/_Game/Editor/EidraForgeLootAssetBuilder.cs | Assets/_Game/Editor/EidraForgePropBuilder.cs | Assets/_Game/Editor/EidraForgeSceneBuilder.cs | Assets/_Game/Editor/ForgeContainerVisualBuilder.cs | Assets/_Game/Editor/ForgeVisualAssetBuilder.cs"
"Assets/_Game/Art/Containers/Forge/Meshes/Forge_068_TaperedBox.asset";"048886d9cd6c0ff4cbb8d3387ed0340f";"4300000";"TaperedBox";"24";"12";"(0,0.0125,0)";"(0.684,0.025,0.4216)";"Assets/_Game/Prefabs/Containers/Forge/SmallRewardChest_2D.prefab";"Assets/_Game/Scenes/EidraForge.unity";"Assets/_Game/Editor/EidraForgeEnemyContentBuilder.cs | Assets/_Game/Editor/EidraForgeGeometryBuilder.cs | Assets/_Game/Editor/EidraForgeLichtBuilder.cs | Assets/_Game/Editor/EidraForgeLootAssetBuilder.cs | Assets/_Game/Editor/EidraForgePropBuilder.cs | Assets/_Game/Editor/EidraForgeSceneBuilder.cs | Assets/_Game/Editor/ForgeContainerVisualBuilder.cs | Assets/_Game/Editor/ForgeVisualAssetBuilder.cs"
"Assets/_Game/Art/Containers/Forge/Meshes/Forge_069_TaperedBox.asset";"aadfe0c0c34388749a0c42735f31a336";"4300000";"TaperedBox";"24";"12";"(0,0.056,0)";"(0.38,0.112,0.2448)";"Assets/_Game/Prefabs/Containers/Forge/SmallRewardChest_2D.prefab";"Assets/_Game/Scenes/EidraForge.unity";"Assets/_Game/Editor/EidraForgeEnemyContentBuilder.cs | Assets/_Game/Editor/EidraForgeGeometryBuilder.cs | Assets/_Game/Editor/EidraForgeLichtBuilder.cs | Assets/_Game/Editor/EidraForgeLootAssetBuilder.cs | Assets/_Game/Editor/EidraForgePropBuilder.cs | Assets/_Game/Editor/EidraForgeSceneBuilder.cs | Assets/_Game/Editor/ForgeContainerVisualBuilder.cs | Assets/_Game/Editor/ForgeVisualAssetBuilder.cs"
"Assets/_Game/Art/Containers/Forge/Meshes/Forge_070_TaperedBox.asset";"d698d16b43d05274999b3cd4c7c36168";"4300000";"TaperedBox";"24";"12";"(0,0.035,0)";"(0.228,0.07,0.1496)";"Assets/_Game/Prefabs/Containers/Forge/SmallRewardChest_2D.prefab";"Assets/_Game/Scenes/EidraForge.unity";"Assets/_Game/Editor/EidraForgeEnemyContentBuilder.cs | Assets/_Game/Editor/EidraForgeGeometryBuilder.cs | Assets/_Game/Editor/EidraForgeLichtBuilder.cs | Assets/_Game/Editor/EidraForgeLootAssetBuilder.cs | Assets/_Game/Editor/EidraForgePropBuilder.cs | Assets/_Game/Editor/EidraForgeSceneBuilder.cs | Assets/_Game/Editor/ForgeContainerVisualBuilder.cs | Assets/_Game/Editor/ForgeVisualAssetBuilder.cs"
"Assets/_Game/Art/Containers/Forge/Meshes/Forge_071_TaperedBox.asset";"d1945904c4b66944dbf98b2aabfb2737";"4300000";"TaperedBox";"24";"12";"(0,0.021,0)";"(0.171,0.042,0.1088)";"Assets/_Game/Prefabs/Containers/Forge/SmallRewardChest_2D.prefab";"Assets/_Game/Scenes/EidraForge.unity";"Assets/_Game/Editor/EidraForgeEnemyContentBuilder.cs | Assets/_Game/Editor/EidraForgeGeometryBuilder.cs | Assets/_Game/Editor/EidraForgeLichtBuilder.cs | Assets/_Game/Editor/EidraForgeLootAssetBuilder.cs | Assets/_Game/Editor/EidraForgePropBuilder.cs | Assets/_Game/Editor/EidraForgeSceneBuilder.cs | Assets/_Game/Editor/ForgeContainerVisualBuilder.cs | Assets/_Game/Editor/ForgeVisualAssetBuilder.cs"
"Assets/_Game/Art/Containers/Forge/Meshes/Forge_072_TaperedBox.asset";"73f63b53fbdf5bb4481750d7e97556dc";"4300000";"TaperedBox";"24";"12";"(0,0.045,0)";"(1.272,0.09,0.902)";"Assets/_Game/Prefabs/Containers/Forge/MediumRewardChest_2D.prefab";"Assets/_Game/Scenes/EidraForge.unity";"Assets/_Game/Editor/EidraForgeEnemyContentBuilder.cs | Assets/_Game/Editor/EidraForgeGeometryBuilder.cs | Assets/_Game/Editor/EidraForgeLichtBuilder.cs | Assets/_Game/Editor/EidraForgeLootAssetBuilder.cs | Assets/_Game/Editor/EidraForgePropBuilder.cs | Assets/_Game/Editor/EidraForgeSceneBuilder.cs | Assets/_Game/Editor/ForgeContainerVisualBuilder.cs | Assets/_Game/Editor/ForgeVisualAssetBuilder.cs"
"Assets/_Game/Art/Containers/Forge/Meshes/Forge_073_TaperedBox.asset";"6112ce4f84e9fe149a55011f8c1a2740";"4300000";"TaperedBox";"24";"12";"(0,0.126,0)";"(1.2,0.252,0.82)";"Assets/_Game/Prefabs/Containers/Forge/MediumRewardChest_2D.prefab";"Assets/_Game/Scenes/EidraForge.unity";"Assets/_Game/Editor/EidraForgeEnemyContentBuilder.cs | Assets/_Game/Editor/EidraForgeGeometryBuilder.cs | Assets/_Game/Editor/EidraForgeLichtBuilder.cs | Assets/_Game/Editor/EidraForgeLootAssetBuilder.cs | Assets/_Game/Editor/EidraForgePropBuilder.cs | Assets/_Game/Editor/EidraForgeSceneBuilder.cs | Assets/_Game/Editor/ForgeContainerVisualBuilder.cs | Assets/_Game/Editor/ForgeVisualAssetBuilder.cs"
"Assets/_Game/Art/Containers/Forge/Meshes/Forge_074_TaperedBox.asset";"b509647e823cba44994f28b788ea83d3";"4300000";"TaperedBox";"24";"12";"(0,0.1125,0)";"(1.2,0.225,0.82)";"Assets/_Game/Prefabs/Containers/Forge/MediumRewardChest_2D.prefab";"Assets/_Game/Scenes/EidraForge.unity";"Assets/_Game/Editor/EidraForgeEnemyContentBuilder.cs | Assets/_Game/Editor/EidraForgeGeometryBuilder.cs | Assets/_Game/Editor/EidraForgeLichtBuilder.cs | Assets/_Game/Editor/EidraForgeLootAssetBuilder.cs | Assets/_Game/Editor/EidraForgePropBuilder.cs | Assets/_Game/Editor/EidraForgeSceneBuilder.cs | Assets/_Game/Editor/ForgeContainerVisualBuilder.cs | Assets/_Game/Editor/ForgeVisualAssetBuilder.cs"
"Assets/_Game/Art/Containers/Forge/Meshes/Forge_075_Loft.asset";"9a753a54a82c1b842a41e5e4b7bbe75f";"4300000";"Loft";"54";"26";"(0,0.153,0)";"(1.176,0.306,0.7708)";"Assets/_Game/Prefabs/Containers/Forge/MediumRewardChest_2D.prefab";"Assets/_Game/Scenes/EidraForge.unity";"Assets/_Game/Editor/EidraForgeEnemyContentBuilder.cs | Assets/_Game/Editor/EidraForgeGeometryBuilder.cs | Assets/_Game/Editor/EidraForgeLichtBuilder.cs | Assets/_Game/Editor/EidraForgeLootAssetBuilder.cs | Assets/_Game/Editor/EidraForgePropBuilder.cs | Assets/_Game/Editor/EidraForgeSceneBuilder.cs | Assets/_Game/Editor/ForgeContainerVisualBuilder.cs | Assets/_Game/Editor/ForgeVisualAssetBuilder.cs"
"Assets/_Game/Art/Containers/Forge/Meshes/Forge_076_TaperedBox.asset";"9f8541111c1d12d45b75c12e2dab2750";"4300000";"TaperedBox";"24";"12";"(0,0.135,0)";"(0.192,0.27,0.082)";"Assets/_Game/Prefabs/Containers/Forge/MediumRewardChest_2D.prefab";"Assets/_Game/Scenes/EidraForge.unity";"Assets/_Game/Editor/EidraForgeEnemyContentBuilder.cs | Assets/_Game/Editor/EidraForgeGeometryBuilder.cs | Assets/_Game/Editor/EidraForgeLichtBuilder.cs | Assets/_Game/Editor/EidraForgeLootAssetBuilder.cs | Assets/_Game/Editor/EidraForgePropBuilder.cs | Assets/_Game/Editor/EidraForgeSceneBuilder.cs | Assets/_Game/Editor/ForgeContainerVisualBuilder.cs | Assets/_Game/Editor/ForgeVisualAssetBuilder.cs"
"Assets/_Game/Art/Containers/Forge/Meshes/Forge_077_TaperedBox.asset";"1f502fe373e122c4c80918521bfae932";"4300000";"TaperedBox";"24";"12";"(0,0.441,0)";"(0.084,0.882,0.8692)";"Assets/_Game/Prefabs/Containers/Forge/MediumRewardChest_2D.prefab";"Assets/_Game/Scenes/EidraForge.unity";"Assets/_Game/Editor/EidraForgeEnemyContentBuilder.cs | Assets/_Game/Editor/EidraForgeGeometryBuilder.cs | Assets/_Game/Editor/EidraForgeLichtBuilder.cs | Assets/_Game/Editor/EidraForgeLootAssetBuilder.cs | Assets/_Game/Editor/EidraForgePropBuilder.cs | Assets/_Game/Editor/EidraForgeSceneBuilder.cs | Assets/_Game/Editor/ForgeContainerVisualBuilder.cs | Assets/_Game/Editor/ForgeVisualAssetBuilder.cs"
"Assets/_Game/Art/Containers/Forge/Meshes/Forge_078_TaperedBox.asset";"fdb5cdd0e2954a04a8634a7fcb39e856";"4300000";"TaperedBox";"24";"12";"(0,0.441,0)";"(0.084,0.882,0.8692)";"Assets/_Game/Prefabs/Containers/Forge/MediumRewardChest_2D.prefab";"Assets/_Game/Scenes/EidraForge.unity";"Assets/_Game/Editor/EidraForgeEnemyContentBuilder.cs | Assets/_Game/Editor/EidraForgeGeometryBuilder.cs | Assets/_Game/Editor/EidraForgeLichtBuilder.cs | Assets/_Game/Editor/EidraForgeLootAssetBuilder.cs | Assets/_Game/Editor/EidraForgePropBuilder.cs | Assets/_Game/Editor/EidraForgeSceneBuilder.cs | Assets/_Game/Editor/ForgeContainerVisualBuilder.cs | Assets/_Game/Editor/ForgeVisualAssetBuilder.cs"
"Assets/_Game/Art/Containers/Forge/Meshes/Forge_079_TaperedBox.asset";"2e2fb2faa2455734cbfacdb42e3926aa";"4300000";"TaperedBox";"24";"12";"(0,0.1,0)";"(0.12,0.2,0.1)";"Assets/_Game/Prefabs/Containers/Forge/MediumRewardChest_2D.prefab";"Assets/_Game/Scenes/EidraForge.unity";"Assets/_Game/Editor/EidraForgeEnemyContentBuilder.cs | Assets/_Game/Editor/EidraForgeGeometryBuilder.cs | Assets/_Game/Editor/EidraForgeLichtBuilder.cs | Assets/_Game/Editor/EidraForgeLootAssetBuilder.cs | Assets/_Game/Editor/EidraForgePropBuilder.cs | Assets/_Game/Editor/EidraForgeSceneBuilder.cs | Assets/_Game/Editor/ForgeContainerVisualBuilder.cs | Assets/_Game/Editor/ForgeVisualAssetBuilder.cs"
"Assets/_Game/Art/Containers/Forge/Meshes/Forge_080_TaperedBox.asset";"34ddd2c83980da247821910dbf35c525";"4300000";"TaperedBox";"24";"12";"(0,0.1175,0)";"(0.138,0.235,0.1)";"Assets/_Game/Prefabs/Containers/Forge/MediumRewardChest_2D.prefab";"Assets/_Game/Scenes/EidraForge.unity";"Assets/_Game/Editor/EidraForgeEnemyContentBuilder.cs | Assets/_Game/Editor/EidraForgeGeometryBuilder.cs | Assets/_Game/Editor/EidraForgeLichtBuilder.cs | Assets/_Game/Editor/EidraForgeLootAssetBuilder.cs | Assets/_Game/Editor/EidraForgePropBuilder.cs | Assets/_Game/Editor/EidraForgeSceneBuilder.cs | Assets/_Game/Editor/ForgeContainerVisualBuilder.cs | Assets/_Game/Editor/ForgeVisualAssetBuilder.cs"
"Assets/_Game/Art/Containers/Forge/Meshes/Forge_081_TaperedBox.asset";"82b13a5fde5fa454882b00771203f5a7";"4300000";"TaperedBox";"24";"12";"(0,0.0175,0)";"(0.864,0.035,0.5084)";"Assets/_Game/Prefabs/Containers/Forge/MediumRewardChest_2D.prefab";"Assets/_Game/Scenes/EidraForge.unity";"Assets/_Game/Editor/EidraForgeEnemyContentBuilder.cs | Assets/_Game/Editor/EidraForgeGeometryBuilder.cs | Assets/_Game/Editor/EidraForgeLichtBuilder.cs | Assets/_Game/Editor/EidraForgeLootAssetBuilder.cs | Assets/_Game/Editor/EidraForgePropBuilder.cs | Assets/_Game/Editor/EidraForgeSceneBuilder.cs | Assets/_Game/Editor/ForgeContainerVisualBuilder.cs | Assets/_Game/Editor/ForgeVisualAssetBuilder.cs"
"Assets/_Game/Art/Containers/Forge/Meshes/Forge_082_TaperedBox.asset";"a898dd4246f6ff040a38015900f915e1";"4300000";"TaperedBox";"24";"12";"(0,0.0125,0)";"(0.864,0.025,0.5084)";"Assets/_Game/Prefabs/Containers/Forge/MediumRewardChest_2D.prefab";"Assets/_Game/Scenes/EidraForge.unity";"Assets/_Game/Editor/EidraForgeEnemyContentBuilder.cs | Assets/_Game/Editor/EidraForgeGeometryBuilder.cs | Assets/_Game/Editor/EidraForgeLichtBuilder.cs | Assets/_Game/Editor/EidraForgeLootAssetBuilder.cs | Assets/_Game/Editor/EidraForgePropBuilder.cs | Assets/_Game/Editor/EidraForgeSceneBuilder.cs | Assets/_Game/Editor/ForgeContainerVisualBuilder.cs | Assets/_Game/Editor/ForgeVisualAssetBuilder.cs"
"Assets/_Game/Art/Containers/Forge/Meshes/Forge_083_TaperedBox.asset";"c2b69ce50bf4ded43b71b74a794eca5e";"4300000";"TaperedBox";"24";"12";"(0,0.072,0)";"(0.48,0.144,0.2952)";"Assets/_Game/Prefabs/Containers/Forge/MediumRewardChest_2D.prefab";"Assets/_Game/Scenes/EidraForge.unity";"Assets/_Game/Editor/EidraForgeEnemyContentBuilder.cs | Assets/_Game/Editor/EidraForgeGeometryBuilder.cs | Assets/_Game/Editor/EidraForgeLichtBuilder.cs | Assets/_Game/Editor/EidraForgeLootAssetBuilder.cs | Assets/_Game/Editor/EidraForgePropBuilder.cs | Assets/_Game/Editor/EidraForgeSceneBuilder.cs | Assets/_Game/Editor/ForgeContainerVisualBuilder.cs | Assets/_Game/Editor/ForgeVisualAssetBuilder.cs"
"Assets/_Game/Art/Containers/Forge/Meshes/Forge_084_TaperedBox.asset";"620c295fa1d38e04292e5fa14a9edaff";"4300000";"TaperedBox";"24";"12";"(0,0.045,0)";"(0.288,0.09,0.1804)";"Assets/_Game/Prefabs/Containers/Forge/MediumRewardChest_2D.prefab";"Assets/_Game/Scenes/EidraForge.unity";"Assets/_Game/Editor/EidraForgeEnemyContentBuilder.cs | Assets/_Game/Editor/EidraForgeGeometryBuilder.cs | Assets/_Game/Editor/EidraForgeLichtBuilder.cs | Assets/_Game/Editor/EidraForgeLootAssetBuilder.cs | Assets/_Game/Editor/EidraForgePropBuilder.cs | Assets/_Game/Editor/EidraForgeSceneBuilder.cs | Assets/_Game/Editor/ForgeContainerVisualBuilder.cs | Assets/_Game/Editor/ForgeVisualAssetBuilder.cs"
"Assets/_Game/Art/Containers/Forge/Meshes/Forge_085_TaperedBox.asset";"1666f24e285d74f418c5566b57409cc9";"4300000";"TaperedBox";"24";"12";"(0,0.027,0)";"(0.216,0.054,0.1312)";"Assets/_Game/Prefabs/Containers/Forge/MediumRewardChest_2D.prefab";"Assets/_Game/Scenes/EidraForge.unity";"Assets/_Game/Editor/EidraForgeEnemyContentBuilder.cs | Assets/_Game/Editor/EidraForgeGeometryBuilder.cs | Assets/_Game/Editor/EidraForgeLichtBuilder.cs | Assets/_Game/Editor/EidraForgeLootAssetBuilder.cs | Assets/_Game/Editor/EidraForgePropBuilder.cs | Assets/_Game/Editor/EidraForgeSceneBuilder.cs | Assets/_Game/Editor/ForgeContainerVisualBuilder.cs | Assets/_Game/Editor/ForgeVisualAssetBuilder.cs"
"Assets/_Game/Art/Containers/Forge/Meshes/Forge_086_TaperedBox.asset";"f87bf913c4df8d246b26b69ca2452e68";"4300000";"TaperedBox";"24";"12";"(0,0.06,0)";"(1.643,0.12,1.122)";"Assets/_Game/Prefabs/Containers/Forge/LargeRewardChest_2D.prefab";"Assets/_Game/Scenes/EidraForge.unity";"Assets/_Game/Editor/EidraForgeEnemyContentBuilder.cs | Assets/_Game/Editor/EidraForgeGeometryBuilder.cs | Assets/_Game/Editor/EidraForgeLichtBuilder.cs | Assets/_Game/Editor/EidraForgeLootAssetBuilder.cs | Assets/_Game/Editor/EidraForgePropBuilder.cs | Assets/_Game/Editor/EidraForgeSceneBuilder.cs | Assets/_Game/Editor/ForgeContainerVisualBuilder.cs | Assets/_Game/Editor/ForgeVisualAssetBuilder.cs"
"Assets/_Game/Art/Containers/Forge/Meshes/Forge_087_TaperedBox.asset";"34dc763b71e073749a0e6965aa4ed999";"4300000";"TaperedBox";"24";"12";"(0,0.168,0)";"(1.55,0.336,1.02)";"Assets/_Game/Prefabs/Containers/Forge/LargeRewardChest_2D.prefab";"Assets/_Game/Scenes/EidraForge.unity";"Assets/_Game/Editor/EidraForgeEnemyContentBuilder.cs | Assets/_Game/Editor/EidraForgeGeometryBuilder.cs | Assets/_Game/Editor/EidraForgeLichtBuilder.cs | Assets/_Game/Editor/EidraForgeLootAssetBuilder.cs | Assets/_Game/Editor/EidraForgePropBuilder.cs | Assets/_Game/Editor/EidraForgeSceneBuilder.cs | Assets/_Game/Editor/ForgeContainerVisualBuilder.cs | Assets/_Game/Editor/ForgeVisualAssetBuilder.cs"
"Assets/_Game/Art/Containers/Forge/Meshes/Forge_088_TaperedBox.asset";"9dd034f94929795458b2fc45f70dfd0c";"4300000";"TaperedBox";"24";"12";"(0,0.15,0)";"(1.55,0.3,1.02)";"Assets/_Game/Prefabs/Containers/Forge/LargeRewardChest_2D.prefab";"Assets/_Game/Scenes/EidraForge.unity";"Assets/_Game/Editor/EidraForgeEnemyContentBuilder.cs | Assets/_Game/Editor/EidraForgeGeometryBuilder.cs | Assets/_Game/Editor/EidraForgeLichtBuilder.cs | Assets/_Game/Editor/EidraForgeLootAssetBuilder.cs | Assets/_Game/Editor/EidraForgePropBuilder.cs | Assets/_Game/Editor/EidraForgeSceneBuilder.cs | Assets/_Game/Editor/ForgeContainerVisualBuilder.cs | Assets/_Game/Editor/ForgeVisualAssetBuilder.cs"
"Assets/_Game/Art/Containers/Forge/Meshes/Forge_089_Loft.asset";"f9522789967db2c4a9d052070eca7542";"4300000";"Loft";"54";"26";"(0,0.204,0)";"(1.519,0.408,0.9588)";"Assets/_Game/Prefabs/Containers/Forge/LargeRewardChest_2D.prefab";"Assets/_Game/Scenes/EidraForge.unity";"Assets/_Game/Editor/EidraForgeEnemyContentBuilder.cs | Assets/_Game/Editor/EidraForgeGeometryBuilder.cs | Assets/_Game/Editor/EidraForgeLichtBuilder.cs | Assets/_Game/Editor/EidraForgeLootAssetBuilder.cs | Assets/_Game/Editor/EidraForgePropBuilder.cs | Assets/_Game/Editor/EidraForgeSceneBuilder.cs | Assets/_Game/Editor/ForgeContainerVisualBuilder.cs | Assets/_Game/Editor/ForgeVisualAssetBuilder.cs"
"Assets/_Game/Art/Containers/Forge/Meshes/Forge_090_TaperedBox.asset";"f23c48af7aa18fd4f882b63f2a0c456d";"4300000";"TaperedBox";"24";"12";"(0,0.18,0)";"(0.248,0.36,0.102)";"Assets/_Game/Prefabs/Containers/Forge/LargeRewardChest_2D.prefab";"Assets/_Game/Scenes/EidraForge.unity";"Assets/_Game/Editor/EidraForgeEnemyContentBuilder.cs | Assets/_Game/Editor/EidraForgeGeometryBuilder.cs | Assets/_Game/Editor/EidraForgeLichtBuilder.cs | Assets/_Game/Editor/EidraForgeLootAssetBuilder.cs | Assets/_Game/Editor/EidraForgePropBuilder.cs | Assets/_Game/Editor/EidraForgeSceneBuilder.cs | Assets/_Game/Editor/ForgeContainerVisualBuilder.cs | Assets/_Game/Editor/ForgeVisualAssetBuilder.cs"
"Assets/_Game/Art/Containers/Forge/Meshes/Forge_091_TaperedBox.asset";"8bd7ea906312dc84e81bd7db5be4201f";"4300000";"TaperedBox";"24";"12";"(0,0.588,0)";"(0.1085,1.176,1.0812)";"Assets/_Game/Prefabs/Containers/Forge/LargeRewardChest_2D.prefab";"Assets/_Game/Scenes/EidraForge.unity";"Assets/_Game/Editor/EidraForgeEnemyContentBuilder.cs | Assets/_Game/Editor/EidraForgeGeometryBuilder.cs | Assets/_Game/Editor/EidraForgeLichtBuilder.cs | Assets/_Game/Editor/EidraForgeLootAssetBuilder.cs | Assets/_Game/Editor/EidraForgePropBuilder.cs | Assets/_Game/Editor/EidraForgeSceneBuilder.cs | Assets/_Game/Editor/ForgeContainerVisualBuilder.cs | Assets/_Game/Editor/ForgeVisualAssetBuilder.cs"
"Assets/_Game/Art/Containers/Forge/Meshes/Forge_092_TaperedBox.asset";"10ba064e95b0c69499ae978601d1b1ed";"4300000";"TaperedBox";"24";"12";"(0,0.588,0)";"(0.1085,1.176,1.0812)";"Assets/_Game/Prefabs/Containers/Forge/LargeRewardChest_2D.prefab";"Assets/_Game/Scenes/EidraForge.unity";"Assets/_Game/Editor/EidraForgeEnemyContentBuilder.cs | Assets/_Game/Editor/EidraForgeGeometryBuilder.cs | Assets/_Game/Editor/EidraForgeLichtBuilder.cs | Assets/_Game/Editor/EidraForgeLootAssetBuilder.cs | Assets/_Game/Editor/EidraForgePropBuilder.cs | Assets/_Game/Editor/EidraForgeSceneBuilder.cs | Assets/_Game/Editor/ForgeContainerVisualBuilder.cs | Assets/_Game/Editor/ForgeVisualAssetBuilder.cs"
"Assets/_Game/Art/Containers/Forge/Meshes/Forge_093_TaperedBox.asset";"b914984ae59db8a49af1ba3f3a68e5cd";"4300000";"TaperedBox";"24";"12";"(0,0.588,0)";"(0.1085,1.176,1.0812)";"Assets/_Game/Prefabs/Containers/Forge/LargeRewardChest_2D.prefab";"Assets/_Game/Scenes/EidraForge.unity";"Assets/_Game/Editor/EidraForgeEnemyContentBuilder.cs | Assets/_Game/Editor/EidraForgeGeometryBuilder.cs | Assets/_Game/Editor/EidraForgeLichtBuilder.cs | Assets/_Game/Editor/EidraForgeLootAssetBuilder.cs | Assets/_Game/Editor/EidraForgePropBuilder.cs | Assets/_Game/Editor/EidraForgeSceneBuilder.cs | Assets/_Game/Editor/ForgeContainerVisualBuilder.cs | Assets/_Game/Editor/ForgeVisualAssetBuilder.cs"
"Assets/_Game/Art/Containers/Forge/Meshes/Forge_094_TaperedBox.asset";"238c775717bcbee4aaf9282a4f850ac2";"4300000";"TaperedBox";"24";"12";"(0,0.588,0)";"(0.1085,1.176,1.0812)";"Assets/_Game/Prefabs/Containers/Forge/LargeRewardChest_2D.prefab";"Assets/_Game/Scenes/EidraForge.unity";"Assets/_Game/Editor/EidraForgeEnemyContentBuilder.cs | Assets/_Game/Editor/EidraForgeGeometryBuilder.cs | Assets/_Game/Editor/EidraForgeLichtBuilder.cs | Assets/_Game/Editor/EidraForgeLootAssetBuilder.cs | Assets/_Game/Editor/EidraForgePropBuilder.cs | Assets/_Game/Editor/EidraForgeSceneBuilder.cs | Assets/_Game/Editor/ForgeContainerVisualBuilder.cs | Assets/_Game/Editor/ForgeVisualAssetBuilder.cs"
"Assets/_Game/Art/Containers/Forge/Meshes/Forge_095_TaperedBox.asset";"5795027bd6f9fc04881eacd4dd7f3f85";"4300000";"TaperedBox";"24";"12";"(0,0.1,0)";"(0.12,0.2,0.1)";"Assets/_Game/Prefabs/Containers/Forge/LargeRewardChest_2D.prefab";"Assets/_Game/Scenes/EidraForge.unity";"Assets/_Game/Editor/EidraForgeEnemyContentBuilder.cs | Assets/_Game/Editor/EidraForgeGeometryBuilder.cs | Assets/_Game/Editor/EidraForgeLichtBuilder.cs | Assets/_Game/Editor/EidraForgeLootAssetBuilder.cs | Assets/_Game/Editor/EidraForgePropBuilder.cs | Assets/_Game/Editor/EidraForgeSceneBuilder.cs | Assets/_Game/Editor/ForgeContainerVisualBuilder.cs | Assets/_Game/Editor/ForgeVisualAssetBuilder.cs"
"Assets/_Game/Art/Containers/Forge/Meshes/Forge_096_TaperedBox.asset";"2c1aa478b0287824a9628773b333a5b1";"4300000";"TaperedBox";"24";"12";"(0,0.1175,0)";"(0.138,0.235,0.1)";"Assets/_Game/Prefabs/Containers/Forge/LargeRewardChest_2D.prefab";"Assets/_Game/Scenes/EidraForge.unity";"Assets/_Game/Editor/EidraForgeEnemyContentBuilder.cs | Assets/_Game/Editor/EidraForgeGeometryBuilder.cs | Assets/_Game/Editor/EidraForgeLichtBuilder.cs | Assets/_Game/Editor/EidraForgeLootAssetBuilder.cs | Assets/_Game/Editor/EidraForgePropBuilder.cs | Assets/_Game/Editor/EidraForgeSceneBuilder.cs | Assets/_Game/Editor/ForgeContainerVisualBuilder.cs | Assets/_Game/Editor/ForgeVisualAssetBuilder.cs"
"Assets/_Game/Art/Containers/Forge/Meshes/Forge_097_TaperedBox.asset";"59fbfd83dbe3264409ddbbd93fa46cf3";"4300000";"TaperedBox";"24";"12";"(0,0.135,0)";"(0.156,0.27,0.1)";"Assets/_Game/Prefabs/Containers/Forge/LargeRewardChest_2D.prefab";"Assets/_Game/Scenes/EidraForge.unity";"Assets/_Game/Editor/EidraForgeEnemyContentBuilder.cs | Assets/_Game/Editor/EidraForgeGeometryBuilder.cs | Assets/_Game/Editor/EidraForgeLichtBuilder.cs | Assets/_Game/Editor/EidraForgeLootAssetBuilder.cs | Assets/_Game/Editor/EidraForgePropBuilder.cs | Assets/_Game/Editor/EidraForgeSceneBuilder.cs | Assets/_Game/Editor/ForgeContainerVisualBuilder.cs | Assets/_Game/Editor/ForgeVisualAssetBuilder.cs"
"Assets/_Game/Art/Containers/Forge/Meshes/Forge_098_TaperedBox.asset";"44b4aa5b3f038384785707e3fd2e3cd9";"4300000";"TaperedBox";"24";"12";"(0,0.0175,0)";"(1.116,0.035,0.6324)";"Assets/_Game/Prefabs/Containers/Forge/LargeRewardChest_2D.prefab";"Assets/_Game/Scenes/EidraForge.unity";"Assets/_Game/Editor/EidraForgeEnemyContentBuilder.cs | Assets/_Game/Editor/EidraForgeGeometryBuilder.cs | Assets/_Game/Editor/EidraForgeLichtBuilder.cs | Assets/_Game/Editor/EidraForgeLootAssetBuilder.cs | Assets/_Game/Editor/EidraForgePropBuilder.cs | Assets/_Game/Editor/EidraForgeSceneBuilder.cs | Assets/_Game/Editor/ForgeContainerVisualBuilder.cs | Assets/_Game/Editor/ForgeVisualAssetBuilder.cs"
"Assets/_Game/Art/Containers/Forge/Meshes/Forge_099_TaperedBox.asset";"420f15e631ba0bb4ab4ad087463f800b";"4300000";"TaperedBox";"24";"12";"(0,0.0125,0)";"(1.116,0.025,0.6324)";"Assets/_Game/Prefabs/Containers/Forge/LargeRewardChest_2D.prefab";"Assets/_Game/Scenes/EidraForge.unity";"Assets/_Game/Editor/EidraForgeEnemyContentBuilder.cs | Assets/_Game/Editor/EidraForgeGeometryBuilder.cs | Assets/_Game/Editor/EidraForgeLichtBuilder.cs | Assets/_Game/Editor/EidraForgeLootAssetBuilder.cs | Assets/_Game/Editor/EidraForgePropBuilder.cs | Assets/_Game/Editor/EidraForgeSceneBuilder.cs | Assets/_Game/Editor/ForgeContainerVisualBuilder.cs | Assets/_Game/Editor/ForgeVisualAssetBuilder.cs"
"Assets/_Game/Art/Containers/Forge/Meshes/Forge_100_TaperedBox.asset";"8597252262939684ba0901c229f93f80";"4300000";"TaperedBox";"24";"12";"(0,0.096,0)";"(0.62,0.192,0.3672)";"Assets/_Game/Prefabs/Containers/Forge/LargeRewardChest_2D.prefab";"Assets/_Game/Scenes/EidraForge.unity";"Assets/_Game/Editor/EidraForgeEnemyContentBuilder.cs | Assets/_Game/Editor/EidraForgeGeometryBuilder.cs | Assets/_Game/Editor/EidraForgeLichtBuilder.cs | Assets/_Game/Editor/EidraForgeLootAssetBuilder.cs | Assets/_Game/Editor/EidraForgePropBuilder.cs | Assets/_Game/Editor/EidraForgeSceneBuilder.cs | Assets/_Game/Editor/ForgeContainerVisualBuilder.cs | Assets/_Game/Editor/ForgeVisualAssetBuilder.cs"
"Assets/_Game/Art/Containers/Forge/Meshes/Forge_101_TaperedBox.asset";"fe4f6b06a951c5d489f7de2c4e35b406";"4300000";"TaperedBox";"24";"12";"(0,0.06,0)";"(0.372,0.12,0.2244)";"Assets/_Game/Prefabs/Containers/Forge/LargeRewardChest_2D.prefab";"Assets/_Game/Scenes/EidraForge.unity";"Assets/_Game/Editor/EidraForgeEnemyContentBuilder.cs | Assets/_Game/Editor/EidraForgeGeometryBuilder.cs | Assets/_Game/Editor/EidraForgeLichtBuilder.cs | Assets/_Game/Editor/EidraForgeLootAssetBuilder.cs | Assets/_Game/Editor/EidraForgePropBuilder.cs | Assets/_Game/Editor/EidraForgeSceneBuilder.cs | Assets/_Game/Editor/ForgeContainerVisualBuilder.cs | Assets/_Game/Editor/ForgeVisualAssetBuilder.cs"
"Assets/_Game/Art/Containers/Forge/Meshes/Forge_102_TaperedBox.asset";"bf5fb9cb117d9d646bc8d3a2d6a4d113";"4300000";"TaperedBox";"24";"12";"(0,0.036,0)";"(0.279,0.072,0.1632)";"Assets/_Game/Prefabs/Containers/Forge/LargeRewardChest_2D.prefab";"Assets/_Game/Scenes/EidraForge.unity";"Assets/_Game/Editor/EidraForgeEnemyContentBuilder.cs | Assets/_Game/Editor/EidraForgeGeometryBuilder.cs | Assets/_Game/Editor/EidraForgeLichtBuilder.cs | Assets/_Game/Editor/EidraForgeLootAssetBuilder.cs | Assets/_Game/Editor/EidraForgePropBuilder.cs | Assets/_Game/Editor/EidraForgeSceneBuilder.cs | Assets/_Game/Editor/ForgeContainerVisualBuilder.cs | Assets/_Game/Editor/ForgeVisualAssetBuilder.cs"
"Assets/_Game/Art/Containers/Forge/Meshes/Forge_103_TaperedBox.asset";"9a3d1d204e0c04f4c8b6cc7434c4ab79";"4300000";"TaperedBox";"24";"12";"(0,0.04,0)";"(1.537,0.08,0.902)";"Assets/_Game/Prefabs/Containers/Forge/RecoveryContainer_2D.prefab";"Assets/_Game/Scenes/EidraForge.unity";"Assets/_Game/Editor/EidraForgeEnemyContentBuilder.cs | Assets/_Game/Editor/EidraForgeGeometryBuilder.cs | Assets/_Game/Editor/EidraForgeLichtBuilder.cs | Assets/_Game/Editor/EidraForgeLootAssetBuilder.cs | Assets/_Game/Editor/EidraForgePropBuilder.cs | Assets/_Game/Editor/EidraForgeSceneBuilder.cs | Assets/_Game/Editor/ForgeContainerVisualBuilder.cs | Assets/_Game/Editor/ForgeVisualAssetBuilder.cs"
"Assets/_Game/Art/Containers/Forge/Meshes/Forge_104_TaperedBox.asset";"6f66db94046474d4f8a64037d960ea5d";"4300000";"TaperedBox";"24";"12";"(0,0.112,0)";"(1.45,0.224,0.82)";"Assets/_Game/Prefabs/Containers/Forge/RecoveryContainer_2D.prefab";"Assets/_Game/Scenes/EidraForge.unity";"Assets/_Game/Editor/EidraForgeEnemyContentBuilder.cs | Assets/_Game/Editor/EidraForgeGeometryBuilder.cs | Assets/_Game/Editor/EidraForgeLichtBuilder.cs | Assets/_Game/Editor/EidraForgeLootAssetBuilder.cs | Assets/_Game/Editor/EidraForgePropBuilder.cs | Assets/_Game/Editor/EidraForgeSceneBuilder.cs | Assets/_Game/Editor/ForgeContainerVisualBuilder.cs | Assets/_Game/Editor/ForgeVisualAssetBuilder.cs"
"Assets/_Game/Art/Containers/Forge/Meshes/Forge_105_TaperedBox.asset";"6f72858207136c2479cc409835044693";"4300000";"TaperedBox";"24";"12";"(0,0.1,0)";"(1.45,0.2,0.82)";"Assets/_Game/Prefabs/Containers/Forge/RecoveryContainer_2D.prefab";"Assets/_Game/Scenes/EidraForge.unity";"Assets/_Game/Editor/EidraForgeEnemyContentBuilder.cs | Assets/_Game/Editor/EidraForgeGeometryBuilder.cs | Assets/_Game/Editor/EidraForgeLichtBuilder.cs | Assets/_Game/Editor/EidraForgeLootAssetBuilder.cs | Assets/_Game/Editor/EidraForgePropBuilder.cs | Assets/_Game/Editor/EidraForgeSceneBuilder.cs | Assets/_Game/Editor/ForgeContainerVisualBuilder.cs | Assets/_Game/Editor/ForgeVisualAssetBuilder.cs"
"Assets/_Game/Art/Containers/Forge/Meshes/Forge_106_Loft.asset";"e08826f518d3b4641834d7d550e9a3fd";"4300000";"Loft";"54";"26";"(0,0.136,0)";"(1.421,0.272,0.7708)";"Assets/_Game/Prefabs/Containers/Forge/RecoveryContainer_2D.prefab";"Assets/_Game/Scenes/EidraForge.unity";"Assets/_Game/Editor/EidraForgeEnemyContentBuilder.cs | Assets/_Game/Editor/EidraForgeGeometryBuilder.cs | Assets/_Game/Editor/EidraForgeLichtBuilder.cs | Assets/_Game/Editor/EidraForgeLootAssetBuilder.cs | Assets/_Game/Editor/EidraForgePropBuilder.cs | Assets/_Game/Editor/EidraForgeSceneBuilder.cs | Assets/_Game/Editor/ForgeContainerVisualBuilder.cs | Assets/_Game/Editor/ForgeVisualAssetBuilder.cs"
"Assets/_Game/Art/Containers/Forge/Meshes/Forge_107_TaperedBox.asset";"61b863f2af43cc041be0524469fee51e";"4300000";"TaperedBox";"24";"12";"(0,0.12,0)";"(0.232,0.24,0.082)";"Assets/_Game/Prefabs/Containers/Forge/RecoveryContainer_2D.prefab";"Assets/_Game/Scenes/EidraForge.unity";"Assets/_Game/Editor/EidraForgeEnemyContentBuilder.cs | Assets/_Game/Editor/EidraForgeGeometryBuilder.cs | Assets/_Game/Editor/EidraForgeLichtBuilder.cs | Assets/_Game/Editor/EidraForgeLootAssetBuilder.cs | Assets/_Game/Editor/EidraForgePropBuilder.cs | Assets/_Game/Editor/EidraForgeSceneBuilder.cs | Assets/_Game/Editor/ForgeContainerVisualBuilder.cs | Assets/_Game/Editor/ForgeVisualAssetBuilder.cs"
"Assets/_Game/Art/Containers/Forge/Meshes/Forge_108_TaperedBox.asset";"08cd01e0c0ed9e34e8c0da823d39521d";"4300000";"TaperedBox";"24";"12";"(0,0.392,0)";"(0.1015,0.784,0.8692)";"Assets/_Game/Prefabs/Containers/Forge/RecoveryContainer_2D.prefab";"Assets/_Game/Scenes/EidraForge.unity";"Assets/_Game/Editor/EidraForgeEnemyContentBuilder.cs | Assets/_Game/Editor/EidraForgeGeometryBuilder.cs | Assets/_Game/Editor/EidraForgeLichtBuilder.cs | Assets/_Game/Editor/EidraForgeLootAssetBuilder.cs | Assets/_Game/Editor/EidraForgePropBuilder.cs | Assets/_Game/Editor/EidraForgeSceneBuilder.cs | Assets/_Game/Editor/ForgeContainerVisualBuilder.cs | Assets/_Game/Editor/ForgeVisualAssetBuilder.cs"
"Assets/_Game/Art/Containers/Forge/Meshes/Forge_109_TaperedBox.asset";"0d3b04d6347f91445864c3a29f1ace57";"4300000";"TaperedBox";"24";"12";"(0,0.392,0)";"(0.1015,0.784,0.8692)";"Assets/_Game/Prefabs/Containers/Forge/RecoveryContainer_2D.prefab";"Assets/_Game/Scenes/EidraForge.unity";"Assets/_Game/Editor/EidraForgeEnemyContentBuilder.cs | Assets/_Game/Editor/EidraForgeGeometryBuilder.cs | Assets/_Game/Editor/EidraForgeLichtBuilder.cs | Assets/_Game/Editor/EidraForgeLootAssetBuilder.cs | Assets/_Game/Editor/EidraForgePropBuilder.cs | Assets/_Game/Editor/EidraForgeSceneBuilder.cs | Assets/_Game/Editor/ForgeContainerVisualBuilder.cs | Assets/_Game/Editor/ForgeVisualAssetBuilder.cs"
"Assets/_Game/Art/Containers/Forge/Meshes/Forge_110_TaperedBox.asset";"35b2cb90d8b257e439645b4123ee9043";"4300000";"TaperedBox";"24";"12";"(0,0.392,0)";"(0.1015,0.784,0.8692)";"Assets/_Game/Prefabs/Containers/Forge/RecoveryContainer_2D.prefab";"Assets/_Game/Scenes/EidraForge.unity";"Assets/_Game/Editor/EidraForgeEnemyContentBuilder.cs | Assets/_Game/Editor/EidraForgeGeometryBuilder.cs | Assets/_Game/Editor/EidraForgeLichtBuilder.cs | Assets/_Game/Editor/EidraForgeLootAssetBuilder.cs | Assets/_Game/Editor/EidraForgePropBuilder.cs | Assets/_Game/Editor/EidraForgeSceneBuilder.cs | Assets/_Game/Editor/ForgeContainerVisualBuilder.cs | Assets/_Game/Editor/ForgeVisualAssetBuilder.cs"
"Assets/_Game/Art/Containers/Forge/Meshes/Forge_111_TaperedBox.asset";"f1e9e8875e702fd4491d7820414f5d67";"4300000";"TaperedBox";"24";"12";"(0,0.1,0)";"(0.12,0.2,0.1)";"Assets/_Game/Prefabs/Containers/Forge/RecoveryContainer_2D.prefab";"Assets/_Game/Scenes/EidraForge.unity";"Assets/_Game/Editor/EidraForgeEnemyContentBuilder.cs | Assets/_Game/Editor/EidraForgeGeometryBuilder.cs | Assets/_Game/Editor/EidraForgeLichtBuilder.cs | Assets/_Game/Editor/EidraForgeLootAssetBuilder.cs | Assets/_Game/Editor/EidraForgePropBuilder.cs | Assets/_Game/Editor/EidraForgeSceneBuilder.cs | Assets/_Game/Editor/ForgeContainerVisualBuilder.cs | Assets/_Game/Editor/ForgeVisualAssetBuilder.cs"
"Assets/_Game/Art/Containers/Forge/Meshes/Forge_112_TaperedBox.asset";"9b9e50b7cec2e4341a1fb7d32d1d8564";"4300000";"TaperedBox";"24";"12";"(0,0.1175,0)";"(0.138,0.235,0.1)";"Assets/_Game/Prefabs/Containers/Forge/RecoveryContainer_2D.prefab";"Assets/_Game/Scenes/EidraForge.unity";"Assets/_Game/Editor/EidraForgeEnemyContentBuilder.cs | Assets/_Game/Editor/EidraForgeGeometryBuilder.cs | Assets/_Game/Editor/EidraForgeLichtBuilder.cs | Assets/_Game/Editor/EidraForgeLootAssetBuilder.cs | Assets/_Game/Editor/EidraForgePropBuilder.cs | Assets/_Game/Editor/EidraForgeSceneBuilder.cs | Assets/_Game/Editor/ForgeContainerVisualBuilder.cs | Assets/_Game/Editor/ForgeVisualAssetBuilder.cs"
"Assets/_Game/Art/Containers/Forge/Meshes/Forge_113_TaperedBox.asset";"b40f8a369b0949244b4e43bc18adaed2";"4300000";"TaperedBox";"24";"12";"(0,0.135,0)";"(0.156,0.27,0.1)";"Assets/_Game/Prefabs/Containers/Forge/RecoveryContainer_2D.prefab";"Assets/_Game/Scenes/EidraForge.unity";"Assets/_Game/Editor/EidraForgeEnemyContentBuilder.cs | Assets/_Game/Editor/EidraForgeGeometryBuilder.cs | Assets/_Game/Editor/EidraForgeLichtBuilder.cs | Assets/_Game/Editor/EidraForgeLootAssetBuilder.cs | Assets/_Game/Editor/EidraForgePropBuilder.cs | Assets/_Game/Editor/EidraForgeSceneBuilder.cs | Assets/_Game/Editor/ForgeContainerVisualBuilder.cs | Assets/_Game/Editor/ForgeVisualAssetBuilder.cs"
"Assets/_Game/Art/Containers/Forge/Meshes/Forge_114_TaperedBox.asset";"070da388fb7163e45b3077ddb36f9fc7";"4300000";"TaperedBox";"24";"12";"(0,0.1525,0)";"(0.174,0.305,0.1)";"Assets/_Game/Prefabs/Containers/Forge/RecoveryContainer_2D.prefab";"Assets/_Game/Scenes/EidraForge.unity";"Assets/_Game/Editor/EidraForgeEnemyContentBuilder.cs | Assets/_Game/Editor/EidraForgeGeometryBuilder.cs | Assets/_Game/Editor/EidraForgeLichtBuilder.cs | Assets/_Game/Editor/EidraForgeLootAssetBuilder.cs | Assets/_Game/Editor/EidraForgePropBuilder.cs | Assets/_Game/Editor/EidraForgeSceneBuilder.cs | Assets/_Game/Editor/ForgeContainerVisualBuilder.cs | Assets/_Game/Editor/ForgeVisualAssetBuilder.cs"
"Assets/_Game/Art/Containers/Forge/Meshes/Forge_115_TaperedBox.asset";"79e635d9a3316c04daecb84c478374fa";"4300000";"TaperedBox";"24";"12";"(0,0.0175,0)";"(1.044,0.035,0.5084)";"Assets/_Game/Prefabs/Containers/Forge/RecoveryContainer_2D.prefab";"Assets/_Game/Scenes/EidraForge.unity";"Assets/_Game/Editor/EidraForgeEnemyContentBuilder.cs | Assets/_Game/Editor/EidraForgeGeometryBuilder.cs | Assets/_Game/Editor/EidraForgeLichtBuilder.cs | Assets/_Game/Editor/EidraForgeLootAssetBuilder.cs | Assets/_Game/Editor/EidraForgePropBuilder.cs | Assets/_Game/Editor/EidraForgeSceneBuilder.cs | Assets/_Game/Editor/ForgeContainerVisualBuilder.cs | Assets/_Game/Editor/ForgeVisualAssetBuilder.cs"
"Assets/_Game/Art/Containers/Forge/Meshes/Forge_116_TaperedBox.asset";"b9646a25d72742a4195a83b3ab1fa7ac";"4300000";"TaperedBox";"24";"12";"(0,0.0125,0)";"(1.044,0.025,0.5084)";"Assets/_Game/Prefabs/Containers/Forge/RecoveryContainer_2D.prefab";"Assets/_Game/Scenes/EidraForge.unity";"Assets/_Game/Editor/EidraForgeEnemyContentBuilder.cs | Assets/_Game/Editor/EidraForgeGeometryBuilder.cs | Assets/_Game/Editor/EidraForgeLichtBuilder.cs | Assets/_Game/Editor/EidraForgeLootAssetBuilder.cs | Assets/_Game/Editor/EidraForgePropBuilder.cs | Assets/_Game/Editor/EidraForgeSceneBuilder.cs | Assets/_Game/Editor/ForgeContainerVisualBuilder.cs | Assets/_Game/Editor/ForgeVisualAssetBuilder.cs"
"Assets/_Game/Art/Containers/Forge/Meshes/Forge_117_TaperedBox.asset";"91261f8312b0bd34dbe50aae7583f201";"4300000";"TaperedBox";"24";"12";"(0,0.064,0)";"(0.58,0.128,0.2952)";"Assets/_Game/Prefabs/Containers/Forge/RecoveryContainer_2D.prefab";"Assets/_Game/Scenes/EidraForge.unity";"Assets/_Game/Editor/EidraForgeEnemyContentBuilder.cs | Assets/_Game/Editor/EidraForgeGeometryBuilder.cs | Assets/_Game/Editor/EidraForgeLichtBuilder.cs | Assets/_Game/Editor/EidraForgeLootAssetBuilder.cs | Assets/_Game/Editor/EidraForgePropBuilder.cs | Assets/_Game/Editor/EidraForgeSceneBuilder.cs | Assets/_Game/Editor/ForgeContainerVisualBuilder.cs | Assets/_Game/Editor/ForgeVisualAssetBuilder.cs"
"Assets/_Game/Art/Containers/Forge/Meshes/Forge_118_TaperedBox.asset";"b8cad6c8f079b4440af64c48eeee29bd";"4300000";"TaperedBox";"24";"12";"(0,0.04,0)";"(0.348,0.08,0.1804)";"Assets/_Game/Prefabs/Containers/Forge/RecoveryContainer_2D.prefab";"Assets/_Game/Scenes/EidraForge.unity";"Assets/_Game/Editor/EidraForgeEnemyContentBuilder.cs | Assets/_Game/Editor/EidraForgeGeometryBuilder.cs | Assets/_Game/Editor/EidraForgeLichtBuilder.cs | Assets/_Game/Editor/EidraForgeLootAssetBuilder.cs | Assets/_Game/Editor/EidraForgePropBuilder.cs | Assets/_Game/Editor/EidraForgeSceneBuilder.cs | Assets/_Game/Editor/ForgeContainerVisualBuilder.cs | Assets/_Game/Editor/ForgeVisualAssetBuilder.cs"
"Assets/_Game/Art/Containers/Forge/Meshes/Forge_119_TaperedBox.asset";"37f6d4825052abf43b121cc808dca335";"4300000";"TaperedBox";"24";"12";"(0,0.024,0)";"(0.261,0.048,0.1312)";"Assets/_Game/Prefabs/Containers/Forge/RecoveryContainer_2D.prefab";"Assets/_Game/Scenes/EidraForge.unity";"Assets/_Game/Editor/EidraForgeEnemyContentBuilder.cs | Assets/_Game/Editor/EidraForgeGeometryBuilder.cs | Assets/_Game/Editor/EidraForgeLichtBuilder.cs | Assets/_Game/Editor/EidraForgeLootAssetBuilder.cs | Assets/_Game/Editor/EidraForgePropBuilder.cs | Assets/_Game/Editor/EidraForgeSceneBuilder.cs | Assets/_Game/Editor/ForgeContainerVisualBuilder.cs | Assets/_Game/Editor/ForgeVisualAssetBuilder.cs"
"Assets/_Game/Art/Geometry/Meshes/CookingPotHero/CookingPot_AshBed.asset";"d76227d5e812f264ba12475ae6f10ca2";"4300000";"CookingPot_AshBed";"42";"14";"(0.004012,-0.00002,0.002886)";"(0.971976,0.006438,0.970808)";"";"";""
"Assets/_Game/Art/Geometry/Meshes/CookingPotHero/CookingPot_Broth.asset";"28738154cd3f88945a73546a5b5e7b2a";"4300000";"CookingPot_Broth";"42";"14";"(0.002675,-0.000013,0.001924)";"(0.704651,0.004292,0.702452)";"";"";""
"Assets/_Game/Art/Geometry/Meshes/CookingPotHero/CookingPot_CopperRim.asset";"b3ed91f15de7cb94087c6ee1b9273e86";"4300000";"CookingPot_CopperRim";"504";"168";"(0,0,0)";"(0.97,0.060622,0.94568)";"";"";""
"Assets/_Game/Art/Geometry/Meshes/CookingPotHero/CookingPot_EmberChunk.asset";"4a8512c569c18834f993d76bde16b0dd";"4300000";"CookingPot_EmberChunk";"105";"35";"(-0.013514,0.0425,-0.003672)";"(0.225362,0.085,0.219655)";"";"";""
"Assets/_Game/Art/Geometry/Meshes/CookingPotHero/CookingPot_Handle.asset";"36fcd1954fe4b31498fc4c88eda1df71";"4300000";"CookingPot_Handle";"252";"84";"(0,1.022834,-0.01)";"(1.045598,0.501128,0.048)";"";"";""
"Assets/_Game/Art/Geometry/Meshes/CookingPotHero/CookingPot_HearthHoop.asset";"3c1e78cb02a5c0b429afbd48393151db";"4300000";"CookingPot_HearthHoop";"480";"160";"(0,0,0)";"(1.424,0.041846,1.424)";"";"";""
"Assets/_Game/Art/Geometry/Meshes/CookingPotHero/CookingPot_HearthStone_A.asset";"0fcd0e061d2a35a4d8b7e8fe548a1425";"4300000";"CookingPot_HearthStone_A";"168";"56";"(-0.021427,0.095,-0.023323)";"(0.487696,0.19,0.385468)";"";"";""
"Assets/_Game/Art/Geometry/Meshes/CookingPotHero/CookingPot_HearthStone_B.asset";"25cbf2c07019c774fba92a40789d179a";"4300000";"CookingPot_HearthStone_B";"189";"63";"(-0.00124,0.08,0.025846)";"(0.476309,0.16,0.445159)";"";"";""
"Assets/_Game/Art/Geometry/Meshes/CookingPotHero/CookingPot_HearthStone_C.asset";"6a7632c8ae83d3e4bba291f6a9c5f345";"4300000";"CookingPot_HearthStone_C";"168";"56";"(0.016051,0.085,0.009729)";"(0.510066,0.17,0.380121)";"";"";""
"Assets/_Game/Art/Geometry/Meshes/CookingPotHero/CookingPot_Hook.asset";"fb8da9a53c0553d4481de98166195d57";"4300000";"CookingPot_Hook";"108";"36";"(0.006186,1.129932,0.091431)";"(0.083628,0.324876,0.167953)";"";"";""
"Assets/_Game/Art/Geometry/Meshes/CookingPotHero/CookingPot_IngredientChunk.asset";"9775eac3438a6a548bc150f053674b87";"4300000";"CookingPot_IngredientChunk";"105";"35";"(-0.006017,0.045,0.00172)";"(0.195346,0.09,0.175881)";"";"";""
"Assets/_Game/Art/Geometry/Meshes/CookingPotHero/CookingPot_LadleHandle.asset";"adccdad255a206740a8129da2c850eee";"4300000";"CookingPot_LadleHandle";"108";"36";"(0.402629,0.697588,-0.301307)";"(0.270714,0.591407,0.42807)";"";"";""
"Assets/_Game/Art/Geometry/Meshes/CookingPotHero/CookingPot_OpenCauldron.asset";"31c1733802b0c3f41b408b08efc87084";"4300000";"CookingPot_OpenCauldron";"546";"182";"(0,0.3,0)";"(0.979008,0.6,0.964272)";"";"";""
"Assets/_Game/Art/Geometry/Meshes/CookingPotHero/CookingPot_Timber_Left.asset";"12517b9d2eb73c848872380071afcbe0";"4300000";"CookingPot_Timber_Left";"126";"42";"(-0.094587,0.727776,0.211808)";"(1.440516,1.341554,0.175789)";"";"";""
"Assets/_Game/Art/Geometry/Meshes/CookingPotHero/CookingPot_Timber_Right.asset";"b225f317446ce8c438f294a8ab41af55";"4300000";"CookingPot_Timber_Right";"126";"42";"(0.104158,0.716114,0.235793)";"(1.420841,1.322874,0.20954)";"";"";""
"Assets/_Game/Art/Geometry/Meshes/CopperOreHero/CopperOre_BrokenFace.asset";"64687e1801330f14699e6ddd4f5b9730";"4300000";"CopperOre_BrokenFace";"300";"100";"(0.009062,0.24,0.000819)";"(0.883313,0.48,0.387429)";"";"";""
"Assets/_Game/Art/Geometry/Meshes/CopperOreHero/CopperOre_Crystal.asset";"037cff6e92a168e4dbf4d7038f69f6e0";"4300000";"CopperOre_Crystal";"63";"21";"(0.024758,0.5,0)";"(0.950485,1,0.974928)";"";"";""
"Assets/_Game/Art/Geometry/Meshes/CopperOreHero/CopperOre_HeroRock.asset";"0135d470ed2f45e4689c21f74f70dfa1";"4300000";"CopperOre_HeroRock";"588";"196";"(0.013704,0.52,-0.00045)";"(1.727322,1.04,1.4683)";"";"";""
"Assets/_Game/Art/Geometry/Meshes/CopperOreHero/CopperOre_Nugget.asset";"ff271b2b3ae3dea40bb7ace923c26fac";"4300000";"CopperOre_Nugget";"192";"64";"(0.00001,0.07,0.001175)";"(0.220247,0.14,0.167174)";"";"";""
"Assets/_Game/Art/Geometry/Meshes/CopperOreHero/CopperOre_Pebble.asset";"9406f9b91b1ba9348a22ff9f2e967079";"4300000";"CopperOre_Pebble";"192";"64";"(-0.00126,0.065,-0.006827)";"(0.342368,0.13,0.269559)";"";"";""
"Assets/_Game/Art/Geometry/Meshes/CopperOreHero/CopperOre_ShoulderRock.asset";"603d3bf9755081848b1a2c0914abd1f8";"4300000";"CopperOre_ShoulderRock";"396";"132";"(0.01025,0.34,-0.026804)";"(0.900601,0.68,0.839401)";"";"";""
"Assets/_Game/Art/Geometry/Meshes/CopperOreHero/CopperPatina_0.asset";"08916acfca458674c9051795e5a0cbe1";"4300000";"CopperPatina_0";"84";"28";"(-0.295243,0.430066,-0.769981)";"(0.516541,0.199263,0.115882)";"";"";""
"Assets/_Game/Art/Geometry/Meshes/CopperOreHero/CopperPatina_1.asset";"523d00d5ebb4b124c8558e76e06f3385";"4300000";"CopperPatina_1";"84";"28";"(0.405322,0.824985,-0.519808)";"(0.097876,0.207846,0.329554)";"";"";""
"Assets/_Game/Art/Geometry/Meshes/CopperOreHero/CopperVein_Crack_0.asset";"e0351c48428cb524084f202fae4d9fea";"4300000";"CopperVein_Crack_0";"240";"80";"(-0.089714,0.544924,-0.659367)";"(1.254571,0.593242,0.333542)";"";"";""
"Assets/_Game/Art/Geometry/Meshes/CopperOreHero/CopperVein_Crack_1.asset";"cfffad3231758f149a39404695c988f6";"4300000";"CopperVein_Crack_1";"144";"48";"(-0.323351,0.701071,-0.585896)";"(0.29628,0.480874,0.446902)";"";"";""
"Assets/_Game/Art/Geometry/Meshes/CopperOreHero/CopperVein_Crack_2.asset";"d387c21db1274594795bdad6c1b07b02";"4300000";"CopperVein_Crack_2";"144";"48";"(0.287447,0.430999,-0.666669)";"(0.543106,0.305286,0.331669)";"";"";""
"Assets/_Game/Art/Geometry/Meshes/CopperOreHero/CopperVein_Crack_3.asset";"5bd37b6fcb9a9e54886a2fa77f5b5b52";"4300000";"CopperVein_Crack_3";"144";"48";"(0.298536,0.877876,-0.379583)";"(0.215646,0.426518,0.657506)";"";"";""
"Assets/_Game/Art/Geometry/Meshes/CopperOreHero/CopperVein_DepletedRemnant.asset";"307416060f40e2b4a9cda8df2fc8239a";"4300000";"CopperVein_DepletedRemnant";"84";"28";"(-0.360442,0.375104,-0.725067)";"(0.446863,0.15507,0.157523)";"";"";""
"Assets/_Game/Art/Geometry/Meshes/CopperOreHero/CopperVein_Metal_0.asset";"a052f38dee405cf4ab74ecb8fe5247a9";"4300000";"CopperVein_Metal_0";"240";"80";"(-0.089836,0.544956,-0.655855)";"(1.239755,0.548995,0.3116)";"";"";""
"Assets/_Game/Art/Geometry/Meshes/CopperOreHero/CopperVein_Metal_1.asset";"0f6e46af1e5378f459634658598ef72d";"4300000";"CopperVein_Metal_1";"144";"48";"(-0.326201,0.698469,-0.585512)";"(0.280731,0.459071,0.431087)";"";"";""
"Assets/_Game/Art/Geometry/Meshes/CopperOreHero/CopperVein_Metal_2.asset";"4ebfb2354988a9446a117724bdbe1957";"4300000";"CopperVein_Metal_2";"144";"48";"(0.292827,0.43136,-0.662832)";"(0.524632,0.284299,0.316139)";"";"";""
"Assets/_Game/Art/Geometry/Meshes/CopperOreHero/CopperVein_Metal_3.asset";"8401d4b1e41cf5f4aab7b881f8401203";"4300000";"CopperVein_Metal_3";"144";"48";"(0.295838,0.876643,-0.377619)";"(0.20229,0.402296,0.645718)";"";"";""
"Assets/_Game/Art/Geometry/Meshes/visual_berry_bush_active.asset";"ea77dd40204293544a8a5e5bb4b4d1c5";"4300000";"visual_berry_bush_active";"12";"12";"(0,0.45,0)";"(1.2,0.9,1.03923)";"";"";""
"Assets/_Game/Art/Geometry/Meshes/visual_berry_bush_exhausted.asset";"5c187826ccbca52448b56b93045a3bd5";"4300000";"visual_berry_bush_exhausted";"12";"12";"(0,0.35,0)";"(1.05,0.7,0.909327)";"";"";""
"Assets/_Game/Art/Geometry/Meshes/visual_env_rock_3109_main.asset";"e11552e62cb6e9b40b1561b8eefad276";"4300000";"visual_env_rock_3109_main";"243";"81";"(-0.002921,0.25,0.041388)";"(1.079641,0.5,0.967915)";"";"";""
"Assets/_Game/Art/Geometry/Meshes/visual_env_rock_3109_side.asset";"87cb28982fdc2894fb3c740a1fc3f5ff";"4300000";"visual_env_rock_3109_side";"168";"56";"(0.010476,0.155,-0.029925)";"(0.666853,0.31,0.701083)";"";"";""
"Assets/_Game/Art/Geometry/Meshes/visual_env_rock_3511_main.asset";"37fad9bc65a83b64eaaa1a011a891e35";"4300000";"visual_env_rock_3511_main";"243";"81";"(-0.020456,0.25,-0.012881)";"(1.191074,0.5,0.938252)";"";"";""
"Assets/_Game/Art/Geometry/Meshes/visual_env_rock_3511_side.asset";"9807a13417695324ca2584714f7df235";"4300000";"visual_env_rock_3511_side";"168";"56";"(0.002041,0.155,0.005367)";"(0.64669,0.31,0.714054)";"";"";""
"Assets/_Game/Art/Geometry/Meshes/visual_env_rock_4027_main.asset";"102c1622eea71e849a3dc3c4de40c372";"4300000";"visual_env_rock_4027_main";"243";"81";"(0.024399,0.25,-0.010495)";"(1.113327,0.5,0.952229)";"";"";""
"Assets/_Game/Art/Geometry/Meshes/visual_env_rock_4027_side.asset";"02a09607e8574ff4ba533f37e252f366";"4300000";"visual_env_rock_4027_side";"168";"56";"(-0.00556,0.155,-0.022206)";"(0.611559,0.31,0.710677)";"";"";""
"Assets/_Game/Art/Geometry/Meshes/visual_farm_soil_clod.asset";"b2482470ec8cae346b4b69a0135aaceb";"4300000";"visual_farm_soil_clod";"105";"35";"(-0.001095,0.0275,-0.000155)";"(0.204507,0.055,0.185775)";"";"";""
"Assets/_Game/Art/Geometry/Meshes/visual_fiber_plant_active.asset";"4ffd74339b14458488686385240cf916";"4300000";"visual_fiber_plant_active";"12";"12";"(0,0.3,0)";"(0.72,0.6,0.623538)";"";"";""
"Assets/_Game/Art/Geometry/Meshes/visual_prop_bush.asset";"e61d9143dfad7fa4190a754dde412e81";"4300000";"visual_prop_bush";"12";"12";"(0,0.45,0)";"(1.2,0.9,1.03923)";"";"";""
"Assets/_Game/Art/Geometry/Meshes/visual_prop_fern.asset";"7c92180e440cd9f4a899b2ab8bf97e46";"4300000";"visual_prop_fern";"12";"12";"(0,0.35,0)";"(0.95,0.7,0.822724)";"";"";""
"Assets/_Game/Art/Geometry/Meshes/visual_prop_flowers.asset";"42fa29cbac612724a94cc0d0314118fc";"4300000";"visual_prop_flowers";"8";"8";"(0,0.2,0)";"(0.55,0.4,0.55)";"";"";""
"Assets/_Game/Art/Geometry/Meshes/visual_prop_glow_mushrooms.asset";"a07f9e48bd6bf1d44b8a5f448cfc968b";"4300000";"visual_prop_glow_mushrooms";"12";"12";"(0,0.175,0)";"(0.48,0.35,0.415692)";"";"";""
"Assets/_Game/Art/Geometry/Meshes/visual_prop_ground_grass.asset";"41ba261cf6af4024295cda3d66ad36e9";"4300000";"visual_prop_ground_grass";"4";"4";"(0,0.6,0)";"(1.2,1.2,0)";"";"";""
"Assets/_Game/Art/Geometry/Meshes/visual_prop_ground_moss.asset";"3d4e96548e741054299a0b65f2b91c93";"4300000";"visual_prop_ground_moss";"4";"4";"(0,0.6,0)";"(1.2,1.2,0)";"";"";""
"Assets/_Game/Art/Geometry/Meshes/visual_prop_ruin_monument_front.asset";"c30416ccbaea1de40b16ae728f745ddd";"4300000";"visual_prop_ruin_monument_front";"4";"4";"(0,2.5,0)";"(1.24,5,0)";"";"";""
"Assets/_Game/Art/Geometry/Meshes/visual_prop_ruin_wall_a_front.asset";"8a022e9567c3d5246a678767ba8a1b3a";"4300000";"visual_prop_ruin_wall_a_front";"4";"4";"(0,1.3,0)";"(2.7,2.6,0)";"";"";""
"Assets/_Game/Art/Geometry/Meshes/visual_prop_ruin_wall_b_front.asset";"04603a13d2015fd489199524235c60f6";"4300000";"visual_prop_ruin_wall_b_front";"4";"4";"(0,1.3,0)";"(2.25,2.6,0)";"";"";""
"Assets/_Game/Art/Geometry/Meshes/visual_prop_rune_front.asset";"4b1ef41beb75238469b3dc48f9a60bd8";"4300000";"visual_prop_rune_front";"4";"4";"(0,0.4,0)";"(0.64,0.8,0)";"";"";""
"Assets/_Game/Art/Geometry/Meshes/visual_ropewalk_coil.asset";"b44a272a15717714c914e5b1fc104fcb";"4300000";"visual_ropewalk_coil";"576";"192";"(0,0,0)";"(0.434,0.046765,0.434)";"";"";""
"Assets/_Game/Art/Geometry/Meshes/visual_ropewalk_strand_0.asset";"51979bbf1be038e4bac9c3b488a4ff77";"4300000";"visual_ropewalk_strand_0";"504";"168";"(-0.000006,0.88991,-0.13)";"(0.598382,0.061796,0.06624)";"";"";""
"Assets/_Game/Art/Geometry/Meshes/visual_ropewalk_strand_1.asset";"33205a2d3079a4f47b253999698bb93a";"4300000";"visual_ropewalk_strand_1";"504";"168";"(0,0.89,0)";"(0.597758,0.067177,0.072)";"";"";""
"Assets/_Game/Art/Geometry/Meshes/visual_ropewalk_strand_2.asset";"1e391e3c5d1846340839dbdbdbccabbd";"4300000";"visual_ropewalk_strand_2";"504";"168";"(0.000006,0.88991,0.13)";"(0.598382,0.061796,0.06624)";"";"";""
"Assets/_Game/Art/Geometry/Meshes/visual_sawmill_toothed_blade.asset";"9724fec781c947443acb5be1cdf970ee";"4300000";"visual_sawmill_toothed_blade";"432";"144";"(0,0,0)";"(0.86,0.846935,0.052)";"";"";""
"Assets/_Game/Art/Geometry/Meshes/visual_sawmill_wood_chip.asset";"39848a0e8f83d484995bc19b5fbee575";"4300000";"visual_sawmill_wood_chip";"105";"35";"(0.002215,0.0125,0.001377)";"(0.127375,0.025,0.06366)";"";"";""
"Assets/_Game/Art/Geometry/Meshes/visual_smelter_bellows.asset";"d5a34011a447b6d4fae5f3ecbadf9c18";"4300000";"visual_smelter_bellows";"36";"12";"(0.009335,0.002941,0.005341)";"(1.049885,1.048062,1.041938)";"";"";""
"Assets/_Game/Art/Geometry/Meshes/visual_smelter_iron_ring.asset";"36e1919bb34ebd14ca067a66118a5bf5";"4300000";"visual_smelter_iron_ring";"420";"140";"(0,0,0)";"(0.87,0.047553,0.848187)";"";"";""
"Assets/_Game/Art/Geometry/Meshes/visual_smelter_kiln.asset";"59cd49796dc4fdf41bc5416aedc2f6f5";"4300000";"visual_smelter_kiln";"378";"126";"(0.005636,0.62,0.006743)";"(0.962964,1.24,0.943438)";"";"";""
"Assets/_Game/Art/Geometry/Meshes/visual_station_stone_a.asset";"1eb4e76f4ebb2b0428fee1a74889d6d9";"4300000";"visual_station_stone_a";"168";"56";"(0.019768,0.07,-0.003443)";"(0.352995,0.14,0.326036)";"";"";""
"Assets/_Game/Art/Geometry/Meshes/visual_station_stone_b.asset";"02e3b727d83603f4f96d8cb7ff06a6c0";"4300000";"visual_station_stone_b";"189";"63";"(-0.013991,0.065,0.013397)";"(0.412109,0.13,0.32178)";"";"";""
"Assets/_Game/Art/Geometry/Meshes/visual_station_timber_a.asset";"eca36865b9a6ccc4f9fa1d97f4b010bc";"4300000";"visual_station_timber_a";"36";"12";"(0.009665,-0.000729,-0.003282)";"(1.041524,1.049867,1.077082)";"Assets/_Game/Prefabs/Stations/StorageChest.prefab";"";""
"Assets/_Game/Art/Geometry/Meshes/visual_station_timber_b.asset";"f6f9465529739574ab9b34dea2ff3688";"4300000";"visual_station_timber_b";"36";"12";"(-0.003927,0.014428,-0.027527)";"(1.065722,1.047098,1.017702)";"Assets/_Game/Prefabs/Stations/StorageChest.prefab";"";""
"Assets/_Game/Art/Geometry/Meshes/visual_stonecutter_masonry.asset";"c2230da5b3292104888da908a6cedd1f";"4300000";"visual_stonecutter_masonry";"36";"12";"(-0.007397,-0.006454,0.015113)";"(1.067621,1.032422,1.048023)";"";"";""
"Assets/_Game/Art/Geometry/Meshes/visual_stonecutter_rubble.asset";"d0b3ae56244223a419d87a0905a5e6be";"4300000";"visual_stonecutter_rubble";"105";"35";"(-0.009375,0.0275,-0.000921)";"(0.15556,0.055,0.146443)";"";"";""
"Assets/_Game/Art/Geometry/Meshes/visual_stonecutter_wheel.asset";"8d077870d6658d04aba0831b1ab5dc6e";"4300000";"visual_stonecutter_wheel";"384";"128";"(0,0,0)";"(0.58,0.58,0.13)";"";"";""
"Assets/_Game/Art/Geometry/Meshes/visual_stone_fracture.asset";"56e141bd7f9f6784188364c9d8db3115";"4300000";"visual_stone_fracture";"36";"12";"(0.004423,-0.01522,0.000055)";"(1.047582,1.114726,1.138073)";"";"";""
"Assets/_Game/Art/Geometry/Meshes/visual_stone_hero_a.asset";"60089e6195bfb50499c5b19b9c87e2dc";"4300000";"visual_stone_hero_a";"243";"81";"(0.04567,0.31,-0.01393)";"(1.179847,0.62,0.95513)";"";"";""
"Assets/_Game/Art/Geometry/Meshes/visual_stone_hero_b.asset";"9991898e6769bab4e8af953bfa40db5d";"4300000";"visual_stone_hero_b";"216";"72";"(0.039387,0.225,0.003894)";"(0.852108,0.45,1.006564)";"";"";""
"Assets/_Game/Art/Geometry/Meshes/visual_stone_hero_c.asset";"d07bbd0d4a19a5b498d8511eb211cc73";"4300000";"visual_stone_hero_c";"168";"56";"(0.000684,0.155,0.021871)";"(0.725041,0.31,0.774862)";"";"";""
"Assets/_Game/Art/Geometry/Meshes/visual_wall_masonry_a.asset";"6cfb6a8ef085cf94d8b1c6d47e621cd9";"4300000";"visual_wall_masonry_a";"36";"12";"(-0.005023,-0.017663,0.012899)";"(1.07269,1.048027,1.062972)";"";"";""
"Assets/_Game/Art/Geometry/Meshes/visual_wall_masonry_b.asset";"88e10798b5700454ab832aef695a291a";"4300000";"visual_wall_masonry_b";"36";"12";"(-0.004416,-0.002176,0.001274)";"(1.060223,1.059529,1.075233)";"";"";""
"Assets/_Game/Art/Geometry/Meshes/visual_workbench_hand_saw.asset";"12e8430eea7b6394ebe1477778139546";"4300000";"visual_workbench_hand_saw";"66";"22";"(0,-0.0125,0)";"(1,0.265,0)";"Assets/_Game/Prefabs/Stations/Workbench.prefab";"";""
"Assets/_Game/Art/Geometry/Meshes/visual_workbench_timber_a.asset";"699f5eef981b4bd499b63c7fe8096642";"4300000";"visual_workbench_timber_a";"36";"12";"(-0.022571,0.003264,0.010123)";"(1.041576,1.047654,1.046527)";"Assets/_Game/Prefabs/Stations/Workbench.prefab";"";""
"Assets/_Game/Art/Geometry/Meshes/visual_workbench_timber_b.asset";"f183631144eda2546b8f8313a6fb6073";"4300000";"visual_workbench_timber_b";"36";"12";"(-0.007143,0.010442,0.013997)";"(1.04491,1.064322,1.002307)";"Assets/_Game/Prefabs/Stations/Workbench.prefab";"";""
"Assets/_Game/Art/Loot/Meshes/WorldChestMesh_000_TaperedBox.asset";"e87d71057bcde3948b254c8e3d3c399b";"4300000";"TaperedBox";"24";"12";"(0,0.0297,0)";"(1.219,0.0594,0.792)";"Assets/_Game/Prefabs/Loot/WorldChests/WorldChest_Common.prefab";"Assets/_Game/Scenes/EidraForge.unity | Assets/_Game/Scenes/Zone_EmberRuins.unity | Assets/_Game/Scenes/Zone_Greenwood.unity | Assets/_Game/Scenes/Zone_GreyRifts.unity | Assets/_Game/Scenes/Zone_Marsh.unity | Assets/_Game/Scenes/Zone_Quarry.unity | Assets/_Game/Scenes/Zone_TwilightGrove.unity | Assets/_Game/Scenes/Zone_VeilMarsh.unity";""
"Assets/_Game/Art/Loot/Meshes/WorldChestMesh_001_TaperedBox.asset";"78f102da006069f43a35eadcac5f9dee";"4300000";"TaperedBox";"24";"12";"(0,0.0756,0)";"(1.15,0.1512,0.72)";"Assets/_Game/Prefabs/Loot/WorldChests/WorldChest_Common.prefab";"Assets/_Game/Scenes/EidraForge.unity | Assets/_Game/Scenes/Zone_EmberRuins.unity | Assets/_Game/Scenes/Zone_Greenwood.unity | Assets/_Game/Scenes/Zone_GreyRifts.unity | Assets/_Game/Scenes/Zone_Marsh.unity | Assets/_Game/Scenes/Zone_Quarry.unity | Assets/_Game/Scenes/Zone_TwilightGrove.unity | Assets/_Game/Scenes/Zone_VeilMarsh.unity";""
"Assets/_Game/Art/Loot/Meshes/WorldChestMesh_002_TaperedBox.asset";"72170d08428c3b5429d61046e2e2f885";"4300000";"TaperedBox";"24";"12";"(0,0.0702,0)";"(1.15,0.1404,0.72)";"Assets/_Game/Prefabs/Loot/WorldChests/WorldChest_Common.prefab";"Assets/_Game/Scenes/EidraForge.unity | Assets/_Game/Scenes/Zone_EmberRuins.unity | Assets/_Game/Scenes/Zone_Greenwood.unity | Assets/_Game/Scenes/Zone_GreyRifts.unity | Assets/_Game/Scenes/Zone_Marsh.unity | Assets/_Game/Scenes/Zone_Quarry.unity | Assets/_Game/Scenes/Zone_TwilightGrove.unity | Assets/_Game/Scenes/Zone_VeilMarsh.unity";""
"Assets/_Game/Art/Loot/Meshes/WorldChestMesh_003_TaperedBox.asset";"9b6ca048341509646b9c450cca19cf02";"4300000";"TaperedBox";"24";"12";"(0,0.081,0)";"(0.667,0.162,0.0432)";"Assets/_Game/Prefabs/Loot/WorldChests/WorldChest_Common.prefab";"Assets/_Game/Scenes/EidraForge.unity | Assets/_Game/Scenes/Zone_EmberRuins.unity | Assets/_Game/Scenes/Zone_Greenwood.unity | Assets/_Game/Scenes/Zone_GreyRifts.unity | Assets/_Game/Scenes/Zone_Marsh.unity | Assets/_Game/Scenes/Zone_Quarry.unity | Assets/_Game/Scenes/Zone_TwilightGrove.unity | Assets/_Game/Scenes/Zone_VeilMarsh.unity";""
"Assets/_Game/Art/Loot/Meshes/WorldChestMesh_004_Loft.asset";"64de557af14377b4794bb6fa87987cf5";"4300000";"Loft";"54";"26";"(0,0.1134,0)";"(1.127,0.2268,0.6624)";"Assets/_Game/Prefabs/Loot/WorldChests/WorldChest_Common.prefab";"Assets/_Game/Scenes/EidraForge.unity | Assets/_Game/Scenes/Zone_EmberRuins.unity | Assets/_Game/Scenes/Zone_Greenwood.unity | Assets/_Game/Scenes/Zone_GreyRifts.unity | Assets/_Game/Scenes/Zone_Marsh.unity | Assets/_Game/Scenes/Zone_Quarry.unity | Assets/_Game/Scenes/Zone_TwilightGrove.unity | Assets/_Game/Scenes/Zone_VeilMarsh.unity";""
"Assets/_Game/Art/Loot/Meshes/WorldChestMesh_005_TaperedBox.asset";"a26e153bef573be4eab65f299fb2e542";"4300000";"TaperedBox";"24";"12";"(0,0.0162,0)";"(0.713,0.0324,0.216)";"Assets/_Game/Prefabs/Loot/WorldChests/WorldChest_Common.prefab";"Assets/_Game/Scenes/EidraForge.unity | Assets/_Game/Scenes/Zone_EmberRuins.unity | Assets/_Game/Scenes/Zone_Greenwood.unity | Assets/_Game/Scenes/Zone_GreyRifts.unity | Assets/_Game/Scenes/Zone_Marsh.unity | Assets/_Game/Scenes/Zone_Quarry.unity | Assets/_Game/Scenes/Zone_TwilightGrove.unity | Assets/_Game/Scenes/Zone_VeilMarsh.unity";""
"Assets/_Game/Art/Loot/Meshes/WorldChestMesh_006_TaperedBox.asset";"ca3c28f17546cc544a50dc9319ce49f8";"4300000";"TaperedBox";"24";"12";"(0,0.0918,0)";"(0.1725,0.1836,0.072)";"Assets/_Game/Prefabs/Loot/WorldChests/WorldChest_Common.prefab";"Assets/_Game/Scenes/EidraForge.unity | Assets/_Game/Scenes/Zone_EmberRuins.unity | Assets/_Game/Scenes/Zone_Greenwood.unity | Assets/_Game/Scenes/Zone_GreyRifts.unity | Assets/_Game/Scenes/Zone_Marsh.unity | Assets/_Game/Scenes/Zone_Quarry.unity | Assets/_Game/Scenes/Zone_TwilightGrove.unity | Assets/_Game/Scenes/Zone_VeilMarsh.unity";""
"Assets/_Game/Art/Loot/Meshes/WorldChestMesh_007_TaperedBox.asset";"ed9feff2010057b4f910211c4a0491be";"4300000";"TaperedBox";"24";"12";"(0,0.2754,0)";"(0.092,0.5508,0.7632)";"Assets/_Game/Prefabs/Loot/WorldChests/WorldChest_Common.prefab";"Assets/_Game/Scenes/EidraForge.unity | Assets/_Game/Scenes/Zone_EmberRuins.unity | Assets/_Game/Scenes/Zone_Greenwood.unity | Assets/_Game/Scenes/Zone_GreyRifts.unity | Assets/_Game/Scenes/Zone_Marsh.unity | Assets/_Game/Scenes/Zone_Quarry.unity | Assets/_Game/Scenes/Zone_TwilightGrove.unity | Assets/_Game/Scenes/Zone_VeilMarsh.unity";""
"Assets/_Game/Art/Loot/Meshes/WorldChestMesh_008_TaperedBox.asset";"7e753e567060a7a4984d7a075a2694ea";"4300000";"TaperedBox";"24";"12";"(0,0.2754,0)";"(0.092,0.5508,0.7632)";"Assets/_Game/Prefabs/Loot/WorldChests/WorldChest_Common.prefab";"Assets/_Game/Scenes/EidraForge.unity | Assets/_Game/Scenes/Zone_EmberRuins.unity | Assets/_Game/Scenes/Zone_Greenwood.unity | Assets/_Game/Scenes/Zone_GreyRifts.unity | Assets/_Game/Scenes/Zone_Marsh.unity | Assets/_Game/Scenes/Zone_Quarry.unity | Assets/_Game/Scenes/Zone_TwilightGrove.unity | Assets/_Game/Scenes/Zone_VeilMarsh.unity";""
"Assets/_Game/Art/Loot/Meshes/WorldChestMesh_009_TaperedBox.asset";"4b53a7162a95f0e40b6937828c299f76";"4300000";"TaperedBox";"24";"12";"(0,0.0175,0)";"(0.897,0.035,0.504)";"Assets/_Game/Prefabs/Loot/WorldChests/WorldChest_Common.prefab";"Assets/_Game/Scenes/EidraForge.unity | Assets/_Game/Scenes/Zone_EmberRuins.unity | Assets/_Game/Scenes/Zone_Greenwood.unity | Assets/_Game/Scenes/Zone_GreyRifts.unity | Assets/_Game/Scenes/Zone_Marsh.unity | Assets/_Game/Scenes/Zone_Quarry.unity | Assets/_Game/Scenes/Zone_TwilightGrove.unity | Assets/_Game/Scenes/Zone_VeilMarsh.unity";""
"Assets/_Game/Art/Loot/Meshes/WorldChestMesh_010_TaperedBox.asset";"ce58cd1462706614aaad5fd2e38afe12";"4300000";"TaperedBox";"24";"12";"(0,0.0125,0)";"(0.713,0.025,0.3744)";"Assets/_Game/Prefabs/Loot/WorldChests/WorldChest_Common.prefab";"Assets/_Game/Scenes/EidraForge.unity | Assets/_Game/Scenes/Zone_EmberRuins.unity | Assets/_Game/Scenes/Zone_Greenwood.unity | Assets/_Game/Scenes/Zone_GreyRifts.unity | Assets/_Game/Scenes/Zone_Marsh.unity | Assets/_Game/Scenes/Zone_Quarry.unity | Assets/_Game/Scenes/Zone_TwilightGrove.unity | Assets/_Game/Scenes/Zone_VeilMarsh.unity";""
"Assets/_Game/Art/Loot/Meshes/WorldChestMesh_011_TaperedBox.asset";"bc32c7fd06b46fd4cb49928868283c78";"4300000";"TaperedBox";"24";"12";"(0,0.0486,0)";"(0.483,0.0972,0.288)";"Assets/_Game/Prefabs/Loot/WorldChests/WorldChest_Common.prefab";"Assets/_Game/Scenes/EidraForge.unity | Assets/_Game/Scenes/Zone_EmberRuins.unity | Assets/_Game/Scenes/Zone_Greenwood.unity | Assets/_Game/Scenes/Zone_GreyRifts.unity | Assets/_Game/Scenes/Zone_Marsh.unity | Assets/_Game/Scenes/Zone_Quarry.unity | Assets/_Game/Scenes/Zone_TwilightGrove.unity | Assets/_Game/Scenes/Zone_VeilMarsh.unity";""
"Assets/_Game/Art/Loot/Meshes/WorldChestMesh_012_TaperedBox.asset";"f1d154d0aa277d742a7bff361b68ea10";"4300000";"TaperedBox";"24";"12";"(0,0.0324,0)";"(0.299,0.0648,0.1872)";"Assets/_Game/Prefabs/Loot/WorldChests/WorldChest_Common.prefab";"Assets/_Game/Scenes/EidraForge.unity | Assets/_Game/Scenes/Zone_EmberRuins.unity | Assets/_Game/Scenes/Zone_Greenwood.unity | Assets/_Game/Scenes/Zone_GreyRifts.unity | Assets/_Game/Scenes/Zone_Marsh.unity | Assets/_Game/Scenes/Zone_Quarry.unity | Assets/_Game/Scenes/Zone_TwilightGrove.unity | Assets/_Game/Scenes/Zone_VeilMarsh.unity";""
"Assets/_Game/Art/Loot/Meshes/WorldChestMesh_013_TaperedBox.asset";"53fbd1ee54729024c800c7c37388fc72";"4300000";"TaperedBox";"24";"12";"(0,0.027,0)";"(0.184,0.054,0.1152)";"Assets/_Game/Prefabs/Loot/WorldChests/WorldChest_Common.prefab";"Assets/_Game/Scenes/EidraForge.unity | Assets/_Game/Scenes/Zone_EmberRuins.unity | Assets/_Game/Scenes/Zone_Greenwood.unity | Assets/_Game/Scenes/Zone_GreyRifts.unity | Assets/_Game/Scenes/Zone_Marsh.unity | Assets/_Game/Scenes/Zone_Quarry.unity | Assets/_Game/Scenes/Zone_TwilightGrove.unity | Assets/_Game/Scenes/Zone_VeilMarsh.unity";""
"Assets/_Game/Art/Loot/Meshes/WorldChestMesh_014_TaperedBox.asset";"865a1f0c36a99c64484c29eabe2743b8";"4300000";"TaperedBox";"24";"12";"(0,0.0189,0)";"(0.23,0.0378,0.1296)";"Assets/_Game/Prefabs/Loot/WorldChests/WorldChest_Common.prefab";"Assets/_Game/Scenes/EidraForge.unity | Assets/_Game/Scenes/Zone_EmberRuins.unity | Assets/_Game/Scenes/Zone_Greenwood.unity | Assets/_Game/Scenes/Zone_GreyRifts.unity | Assets/_Game/Scenes/Zone_Marsh.unity | Assets/_Game/Scenes/Zone_Quarry.unity | Assets/_Game/Scenes/Zone_TwilightGrove.unity | Assets/_Game/Scenes/Zone_VeilMarsh.unity";""
"Assets/_Game/Art/Loot/Meshes/WorldChestMesh_015_TaperedBox.asset";"bdd43937a8f0b74469aea4cb380353c3";"4300000";"TaperedBox";"24";"12";"(0,0.0135,0)";"(0.161,0.027,0.0864)";"Assets/_Game/Prefabs/Loot/WorldChests/WorldChest_Common.prefab";"Assets/_Game/Scenes/EidraForge.unity | Assets/_Game/Scenes/Zone_EmberRuins.unity | Assets/_Game/Scenes/Zone_Greenwood.unity | Assets/_Game/Scenes/Zone_GreyRifts.unity | Assets/_Game/Scenes/Zone_Marsh.unity | Assets/_Game/Scenes/Zone_Quarry.unity | Assets/_Game/Scenes/Zone_TwilightGrove.unity | Assets/_Game/Scenes/Zone_VeilMarsh.unity";""
"Assets/_Game/Art/Loot/Meshes/WorldChestMesh_016_TaperedBox.asset";"1659cd48a35922042975611aabf56e4b";"4300000";"TaperedBox";"24";"12";"(0,0.0385,0)";"(1.537,0.077,0.968)";"Assets/_Game/Prefabs/Loot/WorldChests/WorldChest_Guarded.prefab";"Assets/_Game/Scenes/EidraForge.unity | Assets/_Game/Scenes/Zone_EmberRuins.unity | Assets/_Game/Scenes/Zone_Greenwood.unity | Assets/_Game/Scenes/Zone_GreyRifts.unity | Assets/_Game/Scenes/Zone_Marsh.unity | Assets/_Game/Scenes/Zone_Quarry.unity | Assets/_Game/Scenes/Zone_TwilightGrove.unity | Assets/_Game/Scenes/Zone_VeilMarsh.unity";""
"Assets/_Game/Art/Loot/Meshes/WorldChestMesh_017_TaperedBox.asset";"9461f1ddd5819594c987680021628289";"4300000";"TaperedBox";"24";"12";"(0,0.098,0)";"(1.45,0.196,0.88)";"Assets/_Game/Prefabs/Loot/WorldChests/WorldChest_Guarded.prefab";"Assets/_Game/Scenes/EidraForge.unity | Assets/_Game/Scenes/Zone_EmberRuins.unity | Assets/_Game/Scenes/Zone_Greenwood.unity | Assets/_Game/Scenes/Zone_GreyRifts.unity | Assets/_Game/Scenes/Zone_Marsh.unity | Assets/_Game/Scenes/Zone_Quarry.unity | Assets/_Game/Scenes/Zone_TwilightGrove.unity | Assets/_Game/Scenes/Zone_VeilMarsh.unity";""
"Assets/_Game/Art/Loot/Meshes/WorldChestMesh_018_TaperedBox.asset";"2793eb8c52ada974fb3eecad648e9751";"4300000";"TaperedBox";"24";"12";"(0,0.091,0)";"(1.45,0.182,0.88)";"Assets/_Game/Prefabs/Loot/WorldChests/WorldChest_Guarded.prefab";"Assets/_Game/Scenes/EidraForge.unity | Assets/_Game/Scenes/Zone_EmberRuins.unity | Assets/_Game/Scenes/Zone_Greenwood.unity | Assets/_Game/Scenes/Zone_GreyRifts.unity | Assets/_Game/Scenes/Zone_Marsh.unity | Assets/_Game/Scenes/Zone_Quarry.unity | Assets/_Game/Scenes/Zone_TwilightGrove.unity | Assets/_Game/Scenes/Zone_VeilMarsh.unity";""
"Assets/_Game/Art/Loot/Meshes/WorldChestMesh_019_TaperedBox.asset";"2fa7b5068feb5b7468dba41db778d7a1";"4300000";"TaperedBox";"24";"12";"(0,0.105,0)";"(0.841,0.21,0.0528)";"Assets/_Game/Prefabs/Loot/WorldChests/WorldChest_Guarded.prefab";"Assets/_Game/Scenes/EidraForge.unity | Assets/_Game/Scenes/Zone_EmberRuins.unity | Assets/_Game/Scenes/Zone_Greenwood.unity | Assets/_Game/Scenes/Zone_GreyRifts.unity | Assets/_Game/Scenes/Zone_Marsh.unity | Assets/_Game/Scenes/Zone_Quarry.unity | Assets/_Game/Scenes/Zone_TwilightGrove.unity | Assets/_Game/Scenes/Zone_VeilMarsh.unity";""
"Assets/_Game/Art/Loot/Meshes/WorldChestMesh_020_Loft.asset";"db86b156ceb4897439e913e95f113d2a";"4300000";"Loft";"54";"26";"(0,0.147,0)";"(1.421,0.294,0.8096)";"Assets/_Game/Prefabs/Loot/WorldChests/WorldChest_Guarded.prefab";"Assets/_Game/Scenes/EidraForge.unity | Assets/_Game/Scenes/Zone_EmberRuins.unity | Assets/_Game/Scenes/Zone_Greenwood.unity | Assets/_Game/Scenes/Zone_GreyRifts.unity | Assets/_Game/Scenes/Zone_Marsh.unity | Assets/_Game/Scenes/Zone_Quarry.unity | Assets/_Game/Scenes/Zone_TwilightGrove.unity | Assets/_Game/Scenes/Zone_VeilMarsh.unity";""
"Assets/_Game/Art/Loot/Meshes/WorldChestMesh_021_TaperedBox.asset";"26d013c43834cdc4a91052a7fa948d9c";"4300000";"TaperedBox";"24";"12";"(0,0.021,0)";"(0.899,0.042,0.264)";"Assets/_Game/Prefabs/Loot/WorldChests/WorldChest_Guarded.prefab";"Assets/_Game/Scenes/EidraForge.unity | Assets/_Game/Scenes/Zone_EmberRuins.unity | Assets/_Game/Scenes/Zone_Greenwood.unity | Assets/_Game/Scenes/Zone_GreyRifts.unity | Assets/_Game/Scenes/Zone_Marsh.unity | Assets/_Game/Scenes/Zone_Quarry.unity | Assets/_Game/Scenes/Zone_TwilightGrove.unity | Assets/_Game/Scenes/Zone_VeilMarsh.unity";""
"Assets/_Game/Art/Loot/Meshes/WorldChestMesh_022_TaperedBox.asset";"8d98bf60d2d7c4042886306d4d6229d8";"4300000";"TaperedBox";"24";"12";"(0,0.119,0)";"(0.319,0.238,0.088)";"Assets/_Game/Prefabs/Loot/WorldChests/WorldChest_Guarded.prefab";"Assets/_Game/Scenes/EidraForge.unity | Assets/_Game/Scenes/Zone_EmberRuins.unity | Assets/_Game/Scenes/Zone_Greenwood.unity | Assets/_Game/Scenes/Zone_GreyRifts.unity | Assets/_Game/Scenes/Zone_Marsh.unity | Assets/_Game/Scenes/Zone_Quarry.unity | Assets/_Game/Scenes/Zone_TwilightGrove.unity | Assets/_Game/Scenes/Zone_VeilMarsh.unity";""
"Assets/_Game/Art/Loot/Meshes/WorldChestMesh_023_TaperedBox.asset";"c5edbb208a6f2584391aad5319ba24bf";"4300000";"TaperedBox";"24";"12";"(0,0.357,0)";"(0.116,0.714,0.9328)";"Assets/_Game/Prefabs/Loot/WorldChests/WorldChest_Guarded.prefab";"Assets/_Game/Scenes/EidraForge.unity | Assets/_Game/Scenes/Zone_EmberRuins.unity | Assets/_Game/Scenes/Zone_Greenwood.unity | Assets/_Game/Scenes/Zone_GreyRifts.unity | Assets/_Game/Scenes/Zone_Marsh.unity | Assets/_Game/Scenes/Zone_Quarry.unity | Assets/_Game/Scenes/Zone_TwilightGrove.unity | Assets/_Game/Scenes/Zone_VeilMarsh.unity";""
"Assets/_Game/Art/Loot/Meshes/WorldChestMesh_024_TaperedBox.asset";"f4916306af50be04a8e1ee6ffffdc01c";"4300000";"TaperedBox";"24";"12";"(0,0.357,0)";"(0.116,0.714,0.9328)";"Assets/_Game/Prefabs/Loot/WorldChests/WorldChest_Guarded.prefab";"Assets/_Game/Scenes/EidraForge.unity | Assets/_Game/Scenes/Zone_EmberRuins.unity | Assets/_Game/Scenes/Zone_Greenwood.unity | Assets/_Game/Scenes/Zone_GreyRifts.unity | Assets/_Game/Scenes/Zone_Marsh.unity | Assets/_Game/Scenes/Zone_Quarry.unity | Assets/_Game/Scenes/Zone_TwilightGrove.unity | Assets/_Game/Scenes/Zone_VeilMarsh.unity";""
"Assets/_Game/Art/Loot/Meshes/WorldChestMesh_025_TaperedBox.asset";"5d1cbbf0d799113498cdef16c5131165";"4300000";"TaperedBox";"24";"12";"(0,0.357,0)";"(0.116,0.714,0.9328)";"Assets/_Game/Prefabs/Loot/WorldChests/WorldChest_Guarded.prefab";"Assets/_Game/Scenes/EidraForge.unity | Assets/_Game/Scenes/Zone_EmberRuins.unity | Assets/_Game/Scenes/Zone_Greenwood.unity | Assets/_Game/Scenes/Zone_GreyRifts.unity | Assets/_Game/Scenes/Zone_Marsh.unity | Assets/_Game/Scenes/Zone_Quarry.unity | Assets/_Game/Scenes/Zone_TwilightGrove.unity | Assets/_Game/Scenes/Zone_VeilMarsh.unity";""
"Assets/_Game/Art/Loot/Meshes/WorldChestMesh_026_TaperedBox.asset";"cee072bf11542f048a9f1f1151d4656e";"4300000";"TaperedBox";"24";"12";"(0,0.175,0)";"(0.1305,0.35,0.1305)";"Assets/_Game/Prefabs/Loot/WorldChests/WorldChest_Guarded.prefab";"Assets/_Game/Scenes/EidraForge.unity | Assets/_Game/Scenes/Zone_EmberRuins.unity | Assets/_Game/Scenes/Zone_Greenwood.unity | Assets/_Game/Scenes/Zone_GreyRifts.unity | Assets/_Game/Scenes/Zone_Marsh.unity | Assets/_Game/Scenes/Zone_Quarry.unity | Assets/_Game/Scenes/Zone_TwilightGrove.unity | Assets/_Game/Scenes/Zone_VeilMarsh.unity";""
"Assets/_Game/Art/Loot/Meshes/WorldChestMesh_027_TaperedBox.asset";"5745e534804cebc4b9a4c8daa83e2504";"4300000";"TaperedBox";"24";"12";"(0,0.175,0)";"(0.1305,0.35,0.1305)";"Assets/_Game/Prefabs/Loot/WorldChests/WorldChest_Guarded.prefab";"Assets/_Game/Scenes/EidraForge.unity | Assets/_Game/Scenes/Zone_EmberRuins.unity | Assets/_Game/Scenes/Zone_Greenwood.unity | Assets/_Game/Scenes/Zone_GreyRifts.unity | Assets/_Game/Scenes/Zone_Marsh.unity | Assets/_Game/Scenes/Zone_Quarry.unity | Assets/_Game/Scenes/Zone_TwilightGrove.unity | Assets/_Game/Scenes/Zone_VeilMarsh.unity";""
"Assets/_Game/Art/Loot/Meshes/WorldChestMesh_028_TaperedBox.asset";"7d78805c7607f7547bd7b3870b9b0040";"4300000";"TaperedBox";"24";"12";"(0,0.175,0)";"(0.1305,0.35,0.1305)";"Assets/_Game/Prefabs/Loot/WorldChests/WorldChest_Guarded.prefab";"Assets/_Game/Scenes/EidraForge.unity | Assets/_Game/Scenes/Zone_EmberRuins.unity | Assets/_Game/Scenes/Zone_Greenwood.unity | Assets/_Game/Scenes/Zone_GreyRifts.unity | Assets/_Game/Scenes/Zone_Marsh.unity | Assets/_Game/Scenes/Zone_Quarry.unity | Assets/_Game/Scenes/Zone_TwilightGrove.unity | Assets/_Game/Scenes/Zone_VeilMarsh.unity";""
"Assets/_Game/Art/Loot/Meshes/WorldChestMesh_029_TaperedBox.asset";"c89e4ef8977a0434fa7a638c3e22f6d4";"4300000";"TaperedBox";"24";"12";"(0,0.175,0)";"(0.1305,0.35,0.1305)";"Assets/_Game/Prefabs/Loot/WorldChests/WorldChest_Guarded.prefab";"Assets/_Game/Scenes/EidraForge.unity | Assets/_Game/Scenes/Zone_EmberRuins.unity | Assets/_Game/Scenes/Zone_Greenwood.unity | Assets/_Game/Scenes/Zone_GreyRifts.unity | Assets/_Game/Scenes/Zone_Marsh.unity | Assets/_Game/Scenes/Zone_Quarry.unity | Assets/_Game/Scenes/Zone_TwilightGrove.unity | Assets/_Game/Scenes/Zone_VeilMarsh.unity";""
"Assets/_Game/Art/Loot/Meshes/WorldChestMesh_030_TaperedBox.asset";"99e627b2f1fe6764da4e3347c27b5e02";"4300000";"TaperedBox";"24";"12";"(0,0.0175,0)";"(1.131,0.035,0.616)";"Assets/_Game/Prefabs/Loot/WorldChests/WorldChest_Guarded.prefab";"Assets/_Game/Scenes/EidraForge.unity | Assets/_Game/Scenes/Zone_EmberRuins.unity | Assets/_Game/Scenes/Zone_Greenwood.unity | Assets/_Game/Scenes/Zone_GreyRifts.unity | Assets/_Game/Scenes/Zone_Marsh.unity | Assets/_Game/Scenes/Zone_Quarry.unity | Assets/_Game/Scenes/Zone_TwilightGrove.unity | Assets/_Game/Scenes/Zone_VeilMarsh.unity";""
"Assets/_Game/Art/Loot/Meshes/WorldChestMesh_031_TaperedBox.asset";"9faa8f14f9577b14aa15bb50248d39cf";"4300000";"TaperedBox";"24";"12";"(0,0.0125,0)";"(0.899,0.025,0.4576)";"Assets/_Game/Prefabs/Loot/WorldChests/WorldChest_Guarded.prefab";"Assets/_Game/Scenes/EidraForge.unity | Assets/_Game/Scenes/Zone_EmberRuins.unity | Assets/_Game/Scenes/Zone_Greenwood.unity | Assets/_Game/Scenes/Zone_GreyRifts.unity | Assets/_Game/Scenes/Zone_Marsh.unity | Assets/_Game/Scenes/Zone_Quarry.unity | Assets/_Game/Scenes/Zone_TwilightGrove.unity | Assets/_Game/Scenes/Zone_VeilMarsh.unity";""
"Assets/_Game/Art/Loot/Meshes/WorldChestMesh_032_TaperedBox.asset";"3f502d923e237954886e4faaa23308c9";"4300000";"TaperedBox";"24";"12";"(0,0.063,0)";"(0.609,0.126,0.352)";"Assets/_Game/Prefabs/Loot/WorldChests/WorldChest_Guarded.prefab";"Assets/_Game/Scenes/EidraForge.unity | Assets/_Game/Scenes/Zone_EmberRuins.unity | Assets/_Game/Scenes/Zone_Greenwood.unity | Assets/_Game/Scenes/Zone_GreyRifts.unity | Assets/_Game/Scenes/Zone_Marsh.unity | Assets/_Game/Scenes/Zone_Quarry.unity | Assets/_Game/Scenes/Zone_TwilightGrove.unity | Assets/_Game/Scenes/Zone_VeilMarsh.unity";""
"Assets/_Game/Art/Loot/Meshes/WorldChestMesh_033_TaperedBox.asset";"0d04cfe6ba9b3874d942e4e52a08f639";"4300000";"TaperedBox";"24";"12";"(0,0.042,0)";"(0.377,0.084,0.2288)";"Assets/_Game/Prefabs/Loot/WorldChests/WorldChest_Guarded.prefab";"Assets/_Game/Scenes/EidraForge.unity | Assets/_Game/Scenes/Zone_EmberRuins.unity | Assets/_Game/Scenes/Zone_Greenwood.unity | Assets/_Game/Scenes/Zone_GreyRifts.unity | Assets/_Game/Scenes/Zone_Marsh.unity | Assets/_Game/Scenes/Zone_Quarry.unity | Assets/_Game/Scenes/Zone_TwilightGrove.unity | Assets/_Game/Scenes/Zone_VeilMarsh.unity";""
"Assets/_Game/Art/Loot/Meshes/WorldChestMesh_034_TaperedBox.asset";"859281f96d0ab844993c1e86b802a876";"4300000";"TaperedBox";"24";"12";"(0,0.035,0)";"(0.232,0.07,0.1408)";"Assets/_Game/Prefabs/Loot/WorldChests/WorldChest_Guarded.prefab";"Assets/_Game/Scenes/EidraForge.unity | Assets/_Game/Scenes/Zone_EmberRuins.unity | Assets/_Game/Scenes/Zone_Greenwood.unity | Assets/_Game/Scenes/Zone_GreyRifts.unity | Assets/_Game/Scenes/Zone_Marsh.unity | Assets/_Game/Scenes/Zone_Quarry.unity | Assets/_Game/Scenes/Zone_TwilightGrove.unity | Assets/_Game/Scenes/Zone_VeilMarsh.unity";""
"Assets/_Game/Art/Loot/Meshes/WorldChestMesh_035_TaperedBox.asset";"c27a941db449b094cab56c9bdf29a9bc";"4300000";"TaperedBox";"24";"12";"(0,0.0245,0)";"(0.29,0.049,0.1584)";"Assets/_Game/Prefabs/Loot/WorldChests/WorldChest_Guarded.prefab";"Assets/_Game/Scenes/EidraForge.unity | Assets/_Game/Scenes/Zone_EmberRuins.unity | Assets/_Game/Scenes/Zone_Greenwood.unity | Assets/_Game/Scenes/Zone_GreyRifts.unity | Assets/_Game/Scenes/Zone_Marsh.unity | Assets/_Game/Scenes/Zone_Quarry.unity | Assets/_Game/Scenes/Zone_TwilightGrove.unity | Assets/_Game/Scenes/Zone_VeilMarsh.unity";""
"Assets/_Game/Art/Loot/Meshes/WorldChestMesh_036_TaperedBox.asset";"92970054d0a725f4b9d52dfe91d82ac3";"4300000";"TaperedBox";"24";"12";"(0,0.0175,0)";"(0.203,0.035,0.1056)";"Assets/_Game/Prefabs/Loot/WorldChests/WorldChest_Guarded.prefab";"Assets/_Game/Scenes/EidraForge.unity | Assets/_Game/Scenes/Zone_EmberRuins.unity | Assets/_Game/Scenes/Zone_Greenwood.unity | Assets/_Game/Scenes/Zone_GreyRifts.unity | Assets/_Game/Scenes/Zone_Marsh.unity | Assets/_Game/Scenes/Zone_Quarry.unity | Assets/_Game/Scenes/Zone_TwilightGrove.unity | Assets/_Game/Scenes/Zone_VeilMarsh.unity";""
"Assets/_Game/Art/Loot/Meshes/WorldChestMesh_037_TaperedBox.asset";"8fccfb60fe8ff8b4a997b55bb851403d";"4300000";"TaperedBox";"24";"12";"(0,0.0264,0)";"(1.06,0.0528,0.704)";"Assets/_Game/Prefabs/Loot/WorldChests/WorldChest_Hidden.prefab";"Assets/_Game/Scenes/EidraForge.unity | Assets/_Game/Scenes/Zone_EmberRuins.unity | Assets/_Game/Scenes/Zone_Greenwood.unity | Assets/_Game/Scenes/Zone_GreyRifts.unity | Assets/_Game/Scenes/Zone_Marsh.unity | Assets/_Game/Scenes/Zone_Quarry.unity | Assets/_Game/Scenes/Zone_TwilightGrove.unity | Assets/_Game/Scenes/Zone_VeilMarsh.unity";""
"Assets/_Game/Art/Loot/Meshes/WorldChestMesh_038_TaperedBox.asset";"5616091a7e30eee4fae1bbd2c4adaa1b";"4300000";"TaperedBox";"24";"12";"(0,0.0672,0)";"(1,0.1344,0.64)";"Assets/_Game/Prefabs/Loot/WorldChests/WorldChest_Hidden.prefab";"Assets/_Game/Scenes/EidraForge.unity | Assets/_Game/Scenes/Zone_EmberRuins.unity | Assets/_Game/Scenes/Zone_Greenwood.unity | Assets/_Game/Scenes/Zone_GreyRifts.unity | Assets/_Game/Scenes/Zone_Marsh.unity | Assets/_Game/Scenes/Zone_Quarry.unity | Assets/_Game/Scenes/Zone_TwilightGrove.unity | Assets/_Game/Scenes/Zone_VeilMarsh.unity";""
"Assets/_Game/Art/Loot/Meshes/WorldChestMesh_039_TaperedBox.asset";"6c18fafac25d91149b5c3e8654525654";"4300000";"TaperedBox";"24";"12";"(0,0.0624,0)";"(1,0.1248,0.64)";"Assets/_Game/Prefabs/Loot/WorldChests/WorldChest_Hidden.prefab";"Assets/_Game/Scenes/EidraForge.unity | Assets/_Game/Scenes/Zone_EmberRuins.unity | Assets/_Game/Scenes/Zone_Greenwood.unity | Assets/_Game/Scenes/Zone_GreyRifts.unity | Assets/_Game/Scenes/Zone_Marsh.unity | Assets/_Game/Scenes/Zone_Quarry.unity | Assets/_Game/Scenes/Zone_TwilightGrove.unity | Assets/_Game/Scenes/Zone_VeilMarsh.unity";""
"Assets/_Game/Art/Loot/Meshes/WorldChestMesh_040_TaperedBox.asset";"63900134c4effde4a8556a37da7ba9ca";"4300000";"TaperedBox";"24";"12";"(0,0.072,0)";"(0.58,0.144,0.0384)";"Assets/_Game/Prefabs/Loot/WorldChests/WorldChest_Hidden.prefab";"Assets/_Game/Scenes/EidraForge.unity | Assets/_Game/Scenes/Zone_EmberRuins.unity | Assets/_Game/Scenes/Zone_Greenwood.unity | Assets/_Game/Scenes/Zone_GreyRifts.unity | Assets/_Game/Scenes/Zone_Marsh.unity | Assets/_Game/Scenes/Zone_Quarry.unity | Assets/_Game/Scenes/Zone_TwilightGrove.unity | Assets/_Game/Scenes/Zone_VeilMarsh.unity";""
"Assets/_Game/Art/Loot/Meshes/WorldChestMesh_041_Loft.asset";"62c866077aae2b04bbb3298792f2f7a8";"4300000";"Loft";"54";"26";"(0,0.1008,0)";"(0.98,0.2016,0.5888)";"Assets/_Game/Prefabs/Loot/WorldChests/WorldChest_Hidden.prefab";"Assets/_Game/Scenes/EidraForge.unity | Assets/_Game/Scenes/Zone_EmberRuins.unity | Assets/_Game/Scenes/Zone_Greenwood.unity | Assets/_Game/Scenes/Zone_GreyRifts.unity | Assets/_Game/Scenes/Zone_Marsh.unity | Assets/_Game/Scenes/Zone_Quarry.unity | Assets/_Game/Scenes/Zone_TwilightGrove.unity | Assets/_Game/Scenes/Zone_VeilMarsh.unity";""
"Assets/_Game/Art/Loot/Meshes/WorldChestMesh_042_TaperedBox.asset";"64f0d7fa16209ed42a7f638d18869f82";"4300000";"TaperedBox";"24";"12";"(0,0.0144,0)";"(0.62,0.0288,0.192)";"Assets/_Game/Prefabs/Loot/WorldChests/WorldChest_Hidden.prefab";"Assets/_Game/Scenes/EidraForge.unity | Assets/_Game/Scenes/Zone_EmberRuins.unity | Assets/_Game/Scenes/Zone_Greenwood.unity | Assets/_Game/Scenes/Zone_GreyRifts.unity | Assets/_Game/Scenes/Zone_Marsh.unity | Assets/_Game/Scenes/Zone_Quarry.unity | Assets/_Game/Scenes/Zone_TwilightGrove.unity | Assets/_Game/Scenes/Zone_VeilMarsh.unity";""
"Assets/_Game/Art/Loot/Meshes/WorldChestMesh_043_TaperedBox.asset";"0ad18dff1e31e634b8d71bec7fd84ab1";"4300000";"TaperedBox";"24";"12";"(0,0.0816,0)";"(0.15,0.1632,0.064)";"Assets/_Game/Prefabs/Loot/WorldChests/WorldChest_Hidden.prefab";"Assets/_Game/Scenes/EidraForge.unity | Assets/_Game/Scenes/Zone_EmberRuins.unity | Assets/_Game/Scenes/Zone_Greenwood.unity | Assets/_Game/Scenes/Zone_GreyRifts.unity | Assets/_Game/Scenes/Zone_Marsh.unity | Assets/_Game/Scenes/Zone_Quarry.unity | Assets/_Game/Scenes/Zone_TwilightGrove.unity | Assets/_Game/Scenes/Zone_VeilMarsh.unity";""
"Assets/_Game/Art/Loot/Meshes/WorldChestMesh_044_TaperedBox.asset";"d2ba36556b88a5146bd1b17f5a9a9d77";"4300000";"TaperedBox";"24";"12";"(0,0.2448,0)";"(0.08,0.4896,0.6784)";"Assets/_Game/Prefabs/Loot/WorldChests/WorldChest_Hidden.prefab";"Assets/_Game/Scenes/EidraForge.unity | Assets/_Game/Scenes/Zone_EmberRuins.unity | Assets/_Game/Scenes/Zone_Greenwood.unity | Assets/_Game/Scenes/Zone_GreyRifts.unity | Assets/_Game/Scenes/Zone_Marsh.unity | Assets/_Game/Scenes/Zone_Quarry.unity | Assets/_Game/Scenes/Zone_TwilightGrove.unity | Assets/_Game/Scenes/Zone_VeilMarsh.unity";""
"Assets/_Game/Art/Loot/Meshes/WorldChestMesh_045_TaperedBox.asset";"224f22b390b2afd449b8406b52dc9adf";"4300000";"TaperedBox";"24";"12";"(0,0.2448,0)";"(0.08,0.4896,0.6784)";"Assets/_Game/Prefabs/Loot/WorldChests/WorldChest_Hidden.prefab";"Assets/_Game/Scenes/EidraForge.unity | Assets/_Game/Scenes/Zone_EmberRuins.unity | Assets/_Game/Scenes/Zone_Greenwood.unity | Assets/_Game/Scenes/Zone_GreyRifts.unity | Assets/_Game/Scenes/Zone_Marsh.unity | Assets/_Game/Scenes/Zone_Quarry.unity | Assets/_Game/Scenes/Zone_TwilightGrove.unity | Assets/_Game/Scenes/Zone_VeilMarsh.unity";""
"Assets/_Game/Art/Loot/Meshes/WorldChestMesh_046_Loft.asset";"8e79c6b1110f4764bbd06da99adddf12";"4300000";"Loft";"32";"16";"(0,0.048,0)";"(1.053223,0.096,0.674063)";"Assets/_Game/Prefabs/Loot/WorldChests/WorldChest_Hidden.prefab";"Assets/_Game/Scenes/EidraForge.unity | Assets/_Game/Scenes/Zone_EmberRuins.unity | Assets/_Game/Scenes/Zone_Greenwood.unity | Assets/_Game/Scenes/Zone_GreyRifts.unity | Assets/_Game/Scenes/Zone_Marsh.unity | Assets/_Game/Scenes/Zone_Quarry.unity | Assets/_Game/Scenes/Zone_TwilightGrove.unity | Assets/_Game/Scenes/Zone_VeilMarsh.unity";""
"Assets/_Game/Art/Loot/Meshes/WorldChestMesh_047_TaperedBox.asset";"6c2ec926ad458954e9299901090ce2b6";"4300000";"TaperedBox";"24";"12";"(0,0.0192,0)";"(0.2,0.0384,0.1536)";"Assets/_Game/Prefabs/Loot/WorldChests/WorldChest_Hidden.prefab";"Assets/_Game/Scenes/EidraForge.unity | Assets/_Game/Scenes/Zone_EmberRuins.unity | Assets/_Game/Scenes/Zone_Greenwood.unity | Assets/_Game/Scenes/Zone_GreyRifts.unity | Assets/_Game/Scenes/Zone_Marsh.unity | Assets/_Game/Scenes/Zone_Quarry.unity | Assets/_Game/Scenes/Zone_TwilightGrove.unity | Assets/_Game/Scenes/Zone_VeilMarsh.unity";""
"Assets/_Game/Art/Loot/Meshes/WorldChestMesh_048_TaperedBox.asset";"9146dbb23efab8843b33d9da44c22798";"4300000";"TaperedBox";"24";"12";"(0,0.0144,0)";"(0.14,0.0288,0.1024)";"Assets/_Game/Prefabs/Loot/WorldChests/WorldChest_Hidden.prefab";"Assets/_Game/Scenes/EidraForge.unity | Assets/_Game/Scenes/Zone_EmberRuins.unity | Assets/_Game/Scenes/Zone_Greenwood.unity | Assets/_Game/Scenes/Zone_GreyRifts.unity | Assets/_Game/Scenes/Zone_Marsh.unity | Assets/_Game/Scenes/Zone_Quarry.unity | Assets/_Game/Scenes/Zone_TwilightGrove.unity | Assets/_Game/Scenes/Zone_VeilMarsh.unity";""
"Assets/_Game/Art/Loot/Meshes/WorldChestMesh_049_TaperedBox.asset";"6de882c830d340a49bd76c830c231b8a";"4300000";"TaperedBox";"24";"12";"(0,0.0175,0)";"(0.78,0.035,0.448)";"Assets/_Game/Prefabs/Loot/WorldChests/WorldChest_Hidden.prefab";"Assets/_Game/Scenes/EidraForge.unity | Assets/_Game/Scenes/Zone_EmberRuins.unity | Assets/_Game/Scenes/Zone_Greenwood.unity | Assets/_Game/Scenes/Zone_GreyRifts.unity | Assets/_Game/Scenes/Zone_Marsh.unity | Assets/_Game/Scenes/Zone_Quarry.unity | Assets/_Game/Scenes/Zone_TwilightGrove.unity | Assets/_Game/Scenes/Zone_VeilMarsh.unity";""
"Assets/_Game/Art/Loot/Meshes/WorldChestMesh_050_TaperedBox.asset";"f111813601b90a04b8007505d5ad82ad";"4300000";"TaperedBox";"24";"12";"(0,0.0125,0)";"(0.62,0.025,0.3328)";"Assets/_Game/Prefabs/Loot/WorldChests/WorldChest_Hidden.prefab";"Assets/_Game/Scenes/EidraForge.unity | Assets/_Game/Scenes/Zone_EmberRuins.unity | Assets/_Game/Scenes/Zone_Greenwood.unity | Assets/_Game/Scenes/Zone_GreyRifts.unity | Assets/_Game/Scenes/Zone_Marsh.unity | Assets/_Game/Scenes/Zone_Quarry.unity | Assets/_Game/Scenes/Zone_TwilightGrove.unity | Assets/_Game/Scenes/Zone_VeilMarsh.unity";""
"Assets/_Game/Art/Loot/Meshes/WorldChestMesh_051_TaperedBox.asset";"906c2d4e7c92f7c459e615ed204f3718";"4300000";"TaperedBox";"24";"12";"(0,0.0432,0)";"(0.42,0.0864,0.256)";"Assets/_Game/Prefabs/Loot/WorldChests/WorldChest_Hidden.prefab";"Assets/_Game/Scenes/EidraForge.unity | Assets/_Game/Scenes/Zone_EmberRuins.unity | Assets/_Game/Scenes/Zone_Greenwood.unity | Assets/_Game/Scenes/Zone_GreyRifts.unity | Assets/_Game/Scenes/Zone_Marsh.unity | Assets/_Game/Scenes/Zone_Quarry.unity | Assets/_Game/Scenes/Zone_TwilightGrove.unity | Assets/_Game/Scenes/Zone_VeilMarsh.unity";""
"Assets/_Game/Art/Loot/Meshes/WorldChestMesh_052_TaperedBox.asset";"24fe8e0ce8234b54cbce4a79712eefa7";"4300000";"TaperedBox";"24";"12";"(0,0.0288,0)";"(0.26,0.0576,0.1664)";"Assets/_Game/Prefabs/Loot/WorldChests/WorldChest_Hidden.prefab";"Assets/_Game/Scenes/EidraForge.unity | Assets/_Game/Scenes/Zone_EmberRuins.unity | Assets/_Game/Scenes/Zone_Greenwood.unity | Assets/_Game/Scenes/Zone_GreyRifts.unity | Assets/_Game/Scenes/Zone_Marsh.unity | Assets/_Game/Scenes/Zone_Quarry.unity | Assets/_Game/Scenes/Zone_TwilightGrove.unity | Assets/_Game/Scenes/Zone_VeilMarsh.unity";""
"Assets/_Game/Art/Loot/Meshes/WorldChestMesh_053_TaperedBox.asset";"e99d86340e978f94c9342408d2cd7726";"4300000";"TaperedBox";"24";"12";"(0,0.024,0)";"(0.16,0.048,0.1024)";"Assets/_Game/Prefabs/Loot/WorldChests/WorldChest_Hidden.prefab";"Assets/_Game/Scenes/EidraForge.unity | Assets/_Game/Scenes/Zone_EmberRuins.unity | Assets/_Game/Scenes/Zone_Greenwood.unity | Assets/_Game/Scenes/Zone_GreyRifts.unity | Assets/_Game/Scenes/Zone_Marsh.unity | Assets/_Game/Scenes/Zone_Quarry.unity | Assets/_Game/Scenes/Zone_TwilightGrove.unity | Assets/_Game/Scenes/Zone_VeilMarsh.unity";""
"Assets/_Game/Art/Loot/Meshes/WorldChestMesh_054_TaperedBox.asset";"bbaba22163a5b7545952f6714ec5e88d";"4300000";"TaperedBox";"24";"12";"(0,0.0168,0)";"(0.2,0.0336,0.1152)";"Assets/_Game/Prefabs/Loot/WorldChests/WorldChest_Hidden.prefab";"Assets/_Game/Scenes/EidraForge.unity | Assets/_Game/Scenes/Zone_EmberRuins.unity | Assets/_Game/Scenes/Zone_Greenwood.unity | Assets/_Game/Scenes/Zone_GreyRifts.unity | Assets/_Game/Scenes/Zone_Marsh.unity | Assets/_Game/Scenes/Zone_Quarry.unity | Assets/_Game/Scenes/Zone_TwilightGrove.unity | Assets/_Game/Scenes/Zone_VeilMarsh.unity";""
"Assets/_Game/Art/Loot/Meshes/WorldChestMesh_055_TaperedBox.asset";"ea70f968d4259f842a9492f0bbd3fb42";"4300000";"TaperedBox";"24";"12";"(0,0.012,0)";"(0.14,0.024,0.0768)";"Assets/_Game/Prefabs/Loot/WorldChests/WorldChest_Hidden.prefab";"Assets/_Game/Scenes/EidraForge.unity | Assets/_Game/Scenes/Zone_EmberRuins.unity | Assets/_Game/Scenes/Zone_Greenwood.unity | Assets/_Game/Scenes/Zone_GreyRifts.unity | Assets/_Game/Scenes/Zone_Marsh.unity | Assets/_Game/Scenes/Zone_Quarry.unity | Assets/_Game/Scenes/Zone_TwilightGrove.unity | Assets/_Game/Scenes/Zone_VeilMarsh.unity";""
"Assets/_Game/Art/Resources/T1Meshes/T1_000_Stamm.asset";"f78604a15782eef46920a33297aa2b49";"4300000";"Loft";"164";"76";"(0,1.6,0)";"(1.367342,3.2,1.367342)";"Assets/_Game/Prefabs/Environment/AreaArtVariants/EmberRuins_tree_Active.prefab | Assets/_Game/Prefabs/Environment/AreaArtVariants/Greenwood_tree_Active.prefab | Assets/_Game/Prefabs/Environment/AreaArtVariants/Marsh_tree_Active.prefab | Assets/_Game/Prefabs/Environment/AreaArtVariants/Quarry_tree_Active.prefab | Assets/_Game/Prefabs/Resources/Nodes/Tree.prefab | Assets/_Game/Prefabs/Resources/Visuals/Tree_Active.prefab";"Assets/_Game/Scenes/HomeBase.unity | Assets/_Game/Scenes/Zone_EmberRuins.unity | Assets/_Game/Scenes/Zone_Greenwood.unity | Assets/_Game/Scenes/Zone_Marsh.unity | Assets/_Game/Scenes/Zone_Quarry.unity";"Assets/_Game/Editor/ResourceContentBuilder.cs | Assets/_Game/Editor/T1ResourceVisualBuilder.cs | Assets/_Game/Editor/T2ResourceVisualBuilder.cs"
"Assets/_Game/Art/Resources/T1Meshes/T1_001_AstA.asset";"7c2e9f4dda0e7754ea5abfc0b07e226d";"4300000";"TaperedBox";"24";"12";"(0,0.8,0)";"(0.32,1.6,0.32)";"Assets/_Game/Prefabs/Environment/AreaArtVariants/EmberRuins_tree_Active.prefab | Assets/_Game/Prefabs/Environment/AreaArtVariants/Greenwood_tree_Active.prefab | Assets/_Game/Prefabs/Environment/AreaArtVariants/Marsh_tree_Active.prefab | Assets/_Game/Prefabs/Environment/AreaArtVariants/Quarry_tree_Active.prefab | Assets/_Game/Prefabs/Resources/Nodes/Tree.prefab | Assets/_Game/Prefabs/Resources/Visuals/Tree_Active.prefab";"Assets/_Game/Scenes/HomeBase.unity | Assets/_Game/Scenes/Zone_EmberRuins.unity | Assets/_Game/Scenes/Zone_Greenwood.unity | Assets/_Game/Scenes/Zone_Marsh.unity | Assets/_Game/Scenes/Zone_Quarry.unity";"Assets/_Game/Editor/ResourceContentBuilder.cs | Assets/_Game/Editor/T1ResourceVisualBuilder.cs | Assets/_Game/Editor/T2ResourceVisualBuilder.cs"
"Assets/_Game/Art/Resources/T1Meshes/T1_002_AstB.asset";"6b01a0919815e9f4f840335f8ac2dfdd";"4300000";"TaperedBox";"24";"12";"(0,0.7,0)";"(0.28,1.4,0.28)";"Assets/_Game/Prefabs/Environment/AreaArtVariants/EmberRuins_tree_Active.prefab | Assets/_Game/Prefabs/Environment/AreaArtVariants/Greenwood_tree_Active.prefab | Assets/_Game/Prefabs/Environment/AreaArtVariants/Marsh_tree_Active.prefab | Assets/_Game/Prefabs/Environment/AreaArtVariants/Quarry_tree_Active.prefab | Assets/_Game/Prefabs/Resources/Nodes/Tree.prefab | Assets/_Game/Prefabs/Resources/Visuals/Tree_Active.prefab";"Assets/_Game/Scenes/HomeBase.unity | Assets/_Game/Scenes/Zone_EmberRuins.unity | Assets/_Game/Scenes/Zone_Greenwood.unity | Assets/_Game/Scenes/Zone_Marsh.unity | Assets/_Game/Scenes/Zone_Quarry.unity";"Assets/_Game/Editor/ResourceContentBuilder.cs | Assets/_Game/Editor/T1ResourceVisualBuilder.cs | Assets/_Game/Editor/T2ResourceVisualBuilder.cs"
"Assets/_Game/Art/Resources/T1Meshes/T1_003_KroneTief.asset";"91c0861d24af7a94daf3eb06141f410c";"4300000";"Loft";"132";"60";"(0,0.6,0)";"(3.880294,2,3.60313)";"Assets/_Game/Prefabs/Environment/AreaArtVariants/EmberRuins_tree_Active.prefab | Assets/_Game/Prefabs/Environment/AreaArtVariants/Greenwood_tree_Active.prefab | Assets/_Game/Prefabs/Environment/AreaArtVariants/Marsh_tree_Active.prefab | Assets/_Game/Prefabs/Environment/AreaArtVariants/Quarry_tree_Active.prefab | Assets/_Game/Prefabs/Resources/Nodes/Tree.prefab | Assets/_Game/Prefabs/Resources/Visuals/Tree_Active.prefab";"Assets/_Game/Scenes/HomeBase.unity | Assets/_Game/Scenes/Zone_EmberRuins.unity | Assets/_Game/Scenes/Zone_Greenwood.unity | Assets/_Game/Scenes/Zone_Marsh.unity | Assets/_Game/Scenes/Zone_Quarry.unity";"Assets/_Game/Editor/ResourceContentBuilder.cs | Assets/_Game/Editor/T1ResourceVisualBuilder.cs | Assets/_Game/Editor/T2ResourceVisualBuilder.cs"
"Assets/_Game/Art/Resources/T1Meshes/T1_004_KroneMitte.asset";"c14bdde05713c0a45aef81bfdb8300a6";"4300000";"Loft";"132";"60";"(0,0.75,0)";"(2.771639,1.5,2.586863)";"Assets/_Game/Prefabs/Environment/AreaArtVariants/EmberRuins_tree_Active.prefab | Assets/_Game/Prefabs/Environment/AreaArtVariants/Greenwood_tree_Active.prefab | Assets/_Game/Prefabs/Environment/AreaArtVariants/Marsh_tree_Active.prefab | Assets/_Game/Prefabs/Environment/AreaArtVariants/Quarry_tree_Active.prefab | Assets/_Game/Prefabs/Resources/Nodes/Tree.prefab | Assets/_Game/Prefabs/Resources/Visuals/Tree_Active.prefab";"Assets/_Game/Scenes/HomeBase.unity | Assets/_Game/Scenes/Zone_EmberRuins.unity | Assets/_Game/Scenes/Zone_Greenwood.unity | Assets/_Game/Scenes/Zone_Marsh.unity | Assets/_Game/Scenes/Zone_Quarry.unity";"Assets/_Game/Editor/ResourceContentBuilder.cs | Assets/_Game/Editor/T1ResourceVisualBuilder.cs | Assets/_Game/Editor/T2ResourceVisualBuilder.cs"
"Assets/_Game/Art/Resources/T1Meshes/T1_005_KroneHoch.asset";"21305590b6cc44147ae471147ebc4909";"4300000";"Loft";"132";"60";"(0,0.3,0)";"(1.385819,0.6,1.293431)";"Assets/_Game/Prefabs/Environment/AreaArtVariants/EmberRuins_tree_Active.prefab | Assets/_Game/Prefabs/Environment/AreaArtVariants/Greenwood_tree_Active.prefab | Assets/_Game/Prefabs/Environment/AreaArtVariants/Marsh_tree_Active.prefab | Assets/_Game/Prefabs/Environment/AreaArtVariants/Quarry_tree_Active.prefab | Assets/_Game/Prefabs/Resources/Nodes/Tree.prefab | Assets/_Game/Prefabs/Resources/Visuals/Tree_Active.prefab";"Assets/_Game/Scenes/HomeBase.unity | Assets/_Game/Scenes/Zone_EmberRuins.unity | Assets/_Game/Scenes/Zone_Greenwood.unity | Assets/_Game/Scenes/Zone_Marsh.unity | Assets/_Game/Scenes/Zone_Quarry.unity";"Assets/_Game/Editor/ResourceContentBuilder.cs | Assets/_Game/Editor/T1ResourceVisualBuilder.cs | Assets/_Game/Editor/T2ResourceVisualBuilder.cs"
"Assets/_Game/Art/Resources/T1Meshes/T1_006_Stumpf.asset";"7b5d9d398e754844e9435e9dbab9cce2";"4300000";"Loft";"164";"76";"(0,0.35,0)";"(1.496685,0.7,1.496685)";"Assets/_Game/Prefabs/Environment/AreaArtVariants/EmberRuins_tree_Exhausted.prefab | Assets/_Game/Prefabs/Environment/AreaArtVariants/Greenwood_tree_Exhausted.prefab | Assets/_Game/Prefabs/Environment/AreaArtVariants/Marsh_tree_Exhausted.prefab | Assets/_Game/Prefabs/Environment/AreaArtVariants/Quarry_tree_Exhausted.prefab | Assets/_Game/Prefabs/Resources/Nodes/Tree.prefab | Assets/_Game/Prefabs/Resources/Visuals/Tree_Exhausted.prefab";"Assets/_Game/Scenes/HomeBase.unity | Assets/_Game/Scenes/Zone_EmberRuins.unity | Assets/_Game/Scenes/Zone_Greenwood.unity | Assets/_Game/Scenes/Zone_Marsh.unity | Assets/_Game/Scenes/Zone_Quarry.unity";"Assets/_Game/Editor/ResourceContentBuilder.cs | Assets/_Game/Editor/T1ResourceVisualBuilder.cs | Assets/_Game/Editor/T2ResourceVisualBuilder.cs"
"Assets/_Game/Art/Resources/T1Meshes/T1_007_SplitterA.asset";"420f9b85661ab294d8c9255126ddcce7";"4300000";"TaperedBox";"24";"12";"(0,0.08,0)";"(0.6,0.16,0.22)";"Assets/_Game/Prefabs/Environment/AreaArtVariants/EmberRuins_tree_Exhausted.prefab | Assets/_Game/Prefabs/Environment/AreaArtVariants/Greenwood_tree_Exhausted.prefab | Assets/_Game/Prefabs/Environment/AreaArtVariants/Marsh_tree_Exhausted.prefab | Assets/_Game/Prefabs/Environment/AreaArtVariants/Quarry_tree_Exhausted.prefab | Assets/_Game/Prefabs/Resources/Nodes/Tree.prefab | Assets/_Game/Prefabs/Resources/Visuals/Tree_Exhausted.prefab";"Assets/_Game/Scenes/HomeBase.unity | Assets/_Game/Scenes/Zone_EmberRuins.unity | Assets/_Game/Scenes/Zone_Greenwood.unity | Assets/_Game/Scenes/Zone_Marsh.unity | Assets/_Game/Scenes/Zone_Quarry.unity";"Assets/_Game/Editor/ResourceContentBuilder.cs | Assets/_Game/Editor/T1ResourceVisualBuilder.cs | Assets/_Game/Editor/T2ResourceVisualBuilder.cs"
"Assets/_Game/Art/Resources/T1Meshes/T1_008_SplitterB.asset";"6bf1eb8a650362e4b8db015c4a7d31c2";"4300000";"TaperedBox";"24";"12";"(0,0.07,0)";"(0.5,0.14,0.2)";"Assets/_Game/Prefabs/Environment/AreaArtVariants/EmberRuins_tree_Exhausted.prefab | Assets/_Game/Prefabs/Environment/AreaArtVariants/Greenwood_tree_Exhausted.prefab | Assets/_Game/Prefabs/Environment/AreaArtVariants/Marsh_tree_Exhausted.prefab | Assets/_Game/Prefabs/Environment/AreaArtVariants/Quarry_tree_Exhausted.prefab | Assets/_Game/Prefabs/Resources/Nodes/Tree.prefab | Assets/_Game/Prefabs/Resources/Visuals/Tree_Exhausted.prefab";"Assets/_Game/Scenes/HomeBase.unity | Assets/_Game/Scenes/Zone_EmberRuins.unity | Assets/_Game/Scenes/Zone_Greenwood.unity | Assets/_Game/Scenes/Zone_Marsh.unity | Assets/_Game/Scenes/Zone_Quarry.unity";"Assets/_Game/Editor/ResourceContentBuilder.cs | Assets/_Game/Editor/T1ResourceVisualBuilder.cs | Assets/_Game/Editor/T2ResourceVisualBuilder.cs"
"Assets/_Game/Art/Resources/T1Meshes/T1_009_Kuppel.asset";"2f8e197442a2d1e40917c809b6cfb2e2";"4300000";"Loft";"100";"44";"(0,0.45,0)";"(1.201043,0.9,1.062461)";"Assets/_Game/Prefabs/Resources/Nodes/BerryBush.prefab | Assets/_Game/Prefabs/Resources/Visuals/BerryBush_Active.prefab";"Assets/_Game/Scenes/HomeBase.unity | Assets/_Game/Scenes/Zone_EmberRuins.unity | Assets/_Game/Scenes/Zone_Greenwood.unity | Assets/_Game/Scenes/Zone_GreyRifts.unity | Assets/_Game/Scenes/Zone_Marsh.unity | Assets/_Game/Scenes/Zone_Quarry.unity | Assets/_Game/Scenes/Zone_TwilightGrove.unity | Assets/_Game/Scenes/Zone_VeilMarsh.unity";"Assets/_Game/Editor/ResourceContentBuilder.cs | Assets/_Game/Editor/T1ResourceVisualBuilder.cs | Assets/_Game/Editor/T2ResourceVisualBuilder.cs"
"Assets/_Game/Art/Resources/T1Meshes/T1_010_Beere.asset";"69fe28e14b600de488694de287947e41";"4300000";"TaperedBox";"24";"12";"(0,0.05,0)";"(0.08,0.1,0.08)";"Assets/_Game/Prefabs/Resources/Nodes/BerryBush.prefab | Assets/_Game/Prefabs/Resources/Visuals/BerryBush_Active.prefab";"Assets/_Game/Scenes/HomeBase.unity | Assets/_Game/Scenes/Zone_EmberRuins.unity | Assets/_Game/Scenes/Zone_Greenwood.unity | Assets/_Game/Scenes/Zone_GreyRifts.unity | Assets/_Game/Scenes/Zone_Marsh.unity | Assets/_Game/Scenes/Zone_Quarry.unity | Assets/_Game/Scenes/Zone_TwilightGrove.unity | Assets/_Game/Scenes/Zone_VeilMarsh.unity";"Assets/_Game/Editor/ResourceContentBuilder.cs | Assets/_Game/Editor/T1ResourceVisualBuilder.cs | Assets/_Game/Editor/T2ResourceVisualBuilder.cs"
"Assets/_Game/Art/Resources/T1Meshes/T1_011_Beere.asset";"a372e0c9c2841b446ac38417298d42b9";"4300000";"TaperedBox";"24";"12";"(0,0.06,0)";"(0.1,0.12,0.1)";"Assets/_Game/Prefabs/Resources/Nodes/BerryBush.prefab | Assets/_Game/Prefabs/Resources/Visuals/BerryBush_Active.prefab";"Assets/_Game/Scenes/HomeBase.unity | Assets/_Game/Scenes/Zone_EmberRuins.unity | Assets/_Game/Scenes/Zone_Greenwood.unity | Assets/_Game/Scenes/Zone_GreyRifts.unity | Assets/_Game/Scenes/Zone_Marsh.unity | Assets/_Game/Scenes/Zone_Quarry.unity | Assets/_Game/Scenes/Zone_TwilightGrove.unity | Assets/_Game/Scenes/Zone_VeilMarsh.unity";"Assets/_Game/Editor/ResourceContentBuilder.cs | Assets/_Game/Editor/T1ResourceVisualBuilder.cs | Assets/_Game/Editor/T2ResourceVisualBuilder.cs"
"Assets/_Game/Art/Resources/T1Meshes/T1_012_Beere.asset";"90894af66b919da40982bf0623524f82";"4300000";"TaperedBox";"24";"12";"(0,0.05,0)";"(0.12,0.1,0.12)";"Assets/_Game/Prefabs/Resources/Nodes/BerryBush.prefab | Assets/_Game/Prefabs/Resources/Visuals/BerryBush_Active.prefab";"Assets/_Game/Scenes/HomeBase.unity | Assets/_Game/Scenes/Zone_EmberRuins.unity | Assets/_Game/Scenes/Zone_Greenwood.unity | Assets/_Game/Scenes/Zone_GreyRifts.unity | Assets/_Game/Scenes/Zone_Marsh.unity | Assets/_Game/Scenes/Zone_Quarry.unity | Assets/_Game/Scenes/Zone_TwilightGrove.unity | Assets/_Game/Scenes/Zone_VeilMarsh.unity";"Assets/_Game/Editor/ResourceContentBuilder.cs | Assets/_Game/Editor/T1ResourceVisualBuilder.cs | Assets/_Game/Editor/T2ResourceVisualBuilder.cs"
"Assets/_Game/Art/Resources/T1Meshes/T1_013_Beere.asset";"1ad7be7022d871749bc95ed4a831b3b3";"4300000";"TaperedBox";"24";"12";"(0,0.06,0)";"(0.08,0.12,0.08)";"Assets/_Game/Prefabs/Resources/Nodes/BerryBush.prefab | Assets/_Game/Prefabs/Resources/Visuals/BerryBush_Active.prefab";"Assets/_Game/Scenes/HomeBase.unity | Assets/_Game/Scenes/Zone_EmberRuins.unity | Assets/_Game/Scenes/Zone_Greenwood.unity | Assets/_Game/Scenes/Zone_GreyRifts.unity | Assets/_Game/Scenes/Zone_Marsh.unity | Assets/_Game/Scenes/Zone_Quarry.unity | Assets/_Game/Scenes/Zone_TwilightGrove.unity | Assets/_Game/Scenes/Zone_VeilMarsh.unity";"Assets/_Game/Editor/ResourceContentBuilder.cs | Assets/_Game/Editor/T1ResourceVisualBuilder.cs | Assets/_Game/Editor/T2ResourceVisualBuilder.cs"
"Assets/_Game/Art/Resources/T1Meshes/T1_014_Beere.asset";"e9853a42370e91245841524b29902175";"4300000";"TaperedBox";"24";"12";"(0,0.05,0)";"(0.1,0.1,0.1)";"Assets/_Game/Prefabs/Resources/Nodes/BerryBush.prefab | Assets/_Game/Prefabs/Resources/Visuals/BerryBush_Active.prefab";"Assets/_Game/Scenes/HomeBase.unity | Assets/_Game/Scenes/Zone_EmberRuins.unity | Assets/_Game/Scenes/Zone_Greenwood.unity | Assets/_Game/Scenes/Zone_GreyRifts.unity | Assets/_Game/Scenes/Zone_Marsh.unity | Assets/_Game/Scenes/Zone_Quarry.unity | Assets/_Game/Scenes/Zone_TwilightGrove.unity | Assets/_Game/Scenes/Zone_VeilMarsh.unity";"Assets/_Game/Editor/ResourceContentBuilder.cs | Assets/_Game/Editor/T1ResourceVisualBuilder.cs | Assets/_Game/Editor/T2ResourceVisualBuilder.cs"
"Assets/_Game/Art/Resources/T1Meshes/T1_015_Beere.asset";"65a15f0d6f372b744bedea186be7805b";"4300000";"TaperedBox";"24";"12";"(0,0.06,0)";"(0.12,0.12,0.12)";"Assets/_Game/Prefabs/Resources/Nodes/BerryBush.prefab | Assets/_Game/Prefabs/Resources/Visuals/BerryBush_Active.prefab";"Assets/_Game/Scenes/HomeBase.unity | Assets/_Game/Scenes/Zone_EmberRuins.unity | Assets/_Game/Scenes/Zone_Greenwood.unity | Assets/_Game/Scenes/Zone_GreyRifts.unity | Assets/_Game/Scenes/Zone_Marsh.unity | Assets/_Game/Scenes/Zone_Quarry.unity | Assets/_Game/Scenes/Zone_TwilightGrove.unity | Assets/_Game/Scenes/Zone_VeilMarsh.unity";"Assets/_Game/Editor/ResourceContentBuilder.cs | Assets/_Game/Editor/T1ResourceVisualBuilder.cs | Assets/_Game/Editor/T2ResourceVisualBuilder.cs"
"Assets/_Game/Art/Resources/T1Meshes/T1_016_Beere.asset";"8ea496ecd302899459c4c1b2d5e347f6";"4300000";"TaperedBox";"24";"12";"(0,0.05,0)";"(0.08,0.1,0.08)";"Assets/_Game/Prefabs/Resources/Nodes/BerryBush.prefab | Assets/_Game/Prefabs/Resources/Visuals/BerryBush_Active.prefab";"Assets/_Game/Scenes/HomeBase.unity | Assets/_Game/Scenes/Zone_EmberRuins.unity | Assets/_Game/Scenes/Zone_Greenwood.unity | Assets/_Game/Scenes/Zone_GreyRifts.unity | Assets/_Game/Scenes/Zone_Marsh.unity | Assets/_Game/Scenes/Zone_Quarry.unity | Assets/_Game/Scenes/Zone_TwilightGrove.unity | Assets/_Game/Scenes/Zone_VeilMarsh.unity";"Assets/_Game/Editor/ResourceContentBuilder.cs | Assets/_Game/Editor/T1ResourceVisualBuilder.cs | Assets/_Game/Editor/T2ResourceVisualBuilder.cs"
"Assets/_Game/Art/Resources/T1Meshes/T1_017_Beere.asset";"b5976196be38c2f47b2f2810fe31b5de";"4300000";"TaperedBox";"24";"12";"(0,0.06,0)";"(0.1,0.12,0.1)";"Assets/_Game/Prefabs/Resources/Nodes/BerryBush.prefab | Assets/_Game/Prefabs/Resources/Visuals/BerryBush_Active.prefab";"Assets/_Game/Scenes/HomeBase.unity | Assets/_Game/Scenes/Zone_EmberRuins.unity | Assets/_Game/Scenes/Zone_Greenwood.unity | Assets/_Game/Scenes/Zone_GreyRifts.unity | Assets/_Game/Scenes/Zone_Marsh.unity | Assets/_Game/Scenes/Zone_Quarry.unity | Assets/_Game/Scenes/Zone_TwilightGrove.unity | Assets/_Game/Scenes/Zone_VeilMarsh.unity";"Assets/_Game/Editor/ResourceContentBuilder.cs | Assets/_Game/Editor/T1ResourceVisualBuilder.cs | Assets/_Game/Editor/T2ResourceVisualBuilder.cs"
"Assets/_Game/Art/Resources/T1Meshes/T1_018_Beere.asset";"d0034e088ceef89419b2fb9dfd0aa314";"4300000";"TaperedBox";"24";"12";"(0,0.05,0)";"(0.12,0.1,0.12)";"Assets/_Game/Prefabs/Resources/Nodes/BerryBush.prefab | Assets/_Game/Prefabs/Resources/Visuals/BerryBush_Active.prefab";"Assets/_Game/Scenes/HomeBase.unity | Assets/_Game/Scenes/Zone_EmberRuins.unity | Assets/_Game/Scenes/Zone_Greenwood.unity | Assets/_Game/Scenes/Zone_GreyRifts.unity | Assets/_Game/Scenes/Zone_Marsh.unity | Assets/_Game/Scenes/Zone_Quarry.unity | Assets/_Game/Scenes/Zone_TwilightGrove.unity | Assets/_Game/Scenes/Zone_VeilMarsh.unity";"Assets/_Game/Editor/ResourceContentBuilder.cs | Assets/_Game/Editor/T1ResourceVisualBuilder.cs | Assets/_Game/Editor/T2ResourceVisualBuilder.cs"
"Assets/_Game/Art/Resources/T1Meshes/T1_019_Kuppel.asset";"9c7e672500fad9243bd5b5e20d61c806";"4300000";"Loft";"100";"44";"(0,0.35,0)";"(0.877686,0.7,0.785298)";"Assets/_Game/Prefabs/Resources/Nodes/BerryBush.prefab | Assets/_Game/Prefabs/Resources/Visuals/BerryBush_Exhausted.prefab";"Assets/_Game/Scenes/HomeBase.unity | Assets/_Game/Scenes/Zone_EmberRuins.unity | Assets/_Game/Scenes/Zone_Greenwood.unity | Assets/_Game/Scenes/Zone_GreyRifts.unity | Assets/_Game/Scenes/Zone_Marsh.unity | Assets/_Game/Scenes/Zone_Quarry.unity | Assets/_Game/Scenes/Zone_TwilightGrove.unity | Assets/_Game/Scenes/Zone_VeilMarsh.unity";"Assets/_Game/Editor/ResourceContentBuilder.cs | Assets/_Game/Editor/T1ResourceVisualBuilder.cs | Assets/_Game/Editor/T2ResourceVisualBuilder.cs"
"Assets/_Game/Art/Resources/T1Meshes/T1_020_Halm.asset";"9c11da96a06050844bb0844b74def749";"4300000";"TaperedBox";"24";"12";"(0,0.4,0)";"(0.06,0.8,0.06)";"Assets/_Game/Prefabs/Environment/AreaArtVariants/Marsh_fiber_plant_Active.prefab | Assets/_Game/Prefabs/Resources/Nodes/FiberPlant.prefab | Assets/_Game/Prefabs/Resources/Visuals/FiberPlant_Active.prefab";"Assets/_Game/Scenes/HomeBase.unity | Assets/_Game/Scenes/Zone_EmberRuins.unity | Assets/_Game/Scenes/Zone_Greenwood.unity | Assets/_Game/Scenes/Zone_Marsh.unity | Assets/_Game/Scenes/Zone_Quarry.unity";"Assets/_Game/Editor/ResourceContentBuilder.cs | Assets/_Game/Editor/T1ResourceVisualBuilder.cs | Assets/_Game/Editor/T2ResourceVisualBuilder.cs"
"Assets/_Game/Art/Resources/T1Meshes/T1_021_Rispe.asset";"c43d982833f3200449491f6e04af753b";"4300000";"TaperedBox";"24";"12";"(0,0.08,0)";"(0.18,0.16,0.18)";"Assets/_Game/Prefabs/Environment/AreaArtVariants/Marsh_fiber_plant_Active.prefab | Assets/_Game/Prefabs/Resources/Nodes/FiberPlant.prefab | Assets/_Game/Prefabs/Resources/Visuals/FiberPlant_Active.prefab";"Assets/_Game/Scenes/HomeBase.unity | Assets/_Game/Scenes/Zone_EmberRuins.unity | Assets/_Game/Scenes/Zone_Greenwood.unity | Assets/_Game/Scenes/Zone_Marsh.unity | Assets/_Game/Scenes/Zone_Quarry.unity";"Assets/_Game/Editor/ResourceContentBuilder.cs | Assets/_Game/Editor/T1ResourceVisualBuilder.cs | Assets/_Game/Editor/T2ResourceVisualBuilder.cs"
"Assets/_Game/Art/Resources/T1Meshes/T1_022_Halm.asset";"d759b7a5a6927624ea3e91bb7dd4a9cf";"4300000";"TaperedBox";"24";"12";"(0,0.4,0)";"(0.06,0.8,0.06)";"Assets/_Game/Prefabs/Environment/AreaArtVariants/Marsh_fiber_plant_Active.prefab | Assets/_Game/Prefabs/Resources/Nodes/FiberPlant.prefab | Assets/_Game/Prefabs/Resources/Visuals/FiberPlant_Active.prefab";"Assets/_Game/Scenes/HomeBase.unity | Assets/_Game/Scenes/Zone_EmberRuins.unity | Assets/_Game/Scenes/Zone_Greenwood.unity | Assets/_Game/Scenes/Zone_Marsh.unity | Assets/_Game/Scenes/Zone_Quarry.unity";"Assets/_Game/Editor/ResourceContentBuilder.cs | Assets/_Game/Editor/T1ResourceVisualBuilder.cs | Assets/_Game/Editor/T2ResourceVisualBuilder.cs"
"Assets/_Game/Art/Resources/T1Meshes/T1_023_Rispe.asset";"f5a70a9db090742409791a19ccae2a5a";"4300000";"TaperedBox";"24";"12";"(0,0.08,0)";"(0.18,0.16,0.18)";"Assets/_Game/Prefabs/Environment/AreaArtVariants/Marsh_fiber_plant_Active.prefab | Assets/_Game/Prefabs/Resources/Nodes/FiberPlant.prefab | Assets/_Game/Prefabs/Resources/Visuals/FiberPlant_Active.prefab";"Assets/_Game/Scenes/HomeBase.unity | Assets/_Game/Scenes/Zone_EmberRuins.unity | Assets/_Game/Scenes/Zone_Greenwood.unity | Assets/_Game/Scenes/Zone_Marsh.unity | Assets/_Game/Scenes/Zone_Quarry.unity";"Assets/_Game/Editor/ResourceContentBuilder.cs | Assets/_Game/Editor/T1ResourceVisualBuilder.cs | Assets/_Game/Editor/T2ResourceVisualBuilder.cs"
"Assets/_Game/Art/Resources/T1Meshes/T1_024_Halm.asset";"7fd64cec677c73740a7a118c95f970d3";"4300000";"TaperedBox";"24";"12";"(0,0.4,0)";"(0.06,0.8,0.06)";"Assets/_Game/Prefabs/Environment/AreaArtVariants/Marsh_fiber_plant_Active.prefab | Assets/_Game/Prefabs/Resources/Nodes/FiberPlant.prefab | Assets/_Game/Prefabs/Resources/Visuals/FiberPlant_Active.prefab";"Assets/_Game/Scenes/HomeBase.unity | Assets/_Game/Scenes/Zone_EmberRuins.unity | Assets/_Game/Scenes/Zone_Greenwood.unity | Assets/_Game/Scenes/Zone_Marsh.unity | Assets/_Game/Scenes/Zone_Quarry.unity";"Assets/_Game/Editor/ResourceContentBuilder.cs | Assets/_Game/Editor/T1ResourceVisualBuilder.cs | Assets/_Game/Editor/T2ResourceVisualBuilder.cs"
"Assets/_Game/Art/Resources/T1Meshes/T1_025_Rispe.asset";"1d1c75371d36d9e4cb30c96e85bacabc";"4300000";"TaperedBox";"24";"12";"(0,0.08,0)";"(0.18,0.16,0.18)";"Assets/_Game/Prefabs/Environment/AreaArtVariants/Marsh_fiber_plant_Active.prefab | Assets/_Game/Prefabs/Resources/Nodes/FiberPlant.prefab | Assets/_Game/Prefabs/Resources/Visuals/FiberPlant_Active.prefab";"Assets/_Game/Scenes/HomeBase.unity | Assets/_Game/Scenes/Zone_EmberRuins.unity | Assets/_Game/Scenes/Zone_Greenwood.unity | Assets/_Game/Scenes/Zone_Marsh.unity | Assets/_Game/Scenes/Zone_Quarry.unity";"Assets/_Game/Editor/ResourceContentBuilder.cs | Assets/_Game/Editor/T1ResourceVisualBuilder.cs | Assets/_Game/Editor/T2ResourceVisualBuilder.cs"
"Assets/_Game/Art/Resources/T1Meshes/T1_026_Halm.asset";"6b8e220185af6e24cb74cc18c7a2e50d";"4300000";"TaperedBox";"24";"12";"(0,0.4,0)";"(0.06,0.8,0.06)";"Assets/_Game/Prefabs/Environment/AreaArtVariants/Marsh_fiber_plant_Active.prefab | Assets/_Game/Prefabs/Resources/Nodes/FiberPlant.prefab | Assets/_Game/Prefabs/Resources/Visuals/FiberPlant_Active.prefab";"Assets/_Game/Scenes/HomeBase.unity | Assets/_Game/Scenes/Zone_EmberRuins.unity | Assets/_Game/Scenes/Zone_Greenwood.unity | Assets/_Game/Scenes/Zone_Marsh.unity | Assets/_Game/Scenes/Zone_Quarry.unity";"Assets/_Game/Editor/ResourceContentBuilder.cs | Assets/_Game/Editor/T1ResourceVisualBuilder.cs | Assets/_Game/Editor/T2ResourceVisualBuilder.cs"
"Assets/_Game/Art/Resources/T1Meshes/T1_027_Rispe.asset";"39b18531811cec64daefd8572c5388fa";"4300000";"TaperedBox";"24";"12";"(0,0.08,0)";"(0.18,0.16,0.18)";"Assets/_Game/Prefabs/Environment/AreaArtVariants/Marsh_fiber_plant_Active.prefab | Assets/_Game/Prefabs/Resources/Nodes/FiberPlant.prefab | Assets/_Game/Prefabs/Resources/Visuals/FiberPlant_Active.prefab";"Assets/_Game/Scenes/HomeBase.unity | Assets/_Game/Scenes/Zone_EmberRuins.unity | Assets/_Game/Scenes/Zone_Greenwood.unity | Assets/_Game/Scenes/Zone_Marsh.unity | Assets/_Game/Scenes/Zone_Quarry.unity";"Assets/_Game/Editor/ResourceContentBuilder.cs | Assets/_Game/Editor/T1ResourceVisualBuilder.cs | Assets/_Game/Editor/T2ResourceVisualBuilder.cs"
"Assets/_Game/Art/Resources/T1Meshes/T1_028_Halm.asset";"017d1d13a575839468726f7f46ddd163";"4300000";"TaperedBox";"24";"12";"(0,0.4,0)";"(0.06,0.8,0.06)";"Assets/_Game/Prefabs/Environment/AreaArtVariants/Marsh_fiber_plant_Active.prefab | Assets/_Game/Prefabs/Resources/Nodes/FiberPlant.prefab | Assets/_Game/Prefabs/Resources/Visuals/FiberPlant_Active.prefab";"Assets/_Game/Scenes/HomeBase.unity | Assets/_Game/Scenes/Zone_EmberRuins.unity | Assets/_Game/Scenes/Zone_Greenwood.unity | Assets/_Game/Scenes/Zone_Marsh.unity | Assets/_Game/Scenes/Zone_Quarry.unity";"Assets/_Game/Editor/ResourceContentBuilder.cs | Assets/_Game/Editor/T1ResourceVisualBuilder.cs | Assets/_Game/Editor/T2ResourceVisualBuilder.cs"
"Assets/_Game/Art/Resources/T1Meshes/T1_029_Rispe.asset";"fb4aec61ff12397499119ef73dd7472f";"4300000";"TaperedBox";"24";"12";"(0,0.08,0)";"(0.18,0.16,0.18)";"Assets/_Game/Prefabs/Environment/AreaArtVariants/Marsh_fiber_plant_Active.prefab | Assets/_Game/Prefabs/Resources/Nodes/FiberPlant.prefab | Assets/_Game/Prefabs/Resources/Visuals/FiberPlant_Active.prefab";"Assets/_Game/Scenes/HomeBase.unity | Assets/_Game/Scenes/Zone_EmberRuins.unity | Assets/_Game/Scenes/Zone_Greenwood.unity | Assets/_Game/Scenes/Zone_Marsh.unity | Assets/_Game/Scenes/Zone_Quarry.unity";"Assets/_Game/Editor/ResourceContentBuilder.cs | Assets/_Game/Editor/T1ResourceVisualBuilder.cs | Assets/_Game/Editor/T2ResourceVisualBuilder.cs"
"Assets/_Game/Art/Resources/T1Meshes/T1_030_Halm.asset";"acae02d8a8230cb41987aff8503b3641";"4300000";"TaperedBox";"24";"12";"(0,0.4,0)";"(0.06,0.8,0.06)";"Assets/_Game/Prefabs/Environment/AreaArtVariants/Marsh_fiber_plant_Active.prefab | Assets/_Game/Prefabs/Resources/Nodes/FiberPlant.prefab | Assets/_Game/Prefabs/Resources/Visuals/FiberPlant_Active.prefab";"Assets/_Game/Scenes/HomeBase.unity | Assets/_Game/Scenes/Zone_EmberRuins.unity | Assets/_Game/Scenes/Zone_Greenwood.unity | Assets/_Game/Scenes/Zone_Marsh.unity | Assets/_Game/Scenes/Zone_Quarry.unity";"Assets/_Game/Editor/ResourceContentBuilder.cs | Assets/_Game/Editor/T1ResourceVisualBuilder.cs | Assets/_Game/Editor/T2ResourceVisualBuilder.cs"
"Assets/_Game/Art/Resources/T1Meshes/T1_031_Rispe.asset";"d6966e58030f5064cba5d9bc97fadbd5";"4300000";"TaperedBox";"24";"12";"(0,0.08,0)";"(0.18,0.16,0.18)";"Assets/_Game/Prefabs/Environment/AreaArtVariants/Marsh_fiber_plant_Active.prefab | Assets/_Game/Prefabs/Resources/Nodes/FiberPlant.prefab | Assets/_Game/Prefabs/Resources/Visuals/FiberPlant_Active.prefab";"Assets/_Game/Scenes/HomeBase.unity | Assets/_Game/Scenes/Zone_EmberRuins.unity | Assets/_Game/Scenes/Zone_Greenwood.unity | Assets/_Game/Scenes/Zone_Marsh.unity | Assets/_Game/Scenes/Zone_Quarry.unity";"Assets/_Game/Editor/ResourceContentBuilder.cs | Assets/_Game/Editor/T1ResourceVisualBuilder.cs | Assets/_Game/Editor/T2ResourceVisualBuilder.cs"
"Assets/_Game/Art/Resources/T1Meshes/T1_032_Halm.asset";"a7a5a4ec7260cfb439e8490744394c71";"4300000";"TaperedBox";"24";"12";"(0,0.4,0)";"(0.06,0.8,0.06)";"Assets/_Game/Prefabs/Environment/AreaArtVariants/Marsh_fiber_plant_Active.prefab | Assets/_Game/Prefabs/Resources/Nodes/FiberPlant.prefab | Assets/_Game/Prefabs/Resources/Visuals/FiberPlant_Active.prefab";"Assets/_Game/Scenes/HomeBase.unity | Assets/_Game/Scenes/Zone_EmberRuins.unity | Assets/_Game/Scenes/Zone_Greenwood.unity | Assets/_Game/Scenes/Zone_Marsh.unity | Assets/_Game/Scenes/Zone_Quarry.unity";"Assets/_Game/Editor/ResourceContentBuilder.cs | Assets/_Game/Editor/T1ResourceVisualBuilder.cs | Assets/_Game/Editor/T2ResourceVisualBuilder.cs"
"Assets/_Game/Art/Resources/T1Meshes/T1_033_Rispe.asset";"97821a65102c04442bbaa583ca14c1bb";"4300000";"TaperedBox";"24";"12";"(0,0.08,0)";"(0.18,0.16,0.18)";"Assets/_Game/Prefabs/Environment/AreaArtVariants/Marsh_fiber_plant_Active.prefab | Assets/_Game/Prefabs/Resources/Nodes/FiberPlant.prefab | Assets/_Game/Prefabs/Resources/Visuals/FiberPlant_Active.prefab";"Assets/_Game/Scenes/HomeBase.unity | Assets/_Game/Scenes/Zone_EmberRuins.unity | Assets/_Game/Scenes/Zone_Greenwood.unity | Assets/_Game/Scenes/Zone_Marsh.unity | Assets/_Game/Scenes/Zone_Quarry.unity";"Assets/_Game/Editor/ResourceContentBuilder.cs | Assets/_Game/Editor/T1ResourceVisualBuilder.cs | Assets/_Game/Editor/T2ResourceVisualBuilder.cs"
"Assets/_Game/Art/Resources/T1Meshes/T1_034_Halm.asset";"bd6dc9e6ddaad4c4ba05731b3fd71a6d";"4300000";"TaperedBox";"24";"12";"(0,0.4,0)";"(0.06,0.8,0.06)";"Assets/_Game/Prefabs/Environment/AreaArtVariants/Marsh_fiber_plant_Active.prefab | Assets/_Game/Prefabs/Resources/Nodes/FiberPlant.prefab | Assets/_Game/Prefabs/Resources/Visuals/FiberPlant_Active.prefab";"Assets/_Game/Scenes/HomeBase.unity | Assets/_Game/Scenes/Zone_EmberRuins.unity | Assets/_Game/Scenes/Zone_Greenwood.unity | Assets/_Game/Scenes/Zone_Marsh.unity | Assets/_Game/Scenes/Zone_Quarry.unity";"Assets/_Game/Editor/ResourceContentBuilder.cs | Assets/_Game/Editor/T1ResourceVisualBuilder.cs | Assets/_Game/Editor/T2ResourceVisualBuilder.cs"
"Assets/_Game/Art/Resources/T1Meshes/T1_035_Rispe.asset";"40db6a57ee0f8ca43a19337df4d6f27f";"4300000";"TaperedBox";"24";"12";"(0,0.08,0)";"(0.18,0.16,0.18)";"Assets/_Game/Prefabs/Environment/AreaArtVariants/Marsh_fiber_plant_Active.prefab | Assets/_Game/Prefabs/Resources/Nodes/FiberPlant.prefab | Assets/_Game/Prefabs/Resources/Visuals/FiberPlant_Active.prefab";"Assets/_Game/Scenes/HomeBase.unity | Assets/_Game/Scenes/Zone_EmberRuins.unity | Assets/_Game/Scenes/Zone_Greenwood.unity | Assets/_Game/Scenes/Zone_Marsh.unity | Assets/_Game/Scenes/Zone_Quarry.unity";"Assets/_Game/Editor/ResourceContentBuilder.cs | Assets/_Game/Editor/T1ResourceVisualBuilder.cs | Assets/_Game/Editor/T2ResourceVisualBuilder.cs"
"Assets/_Game/Art/Resources/T1Meshes/T1_036_Halm.asset";"f0c66a3c72fb8744f9059a260105962b";"4300000";"TaperedBox";"24";"12";"(0,0.4,0)";"(0.06,0.8,0.06)";"Assets/_Game/Prefabs/Environment/AreaArtVariants/Marsh_fiber_plant_Active.prefab | Assets/_Game/Prefabs/Resources/Nodes/FiberPlant.prefab | Assets/_Game/Prefabs/Resources/Visuals/FiberPlant_Active.prefab";"Assets/_Game/Scenes/HomeBase.unity | Assets/_Game/Scenes/Zone_EmberRuins.unity | Assets/_Game/Scenes/Zone_Greenwood.unity | Assets/_Game/Scenes/Zone_Marsh.unity | Assets/_Game/Scenes/Zone_Quarry.unity";"Assets/_Game/Editor/ResourceContentBuilder.cs | Assets/_Game/Editor/T1ResourceVisualBuilder.cs | Assets/_Game/Editor/T2ResourceVisualBuilder.cs"
"Assets/_Game/Art/Resources/T1Meshes/T1_037_Rispe.asset";"cb02813b0d3fa73429f13652dab2a3d7";"4300000";"TaperedBox";"24";"12";"(0,0.08,0)";"(0.18,0.16,0.18)";"Assets/_Game/Prefabs/Environment/AreaArtVariants/Marsh_fiber_plant_Active.prefab | Assets/_Game/Prefabs/Resources/Nodes/FiberPlant.prefab | Assets/_Game/Prefabs/Resources/Visuals/FiberPlant_Active.prefab";"Assets/_Game/Scenes/HomeBase.unity | Assets/_Game/Scenes/Zone_EmberRuins.unity | Assets/_Game/Scenes/Zone_Greenwood.unity | Assets/_Game/Scenes/Zone_Marsh.unity | Assets/_Game/Scenes/Zone_Quarry.unity";"Assets/_Game/Editor/ResourceContentBuilder.cs | Assets/_Game/Editor/T1ResourceVisualBuilder.cs | Assets/_Game/Editor/T2ResourceVisualBuilder.cs"
"Assets/_Game/Art/Resources/T1Meshes/T1_038_Stoppel.asset";"5431c00b89fd1e54ea82e11a2d8d3a6a";"4300000";"TaperedBox";"24";"12";"(0,0.125,0)";"(0.05,0.25,0.05)";"Assets/_Game/Prefabs/Environment/AreaArtVariants/Marsh_fiber_plant_Exhausted.prefab | Assets/_Game/Prefabs/Resources/Nodes/FiberPlant.prefab | Assets/_Game/Prefabs/Resources/Visuals/FiberPlant_Exhausted.prefab";"Assets/_Game/Scenes/HomeBase.unity | Assets/_Game/Scenes/Zone_EmberRuins.unity | Assets/_Game/Scenes/Zone_Greenwood.unity | Assets/_Game/Scenes/Zone_Marsh.unity | Assets/_Game/Scenes/Zone_Quarry.unity";"Assets/_Game/Editor/ResourceContentBuilder.cs | Assets/_Game/Editor/T1ResourceVisualBuilder.cs | Assets/_Game/Editor/T2ResourceVisualBuilder.cs"
"Assets/_Game/Art/Resources/T1Meshes/T1_039_Stoppel.asset";"dccfcaeb2771c6946a90c59519476836";"4300000";"TaperedBox";"24";"12";"(0,0.125,0)";"(0.05,0.25,0.05)";"Assets/_Game/Prefabs/Environment/AreaArtVariants/Marsh_fiber_plant_Exhausted.prefab | Assets/_Game/Prefabs/Resources/Nodes/FiberPlant.prefab | Assets/_Game/Prefabs/Resources/Visuals/FiberPlant_Exhausted.prefab";"Assets/_Game/Scenes/HomeBase.unity | Assets/_Game/Scenes/Zone_EmberRuins.unity | Assets/_Game/Scenes/Zone_Greenwood.unity | Assets/_Game/Scenes/Zone_Marsh.unity | Assets/_Game/Scenes/Zone_Quarry.unity";"Assets/_Game/Editor/ResourceContentBuilder.cs | Assets/_Game/Editor/T1ResourceVisualBuilder.cs | Assets/_Game/Editor/T2ResourceVisualBuilder.cs"
"Assets/_Game/Art/Resources/T1Meshes/T1_040_Stoppel.asset";"8ef2360a231774546999b0b999b64196";"4300000";"TaperedBox";"24";"12";"(0,0.125,0)";"(0.05,0.25,0.05)";"Assets/_Game/Prefabs/Environment/AreaArtVariants/Marsh_fiber_plant_Exhausted.prefab | Assets/_Game/Prefabs/Resources/Nodes/FiberPlant.prefab | Assets/_Game/Prefabs/Resources/Visuals/FiberPlant_Exhausted.prefab";"Assets/_Game/Scenes/HomeBase.unity | Assets/_Game/Scenes/Zone_EmberRuins.unity | Assets/_Game/Scenes/Zone_Greenwood.unity | Assets/_Game/Scenes/Zone_Marsh.unity | Assets/_Game/Scenes/Zone_Quarry.unity";"Assets/_Game/Editor/ResourceContentBuilder.cs | Assets/_Game/Editor/T1ResourceVisualBuilder.cs | Assets/_Game/Editor/T2ResourceVisualBuilder.cs"
"Assets/_Game/Art/Resources/T1Meshes/T1_041_Stoppel.asset";"361e36d993c22864a9649813080facfb";"4300000";"TaperedBox";"24";"12";"(0,0.125,0)";"(0.05,0.25,0.05)";"Assets/_Game/Prefabs/Environment/AreaArtVariants/Marsh_fiber_plant_Exhausted.prefab | Assets/_Game/Prefabs/Resources/Nodes/FiberPlant.prefab | Assets/_Game/Prefabs/Resources/Visuals/FiberPlant_Exhausted.prefab";"Assets/_Game/Scenes/HomeBase.unity | Assets/_Game/Scenes/Zone_EmberRuins.unity | Assets/_Game/Scenes/Zone_Greenwood.unity | Assets/_Game/Scenes/Zone_Marsh.unity | Assets/_Game/Scenes/Zone_Quarry.unity";"Assets/_Game/Editor/ResourceContentBuilder.cs | Assets/_Game/Editor/T1ResourceVisualBuilder.cs | Assets/_Game/Editor/T2ResourceVisualBuilder.cs"
"Assets/_Game/Art/Resources/T1Meshes/T1_042_Stoppel.asset";"364883b3fa3b26c419812219cbcaa0d1";"4300000";"TaperedBox";"24";"12";"(0,0.125,0)";"(0.05,0.25,0.05)";"Assets/_Game/Prefabs/Environment/AreaArtVariants/Marsh_fiber_plant_Exhausted.prefab | Assets/_Game/Prefabs/Resources/Nodes/FiberPlant.prefab | Assets/_Game/Prefabs/Resources/Visuals/FiberPlant_Exhausted.prefab";"Assets/_Game/Scenes/HomeBase.unity | Assets/_Game/Scenes/Zone_EmberRuins.unity | Assets/_Game/Scenes/Zone_Greenwood.unity | Assets/_Game/Scenes/Zone_Marsh.unity | Assets/_Game/Scenes/Zone_Quarry.unity";"Assets/_Game/Editor/ResourceContentBuilder.cs | Assets/_Game/Editor/T1ResourceVisualBuilder.cs | Assets/_Game/Editor/T2ResourceVisualBuilder.cs"
"Assets/_Game/Art/Resources/T1Meshes/T1_043_Fels.asset";"6087462a1f79b924dbbdfd66046b65b5";"4300000";"Loft";"100";"44";"(0.011142,0.254181,-0.003452)";"(0.668999,0.508363,0.579708)";"Assets/_Game/Prefabs/Environment/AreaArtVariants/Quarry_stone_deposit_Active.prefab | Assets/_Game/Prefabs/Resources/Nodes/StoneDeposit.prefab | Assets/_Game/Prefabs/Resources/Visuals/StoneDeposit_Active.prefab";"Assets/_Game/Scenes/HomeBase.unity | Assets/_Game/Scenes/Zone_EmberRuins.unity | Assets/_Game/Scenes/Zone_Greenwood.unity | Assets/_Game/Scenes/Zone_Marsh.unity | Assets/_Game/Scenes/Zone_Quarry.unity";"Assets/_Game/Editor/ResourceContentBuilder.cs | Assets/_Game/Editor/T1ResourceVisualBuilder.cs | Assets/_Game/Editor/T2ResourceVisualBuilder.cs"
"Assets/_Game/Art/Resources/T1Meshes/T1_044_Fels.asset";"1f4565a408b94dd4da07fce1a4bd3089";"4300000";"Loft";"100";"44";"(0.011142,0.381272,-0.003452)";"(0.668999,0.762544,0.579708)";"Assets/_Game/Prefabs/Environment/AreaArtVariants/Quarry_stone_deposit_Active.prefab | Assets/_Game/Prefabs/Resources/Nodes/StoneDeposit.prefab | Assets/_Game/Prefabs/Resources/Visuals/StoneDeposit_Active.prefab";"Assets/_Game/Scenes/HomeBase.unity | Assets/_Game/Scenes/Zone_EmberRuins.unity | Assets/_Game/Scenes/Zone_Greenwood.unity | Assets/_Game/Scenes/Zone_Marsh.unity | Assets/_Game/Scenes/Zone_Quarry.unity";"Assets/_Game/Editor/ResourceContentBuilder.cs | Assets/_Game/Editor/T1ResourceVisualBuilder.cs | Assets/_Game/Editor/T2ResourceVisualBuilder.cs"
"Assets/_Game/Art/Resources/T1Meshes/T1_045_Fels.asset";"4992e3ae1e2c6584fa41597fde311959";"4300000";"Loft";"100";"44";"(0.011142,0.508363,-0.003452)";"(0.668999,1.016725,0.579708)";"Assets/_Game/Prefabs/Environment/AreaArtVariants/Quarry_stone_deposit_Active.prefab | Assets/_Game/Prefabs/Resources/Nodes/StoneDeposit.prefab | Assets/_Game/Prefabs/Resources/Visuals/StoneDeposit_Active.prefab";"Assets/_Game/Scenes/HomeBase.unity | Assets/_Game/Scenes/Zone_EmberRuins.unity | Assets/_Game/Scenes/Zone_Greenwood.unity | Assets/_Game/Scenes/Zone_Marsh.unity | Assets/_Game/Scenes/Zone_Quarry.unity";"Assets/_Game/Editor/ResourceContentBuilder.cs | Assets/_Game/Editor/T1ResourceVisualBuilder.cs | Assets/_Game/Editor/T2ResourceVisualBuilder.cs"
"Assets/_Game/Art/Resources/T1Meshes/T1_046_Fels.asset";"195c8382d872ac84ebb77b485aa1e82a";"4300000";"Loft";"100";"44";"(0.011142,0.254181,-0.003452)";"(0.668999,0.508363,0.579708)";"Assets/_Game/Prefabs/Environment/AreaArtVariants/Quarry_stone_deposit_Active.prefab | Assets/_Game/Prefabs/Resources/Nodes/StoneDeposit.prefab | Assets/_Game/Prefabs/Resources/Visuals/StoneDeposit_Active.prefab";"Assets/_Game/Scenes/HomeBase.unity | Assets/_Game/Scenes/Zone_EmberRuins.unity | Assets/_Game/Scenes/Zone_Greenwood.unity | Assets/_Game/Scenes/Zone_Marsh.unity | Assets/_Game/Scenes/Zone_Quarry.unity";"Assets/_Game/Editor/ResourceContentBuilder.cs | Assets/_Game/Editor/T1ResourceVisualBuilder.cs | Assets/_Game/Editor/T2ResourceVisualBuilder.cs"
"Assets/_Game/Art/Resources/T1Meshes/T1_047_Fels.asset";"964476dec9b0ea240bda08545ece28ff";"4300000";"Loft";"100";"44";"(0.011142,0.381272,-0.003452)";"(0.668999,0.762544,0.579708)";"Assets/_Game/Prefabs/Environment/AreaArtVariants/Quarry_stone_deposit_Active.prefab | Assets/_Game/Prefabs/Resources/Nodes/StoneDeposit.prefab | Assets/_Game/Prefabs/Resources/Visuals/StoneDeposit_Active.prefab";"Assets/_Game/Scenes/HomeBase.unity | Assets/_Game/Scenes/Zone_EmberRuins.unity | Assets/_Game/Scenes/Zone_Greenwood.unity | Assets/_Game/Scenes/Zone_Marsh.unity | Assets/_Game/Scenes/Zone_Quarry.unity";"Assets/_Game/Editor/ResourceContentBuilder.cs | Assets/_Game/Editor/T1ResourceVisualBuilder.cs | Assets/_Game/Editor/T2ResourceVisualBuilder.cs"
"Assets/_Game/Art/Resources/T1Meshes/T1_048_Fels.asset";"1f8ddaf337ac3f24b9f2f470250cf5f5";"4300000";"Loft";"100";"44";"(0.011142,0.508363,-0.003452)";"(0.668999,1.016725,0.579708)";"Assets/_Game/Prefabs/Environment/AreaArtVariants/Quarry_stone_deposit_Active.prefab | Assets/_Game/Prefabs/Resources/Nodes/StoneDeposit.prefab | Assets/_Game/Prefabs/Resources/Visuals/StoneDeposit_Active.prefab";"Assets/_Game/Scenes/HomeBase.unity | Assets/_Game/Scenes/Zone_EmberRuins.unity | Assets/_Game/Scenes/Zone_Greenwood.unity | Assets/_Game/Scenes/Zone_Marsh.unity | Assets/_Game/Scenes/Zone_Quarry.unity";"Assets/_Game/Editor/ResourceContentBuilder.cs | Assets/_Game/Editor/T1ResourceVisualBuilder.cs | Assets/_Game/Editor/T2ResourceVisualBuilder.cs"
"Assets/_Game/Art/Resources/T1Meshes/T1_049_Fels.asset";"a774e4f40d0e13b41b82d382b62f29a3";"4300000";"Loft";"100";"44";"(0.011142,0.254181,-0.003452)";"(0.668999,0.508363,0.579708)";"Assets/_Game/Prefabs/Environment/AreaArtVariants/Quarry_stone_deposit_Active.prefab | Assets/_Game/Prefabs/Resources/Nodes/StoneDeposit.prefab | Assets/_Game/Prefabs/Resources/Visuals/StoneDeposit_Active.prefab";"Assets/_Game/Scenes/HomeBase.unity | Assets/_Game/Scenes/Zone_EmberRuins.unity | Assets/_Game/Scenes/Zone_Greenwood.unity | Assets/_Game/Scenes/Zone_Marsh.unity | Assets/_Game/Scenes/Zone_Quarry.unity";"Assets/_Game/Editor/ResourceContentBuilder.cs | Assets/_Game/Editor/T1ResourceVisualBuilder.cs | Assets/_Game/Editor/T2ResourceVisualBuilder.cs"
"Assets/_Game/Art/Resources/T1Meshes/T1_050_Fels.asset";"0aea973fc213f034dba9630ea51747b6";"4300000";"Loft";"100";"44";"(0.011142,0.130293,-0.003452)";"(0.668999,0.260586,0.579708)";"Assets/_Game/Prefabs/Environment/AreaArtVariants/Quarry_stone_deposit_Exhausted.prefab | Assets/_Game/Prefabs/Resources/Nodes/StoneDeposit.prefab | Assets/_Game/Prefabs/Resources/Visuals/StoneDeposit_Exhausted.prefab";"Assets/_Game/Scenes/HomeBase.unity | Assets/_Game/Scenes/Zone_EmberRuins.unity | Assets/_Game/Scenes/Zone_Greenwood.unity | Assets/_Game/Scenes/Zone_Marsh.unity | Assets/_Game/Scenes/Zone_Quarry.unity";"Assets/_Game/Editor/ResourceContentBuilder.cs | Assets/_Game/Editor/T1ResourceVisualBuilder.cs | Assets/_Game/Editor/T2ResourceVisualBuilder.cs"
"Assets/_Game/Art/Resources/T1Meshes/T1_051_Fels.asset";"79ff04cc6e602af409d328c19e3e22d9";"4300000";"Loft";"100";"44";"(0.011142,0.201362,-0.003452)";"(0.668999,0.402724,0.579708)";"Assets/_Game/Prefabs/Environment/AreaArtVariants/Quarry_stone_deposit_Exhausted.prefab | Assets/_Game/Prefabs/Resources/Nodes/StoneDeposit.prefab | Assets/_Game/Prefabs/Resources/Visuals/StoneDeposit_Exhausted.prefab";"Assets/_Game/Scenes/HomeBase.unity | Assets/_Game/Scenes/Zone_EmberRuins.unity | Assets/_Game/Scenes/Zone_Greenwood.unity | Assets/_Game/Scenes/Zone_Marsh.unity | Assets/_Game/Scenes/Zone_Quarry.unity";"Assets/_Game/Editor/ResourceContentBuilder.cs | Assets/_Game/Editor/T1ResourceVisualBuilder.cs | Assets/_Game/Editor/T2ResourceVisualBuilder.cs"
"Assets/_Game/Art/Resources/T1Meshes/T1_052_Fels.asset";"1043bed57f0ec214381f359a0387b5fc";"4300000";"Loft";"100";"44";"(0.011142,0.130293,-0.003452)";"(0.668999,0.260586,0.579708)";"Assets/_Game/Prefabs/Environment/AreaArtVariants/Quarry_stone_deposit_Exhausted.prefab | Assets/_Game/Prefabs/Resources/Nodes/StoneDeposit.prefab | Assets/_Game/Prefabs/Resources/Visuals/StoneDeposit_Exhausted.prefab";"Assets/_Game/Scenes/HomeBase.unity | Assets/_Game/Scenes/Zone_EmberRuins.unity | Assets/_Game/Scenes/Zone_Greenwood.unity | Assets/_Game/Scenes/Zone_Marsh.unity | Assets/_Game/Scenes/Zone_Quarry.unity";"Assets/_Game/Editor/ResourceContentBuilder.cs | Assets/_Game/Editor/T1ResourceVisualBuilder.cs | Assets/_Game/Editor/T2ResourceVisualBuilder.cs"
"Assets/_Game/Art/Resources/T1Meshes/T1_053_Fels.asset";"6f36ea9db29903b40b5b3257c1651d28";"4300000";"Loft";"100";"44";"(0.011142,0.201362,-0.003452)";"(0.668999,0.402724,0.579708)";"Assets/_Game/Prefabs/Environment/AreaArtVariants/Quarry_stone_deposit_Exhausted.prefab | Assets/_Game/Prefabs/Resources/Nodes/StoneDeposit.prefab | Assets/_Game/Prefabs/Resources/Visuals/StoneDeposit_Exhausted.prefab";"Assets/_Game/Scenes/HomeBase.unity | Assets/_Game/Scenes/Zone_EmberRuins.unity | Assets/_Game/Scenes/Zone_Greenwood.unity | Assets/_Game/Scenes/Zone_Marsh.unity | Assets/_Game/Scenes/Zone_Quarry.unity";"Assets/_Game/Editor/ResourceContentBuilder.cs | Assets/_Game/Editor/T1ResourceVisualBuilder.cs | Assets/_Game/Editor/T2ResourceVisualBuilder.cs"
"Assets/_Game/Art/Resources/T1Meshes/T1_054_Fels.asset";"69b266b23579448449e6fd82ab604ea8";"4300000";"Loft";"100";"44";"(0.011142,0.304151,-0.003452)";"(0.668999,0.608302,0.579708)";"Assets/_Game/Prefabs/Resources/Nodes/CopperVein.prefab | Assets/_Game/Prefabs/Resources/Visuals/CopperVein_Active.prefab";"Assets/_Game/Scenes/Zone_EmberRuins.unity | Assets/_Game/Scenes/Zone_Greenwood.unity | Assets/_Game/Scenes/Zone_Marsh.unity | Assets/_Game/Scenes/Zone_Quarry.unity";"Assets/_Game/Editor/ResourceContentBuilder.cs | Assets/_Game/Editor/T1ResourceVisualBuilder.cs | Assets/_Game/Editor/T2ResourceVisualBuilder.cs"
"Assets/_Game/Art/Resources/T1Meshes/T1_055_Fels.asset";"51fb157ae78c6fd408530427f320dbd6";"4300000";"Loft";"100";"44";"(0.011142,0.456226,-0.003452)";"(0.668999,0.912453,0.579708)";"Assets/_Game/Prefabs/Resources/Nodes/CopperVein.prefab | Assets/_Game/Prefabs/Resources/Visuals/CopperVein_Active.prefab";"Assets/_Game/Scenes/Zone_EmberRuins.unity | Assets/_Game/Scenes/Zone_Greenwood.unity | Assets/_Game/Scenes/Zone_Marsh.unity | Assets/_Game/Scenes/Zone_Quarry.unity";"Assets/_Game/Editor/ResourceContentBuilder.cs | Assets/_Game/Editor/T1ResourceVisualBuilder.cs | Assets/_Game/Editor/T2ResourceVisualBuilder.cs"
"Assets/_Game/Art/Resources/T1Meshes/T1_056_Fels.asset";"f142d16a4e8005344890212c72ff46e8";"4300000";"Loft";"100";"44";"(0.011142,0.608302,-0.003452)";"(0.668999,1.216604,0.579708)";"Assets/_Game/Prefabs/Resources/Nodes/CopperVein.prefab | Assets/_Game/Prefabs/Resources/Visuals/CopperVein_Active.prefab";"Assets/_Game/Scenes/Zone_EmberRuins.unity | Assets/_Game/Scenes/Zone_Greenwood.unity | Assets/_Game/Scenes/Zone_Marsh.unity | Assets/_Game/Scenes/Zone_Quarry.unity";"Assets/_Game/Editor/ResourceContentBuilder.cs | Assets/_Game/Editor/T1ResourceVisualBuilder.cs | Assets/_Game/Editor/T2ResourceVisualBuilder.cs"
"Assets/_Game/Art/Resources/T1Meshes/T1_057_Fels.asset";"6487e403bde9f71478166dcbdf01da5f";"4300000";"Loft";"100";"44";"(0.011142,0.304151,-0.003452)";"(0.668999,0.608302,0.579708)";"Assets/_Game/Prefabs/Resources/Nodes/CopperVein.prefab | Assets/_Game/Prefabs/Resources/Visuals/CopperVein_Active.prefab";"Assets/_Game/Scenes/Zone_EmberRuins.unity | Assets/_Game/Scenes/Zone_Greenwood.unity | Assets/_Game/Scenes/Zone_Marsh.unity | Assets/_Game/Scenes/Zone_Quarry.unity";"Assets/_Game/Editor/ResourceContentBuilder.cs | Assets/_Game/Editor/T1ResourceVisualBuilder.cs | Assets/_Game/Editor/T2ResourceVisualBuilder.cs"
"Assets/_Game/Art/Resources/T1Meshes/T1_058_Fels.asset";"6251df07fa92f16429dc767bb69c8bad";"4300000";"Loft";"100";"44";"(0.011142,0.456226,-0.003452)";"(0.668999,0.912453,0.579708)";"Assets/_Game/Prefabs/Resources/Nodes/CopperVein.prefab | Assets/_Game/Prefabs/Resources/Visuals/CopperVein_Active.prefab";"Assets/_Game/Scenes/Zone_EmberRuins.unity | Assets/_Game/Scenes/Zone_Greenwood.unity | Assets/_Game/Scenes/Zone_Marsh.unity | Assets/_Game/Scenes/Zone_Quarry.unity";"Assets/_Game/Editor/ResourceContentBuilder.cs | Assets/_Game/Editor/T1ResourceVisualBuilder.cs | Assets/_Game/Editor/T2ResourceVisualBuilder.cs"
"Assets/_Game/Art/Resources/T1Meshes/T1_059_Fels.asset";"ca78c8a171525f04ead8a9a375a0f90a";"4300000";"Loft";"100";"44";"(0.011142,0.608302,-0.003452)";"(0.668999,1.216604,0.579708)";"Assets/_Game/Prefabs/Resources/Nodes/CopperVein.prefab | Assets/_Game/Prefabs/Resources/Visuals/CopperVein_Active.prefab";"Assets/_Game/Scenes/Zone_EmberRuins.unity | Assets/_Game/Scenes/Zone_Greenwood.unity | Assets/_Game/Scenes/Zone_Marsh.unity | Assets/_Game/Scenes/Zone_Quarry.unity";"Assets/_Game/Editor/ResourceContentBuilder.cs | Assets/_Game/Editor/T1ResourceVisualBuilder.cs | Assets/_Game/Editor/T2ResourceVisualBuilder.cs"
"Assets/_Game/Art/Resources/T1Meshes/T1_060_Fels.asset";"16885db639000264dbb3059e5d620de2";"4300000";"Loft";"100";"44";"(0.011142,0.304151,-0.003452)";"(0.668999,0.608302,0.579708)";"Assets/_Game/Prefabs/Resources/Nodes/CopperVein.prefab | Assets/_Game/Prefabs/Resources/Visuals/CopperVein_Active.prefab";"Assets/_Game/Scenes/Zone_EmberRuins.unity | Assets/_Game/Scenes/Zone_Greenwood.unity | Assets/_Game/Scenes/Zone_Marsh.unity | Assets/_Game/Scenes/Zone_Quarry.unity";"Assets/_Game/Editor/ResourceContentBuilder.cs | Assets/_Game/Editor/T1ResourceVisualBuilder.cs | Assets/_Game/Editor/T2ResourceVisualBuilder.cs"
"Assets/_Game/Art/Resources/T1Meshes/T1_061_Erzsplitter.asset";"4d9f063f9d8ce894781da32c04339f79";"4300000";"TaperedBox";"24";"12";"(0,0.2475,0)";"(0.15,0.495,0.15)";"Assets/_Game/Prefabs/Resources/Nodes/CopperVein.prefab | Assets/_Game/Prefabs/Resources/Visuals/CopperVein_Active.prefab";"Assets/_Game/Scenes/Zone_EmberRuins.unity | Assets/_Game/Scenes/Zone_Greenwood.unity | Assets/_Game/Scenes/Zone_Marsh.unity | Assets/_Game/Scenes/Zone_Quarry.unity";"Assets/_Game/Editor/ResourceContentBuilder.cs | Assets/_Game/Editor/T1ResourceVisualBuilder.cs | Assets/_Game/Editor/T2ResourceVisualBuilder.cs"
"Assets/_Game/Art/Resources/T1Meshes/T1_062_Erzsplitter.asset";"e52830e533b85764985c07b92afe2dab";"4300000";"TaperedBox";"24";"12";"(0,0.2475,0)";"(0.15,0.495,0.15)";"Assets/_Game/Prefabs/Resources/Nodes/CopperVein.prefab | Assets/_Game/Prefabs/Resources/Visuals/CopperVein_Active.prefab";"Assets/_Game/Scenes/Zone_EmberRuins.unity | Assets/_Game/Scenes/Zone_Greenwood.unity | Assets/_Game/Scenes/Zone_Marsh.unity | Assets/_Game/Scenes/Zone_Quarry.unity";"Assets/_Game/Editor/ResourceContentBuilder.cs | Assets/_Game/Editor/T1ResourceVisualBuilder.cs | Assets/_Game/Editor/T2ResourceVisualBuilder.cs"
"Assets/_Game/Art/Resources/T1Meshes/T1_063_Erzsplitter.asset";"0f9bf505711f9fb40a7557be686e41bc";"4300000";"TaperedBox";"24";"12";"(0,0.2475,0)";"(0.15,0.495,0.15)";"Assets/_Game/Prefabs/Resources/Nodes/CopperVein.prefab | Assets/_Game/Prefabs/Resources/Visuals/CopperVein_Active.prefab";"Assets/_Game/Scenes/Zone_EmberRuins.unity | Assets/_Game/Scenes/Zone_Greenwood.unity | Assets/_Game/Scenes/Zone_Marsh.unity | Assets/_Game/Scenes/Zone_Quarry.unity";"Assets/_Game/Editor/ResourceContentBuilder.cs | Assets/_Game/Editor/T1ResourceVisualBuilder.cs | Assets/_Game/Editor/T2ResourceVisualBuilder.cs"
"Assets/_Game/Art/Resources/T1Meshes/T1_064_Erzsplitter.asset";"fd7f13973a2a3924cbbb0dfecc337f1e";"4300000";"TaperedBox";"24";"12";"(0,0.2475,0)";"(0.15,0.495,0.15)";"Assets/_Game/Prefabs/Resources/Nodes/CopperVein.prefab | Assets/_Game/Prefabs/Resources/Visuals/CopperVein_Active.prefab";"Assets/_Game/Scenes/Zone_EmberRuins.unity | Assets/_Game/Scenes/Zone_Greenwood.unity | Assets/_Game/Scenes/Zone_Marsh.unity | Assets/_Game/Scenes/Zone_Quarry.unity";"Assets/_Game/Editor/ResourceContentBuilder.cs | Assets/_Game/Editor/T1ResourceVisualBuilder.cs | Assets/_Game/Editor/T2ResourceVisualBuilder.cs"
"Assets/_Game/Art/Resources/T1Meshes/T1_065_Erzsplitter.asset";"9685e5de830f230429d25b776785031b";"4300000";"TaperedBox";"24";"12";"(0,0.2475,0)";"(0.15,0.495,0.15)";"Assets/_Game/Prefabs/Resources/Nodes/CopperVein.prefab | Assets/_Game/Prefabs/Resources/Visuals/CopperVein_Active.prefab";"Assets/_Game/Scenes/Zone_EmberRuins.unity | Assets/_Game/Scenes/Zone_Greenwood.unity | Assets/_Game/Scenes/Zone_Marsh.unity | Assets/_Game/Scenes/Zone_Quarry.unity";"Assets/_Game/Editor/ResourceContentBuilder.cs | Assets/_Game/Editor/T1ResourceVisualBuilder.cs | Assets/_Game/Editor/T2ResourceVisualBuilder.cs"
"Assets/_Game/Art/Resources/T1Meshes/T1_066_Fels.asset";"3907a58d474fa6b428dfaf6f78343df1";"4300000";"Loft";"100";"44";"(0.011142,0.155907,-0.003452)";"(0.668999,0.311815,0.579708)";"Assets/_Game/Prefabs/Resources/Nodes/CopperVein.prefab | Assets/_Game/Prefabs/Resources/Visuals/CopperVein_Exhausted.prefab";"Assets/_Game/Scenes/Zone_EmberRuins.unity | Assets/_Game/Scenes/Zone_Greenwood.unity | Assets/_Game/Scenes/Zone_Marsh.unity | Assets/_Game/Scenes/Zone_Quarry.unity";"Assets/_Game/Editor/ResourceContentBuilder.cs | Assets/_Game/Editor/T1ResourceVisualBuilder.cs | Assets/_Game/Editor/T2ResourceVisualBuilder.cs"
"Assets/_Game/Art/Resources/T1Meshes/T1_067_Fels.asset";"a5946ea7c78d1a2419fb471c48b8e204";"4300000";"Loft";"100";"44";"(0.011142,0.240948,-0.003452)";"(0.668999,0.481895,0.579708)";"Assets/_Game/Prefabs/Resources/Nodes/CopperVein.prefab | Assets/_Game/Prefabs/Resources/Visuals/CopperVein_Exhausted.prefab";"Assets/_Game/Scenes/Zone_EmberRuins.unity | Assets/_Game/Scenes/Zone_Greenwood.unity | Assets/_Game/Scenes/Zone_Marsh.unity | Assets/_Game/Scenes/Zone_Quarry.unity";"Assets/_Game/Editor/ResourceContentBuilder.cs | Assets/_Game/Editor/T1ResourceVisualBuilder.cs | Assets/_Game/Editor/T2ResourceVisualBuilder.cs"
"Assets/_Game/Art/Resources/T1Meshes/T1_068_Fels.asset";"9afbf9d1a0bf7ae4bac3d5d19e0f3770";"4300000";"Loft";"100";"44";"(0.011142,0.155907,-0.003452)";"(0.668999,0.311815,0.579708)";"Assets/_Game/Prefabs/Resources/Nodes/CopperVein.prefab | Assets/_Game/Prefabs/Resources/Visuals/CopperVein_Exhausted.prefab";"Assets/_Game/Scenes/Zone_EmberRuins.unity | Assets/_Game/Scenes/Zone_Greenwood.unity | Assets/_Game/Scenes/Zone_Marsh.unity | Assets/_Game/Scenes/Zone_Quarry.unity";"Assets/_Game/Editor/ResourceContentBuilder.cs | Assets/_Game/Editor/T1ResourceVisualBuilder.cs | Assets/_Game/Editor/T2ResourceVisualBuilder.cs"
"Assets/_Game/Art/Resources/T1Meshes/T1_069_Fels.asset";"da4b3c65c0aba0149954cee18f35af9f";"4300000";"Loft";"100";"44";"(0.011142,0.240948,-0.003452)";"(0.668999,0.481895,0.579708)";"Assets/_Game/Prefabs/Resources/Nodes/CopperVein.prefab | Assets/_Game/Prefabs/Resources/Visuals/CopperVein_Exhausted.prefab";"Assets/_Game/Scenes/Zone_EmberRuins.unity | Assets/_Game/Scenes/Zone_Greenwood.unity | Assets/_Game/Scenes/Zone_Marsh.unity | Assets/_Game/Scenes/Zone_Quarry.unity";"Assets/_Game/Editor/ResourceContentBuilder.cs | Assets/_Game/Editor/T1ResourceVisualBuilder.cs | Assets/_Game/Editor/T2ResourceVisualBuilder.cs"
"Assets/_Game/Art/Resources/T1Meshes/T1_070_Fels.asset";"af15b5b69d99ea2458248a0b6be1f007";"4300000";"Loft";"100";"44";"(0.011142,0.456226,-0.003452)";"(0.668999,0.912453,0.579708)";"";"";"Assets/_Game/Editor/ResourceContentBuilder.cs | Assets/_Game/Editor/T1ResourceVisualBuilder.cs | Assets/_Game/Editor/T2ResourceVisualBuilder.cs"
"Assets/_Game/Art/Resources/T1Meshes/T1_071_Fels.asset";"59c02ef1f66d4394cb5c4871bc75fde1";"4300000";"Loft";"100";"44";"(0.011142,0.608302,-0.003452)";"(0.668999,1.216604,0.579708)";"";"";"Assets/_Game/Editor/ResourceContentBuilder.cs | Assets/_Game/Editor/T1ResourceVisualBuilder.cs | Assets/_Game/Editor/T2ResourceVisualBuilder.cs"
"Assets/_Game/Art/Resources/T1Meshes/T1_072_Fels.asset";"58c3fc0a3a24b224fa9be451ff0e55a5";"4300000";"Loft";"100";"44";"(0.011142,0.304151,-0.003452)";"(0.668999,0.608302,0.579708)";"";"";"Assets/_Game/Editor/ResourceContentBuilder.cs | Assets/_Game/Editor/T1ResourceVisualBuilder.cs | Assets/_Game/Editor/T2ResourceVisualBuilder.cs"
"Assets/_Game/Art/Resources/T2Meshes/T2_000_Stamm.asset";"42decbe9ba756bc47bb69671accc2586";"4300000";"Loft";"164";"76";"(0,2.2,0)";"(1.875476,4.4,1.875476)";"Assets/_Game/Prefabs/Environment/AreaArtVariants/TwilightGrove_hardwood_tree_Active.prefab | Assets/_Game/Prefabs/Resources/Nodes/HardwoodTree.prefab | Assets/_Game/Prefabs/Resources/Visuals/HardwoodTree_Active.prefab";"Assets/_Game/Scenes/Zone_GreyRifts.unity | Assets/_Game/Scenes/Zone_TwilightGrove.unity | Assets/_Game/Scenes/Zone_VeilMarsh.unity";"Assets/_Game/Editor/ResourceContentBuilder.cs | Assets/_Game/Editor/T1ResourceVisualBuilder.cs | Assets/_Game/Editor/T2ResourceVisualBuilder.cs"
"Assets/_Game/Art/Resources/T2Meshes/T2_001_Ast.asset";"42bffa7acdeb7b94db308e7817f8020a";"4300000";"TaperedBox";"24";"12";"(0,1.05,0)";"(0.3,2.1,0.3)";"Assets/_Game/Prefabs/Environment/AreaArtVariants/TwilightGrove_hardwood_tree_Active.prefab | Assets/_Game/Prefabs/Resources/Nodes/HardwoodTree.prefab | Assets/_Game/Prefabs/Resources/Visuals/HardwoodTree_Active.prefab";"Assets/_Game/Scenes/Zone_GreyRifts.unity | Assets/_Game/Scenes/Zone_TwilightGrove.unity | Assets/_Game/Scenes/Zone_VeilMarsh.unity";"Assets/_Game/Editor/ResourceContentBuilder.cs | Assets/_Game/Editor/T1ResourceVisualBuilder.cs | Assets/_Game/Editor/T2ResourceVisualBuilder.cs"
"Assets/_Game/Art/Resources/T2Meshes/T2_002_KroneTief.asset";"d1243b4cc98c0c24ab6843b42eea7893";"4300000";"Loft";"132";"60";"(0,0.675,0)";"(3.418355,2.15,2.956415)";"Assets/_Game/Prefabs/Environment/AreaArtVariants/TwilightGrove_hardwood_tree_Active.prefab | Assets/_Game/Prefabs/Resources/Nodes/HardwoodTree.prefab | Assets/_Game/Prefabs/Resources/Visuals/HardwoodTree_Active.prefab";"Assets/_Game/Scenes/Zone_GreyRifts.unity | Assets/_Game/Scenes/Zone_TwilightGrove.unity | Assets/_Game/Scenes/Zone_VeilMarsh.unity";"Assets/_Game/Editor/ResourceContentBuilder.cs | Assets/_Game/Editor/T1ResourceVisualBuilder.cs | Assets/_Game/Editor/T2ResourceVisualBuilder.cs"
"Assets/_Game/Art/Resources/T2Meshes/T2_003_KroneHoch.asset";"cc6beb44f9294eb46890c816c0e33f11";"4300000";"Loft";"132";"60";"(0,0.9,0)";"(2.494475,1.8,2.309699)";"Assets/_Game/Prefabs/Environment/AreaArtVariants/TwilightGrove_hardwood_tree_Active.prefab | Assets/_Game/Prefabs/Resources/Nodes/HardwoodTree.prefab | Assets/_Game/Prefabs/Resources/Visuals/HardwoodTree_Active.prefab";"Assets/_Game/Scenes/Zone_GreyRifts.unity | Assets/_Game/Scenes/Zone_TwilightGrove.unity | Assets/_Game/Scenes/Zone_VeilMarsh.unity";"Assets/_Game/Editor/ResourceContentBuilder.cs | Assets/_Game/Editor/T1ResourceVisualBuilder.cs | Assets/_Game/Editor/T2ResourceVisualBuilder.cs"
"Assets/_Game/Art/Resources/T2Meshes/T2_004_Stumpf.asset";"0c8d9e8b6d30ce345815ee40a5b891aa";"4300000";"Loft";"132";"60";"(0,0.42,0)";"(1.99558,0.84,1.99558)";"Assets/_Game/Prefabs/Environment/AreaArtVariants/TwilightGrove_hardwood_tree_Exhausted.prefab | Assets/_Game/Prefabs/Resources/Nodes/HardwoodTree.prefab | Assets/_Game/Prefabs/Resources/Visuals/HardwoodTree_Exhausted.prefab";"Assets/_Game/Scenes/Zone_GreyRifts.unity | Assets/_Game/Scenes/Zone_TwilightGrove.unity | Assets/_Game/Scenes/Zone_VeilMarsh.unity";"Assets/_Game/Editor/ResourceContentBuilder.cs | Assets/_Game/Editor/T1ResourceVisualBuilder.cs | Assets/_Game/Editor/T2ResourceVisualBuilder.cs"
"Assets/_Game/Art/Resources/T2Meshes/T2_005_Splitter.asset";"9328867c9639c1b4a84539b6b66266ee";"4300000";"TaperedBox";"24";"12";"(0,0.11,0)";"(0.8,0.22,0.3)";"Assets/_Game/Prefabs/Environment/AreaArtVariants/TwilightGrove_hardwood_tree_Exhausted.prefab | Assets/_Game/Prefabs/Resources/Nodes/HardwoodTree.prefab | Assets/_Game/Prefabs/Resources/Visuals/HardwoodTree_Exhausted.prefab";"Assets/_Game/Scenes/Zone_GreyRifts.unity | Assets/_Game/Scenes/Zone_TwilightGrove.unity | Assets/_Game/Scenes/Zone_VeilMarsh.unity";"Assets/_Game/Editor/ResourceContentBuilder.cs | Assets/_Game/Editor/T1ResourceVisualBuilder.cs | Assets/_Game/Editor/T2ResourceVisualBuilder.cs"
"Assets/_Game/Art/Resources/T2Meshes/T2_006_Halm.asset";"e80647a595d9a5d42bac99dd762b55a5";"4300000";"TaperedBox";"24";"12";"(0,0.41,0)";"(0.09,0.82,0.09)";"Assets/_Game/Prefabs/Environment/AreaArtVariants/TwilightGrove_swamp_hemp_Active.prefab | Assets/_Game/Prefabs/Environment/AreaArtVariants/VeilMarsh_swamp_hemp_Active.prefab | Assets/_Game/Prefabs/Resources/Nodes/SwampHemp.prefab | Assets/_Game/Prefabs/Resources/Visuals/SwampHemp_Active.prefab";"Assets/_Game/Scenes/Zone_GreyRifts.unity | Assets/_Game/Scenes/Zone_TwilightGrove.unity | Assets/_Game/Scenes/Zone_VeilMarsh.unity";"Assets/_Game/Editor/ResourceContentBuilder.cs | Assets/_Game/Editor/T1ResourceVisualBuilder.cs | Assets/_Game/Editor/T2ResourceVisualBuilder.cs"
"Assets/_Game/Art/Resources/T2Meshes/T2_007_Kopf.asset";"d366f849517e2244999b9a195e82b457";"4300000";"TaperedBox";"24";"12";"(0,0.11,0)";"(0.2,0.22,0.2)";"Assets/_Game/Prefabs/Environment/AreaArtVariants/TwilightGrove_swamp_hemp_Active.prefab | Assets/_Game/Prefabs/Environment/AreaArtVariants/VeilMarsh_swamp_hemp_Active.prefab | Assets/_Game/Prefabs/Resources/Nodes/SwampHemp.prefab | Assets/_Game/Prefabs/Resources/Visuals/SwampHemp_Active.prefab";"Assets/_Game/Scenes/Zone_GreyRifts.unity | Assets/_Game/Scenes/Zone_TwilightGrove.unity | Assets/_Game/Scenes/Zone_VeilMarsh.unity";"Assets/_Game/Editor/ResourceContentBuilder.cs | Assets/_Game/Editor/T1ResourceVisualBuilder.cs | Assets/_Game/Editor/T2ResourceVisualBuilder.cs"
"Assets/_Game/Art/Resources/T2Meshes/T2_008_Halm.asset";"2f1415a424e438d42b896ff14c4bb0d0";"4300000";"TaperedBox";"24";"12";"(0,0.47,0)";"(0.09,0.94,0.09)";"Assets/_Game/Prefabs/Environment/AreaArtVariants/TwilightGrove_swamp_hemp_Active.prefab | Assets/_Game/Prefabs/Environment/AreaArtVariants/VeilMarsh_swamp_hemp_Active.prefab | Assets/_Game/Prefabs/Resources/Nodes/SwampHemp.prefab | Assets/_Game/Prefabs/Resources/Visuals/SwampHemp_Active.prefab";"Assets/_Game/Scenes/Zone_GreyRifts.unity | Assets/_Game/Scenes/Zone_TwilightGrove.unity | Assets/_Game/Scenes/Zone_VeilMarsh.unity";"Assets/_Game/Editor/ResourceContentBuilder.cs | Assets/_Game/Editor/T1ResourceVisualBuilder.cs | Assets/_Game/Editor/T2ResourceVisualBuilder.cs"
"Assets/_Game/Art/Resources/T2Meshes/T2_009_Kopf.asset";"681fce933c75f8045aceccf25b0e8df8";"4300000";"TaperedBox";"24";"12";"(0,0.11,0)";"(0.2,0.22,0.2)";"Assets/_Game/Prefabs/Environment/AreaArtVariants/TwilightGrove_swamp_hemp_Active.prefab | Assets/_Game/Prefabs/Environment/AreaArtVariants/VeilMarsh_swamp_hemp_Active.prefab | Assets/_Game/Prefabs/Resources/Nodes/SwampHemp.prefab | Assets/_Game/Prefabs/Resources/Visuals/SwampHemp_Active.prefab";"Assets/_Game/Scenes/Zone_GreyRifts.unity | Assets/_Game/Scenes/Zone_TwilightGrove.unity | Assets/_Game/Scenes/Zone_VeilMarsh.unity";"Assets/_Game/Editor/ResourceContentBuilder.cs | Assets/_Game/Editor/T1ResourceVisualBuilder.cs | Assets/_Game/Editor/T2ResourceVisualBuilder.cs"
"Assets/_Game/Art/Resources/T2Meshes/T2_010_Halm.asset";"83e50a851be1e634d838826a16a697eb";"4300000";"TaperedBox";"24";"12";"(0,0.53,0)";"(0.09,1.06,0.09)";"Assets/_Game/Prefabs/Environment/AreaArtVariants/TwilightGrove_swamp_hemp_Active.prefab | Assets/_Game/Prefabs/Environment/AreaArtVariants/VeilMarsh_swamp_hemp_Active.prefab | Assets/_Game/Prefabs/Resources/Nodes/SwampHemp.prefab | Assets/_Game/Prefabs/Resources/Visuals/SwampHemp_Active.prefab";"Assets/_Game/Scenes/Zone_GreyRifts.unity | Assets/_Game/Scenes/Zone_TwilightGrove.unity | Assets/_Game/Scenes/Zone_VeilMarsh.unity";"Assets/_Game/Editor/ResourceContentBuilder.cs | Assets/_Game/Editor/T1ResourceVisualBuilder.cs | Assets/_Game/Editor/T2ResourceVisualBuilder.cs"
"Assets/_Game/Art/Resources/T2Meshes/T2_011_Kopf.asset";"5726ecc159b81af428b1c55aeb3256c0";"4300000";"TaperedBox";"24";"12";"(0,0.11,0)";"(0.2,0.22,0.2)";"Assets/_Game/Prefabs/Environment/AreaArtVariants/TwilightGrove_swamp_hemp_Active.prefab | Assets/_Game/Prefabs/Environment/AreaArtVariants/VeilMarsh_swamp_hemp_Active.prefab | Assets/_Game/Prefabs/Resources/Nodes/SwampHemp.prefab | Assets/_Game/Prefabs/Resources/Visuals/SwampHemp_Active.prefab";"Assets/_Game/Scenes/Zone_GreyRifts.unity | Assets/_Game/Scenes/Zone_TwilightGrove.unity | Assets/_Game/Scenes/Zone_VeilMarsh.unity";"Assets/_Game/Editor/ResourceContentBuilder.cs | Assets/_Game/Editor/T1ResourceVisualBuilder.cs | Assets/_Game/Editor/T2ResourceVisualBuilder.cs"
"Assets/_Game/Art/Resources/T2Meshes/T2_012_Halm.asset";"55d41eac3e9a1dc47843dfc95b03f22a";"4300000";"TaperedBox";"24";"12";"(0,0.59,0)";"(0.09,1.18,0.09)";"Assets/_Game/Prefabs/Environment/AreaArtVariants/TwilightGrove_swamp_hemp_Active.prefab | Assets/_Game/Prefabs/Environment/AreaArtVariants/VeilMarsh_swamp_hemp_Active.prefab | Assets/_Game/Prefabs/Resources/Nodes/SwampHemp.prefab | Assets/_Game/Prefabs/Resources/Visuals/SwampHemp_Active.prefab";"Assets/_Game/Scenes/Zone_GreyRifts.unity | Assets/_Game/Scenes/Zone_TwilightGrove.unity | Assets/_Game/Scenes/Zone_VeilMarsh.unity";"Assets/_Game/Editor/ResourceContentBuilder.cs | Assets/_Game/Editor/T1ResourceVisualBuilder.cs | Assets/_Game/Editor/T2ResourceVisualBuilder.cs"
"Assets/_Game/Art/Resources/T2Meshes/T2_013_Kopf.asset";"332e7993cb218244b93f1dda26f40517";"4300000";"TaperedBox";"24";"12";"(0,0.11,0)";"(0.2,0.22,0.2)";"Assets/_Game/Prefabs/Environment/AreaArtVariants/TwilightGrove_swamp_hemp_Active.prefab | Assets/_Game/Prefabs/Environment/AreaArtVariants/VeilMarsh_swamp_hemp_Active.prefab | Assets/_Game/Prefabs/Resources/Nodes/SwampHemp.prefab | Assets/_Game/Prefabs/Resources/Visuals/SwampHemp_Active.prefab";"Assets/_Game/Scenes/Zone_GreyRifts.unity | Assets/_Game/Scenes/Zone_TwilightGrove.unity | Assets/_Game/Scenes/Zone_VeilMarsh.unity";"Assets/_Game/Editor/ResourceContentBuilder.cs | Assets/_Game/Editor/T1ResourceVisualBuilder.cs | Assets/_Game/Editor/T2ResourceVisualBuilder.cs"
"Assets/_Game/Art/Resources/T2Meshes/T2_014_Halm.asset";"be6da523c8a3b694f915caa549849874";"4300000";"TaperedBox";"24";"12";"(0,0.41,0)";"(0.09,0.82,0.09)";"Assets/_Game/Prefabs/Environment/AreaArtVariants/TwilightGrove_swamp_hemp_Active.prefab | Assets/_Game/Prefabs/Environment/AreaArtVariants/VeilMarsh_swamp_hemp_Active.prefab | Assets/_Game/Prefabs/Resources/Nodes/SwampHemp.prefab | Assets/_Game/Prefabs/Resources/Visuals/SwampHemp_Active.prefab";"Assets/_Game/Scenes/Zone_GreyRifts.unity | Assets/_Game/Scenes/Zone_TwilightGrove.unity | Assets/_Game/Scenes/Zone_VeilMarsh.unity";"Assets/_Game/Editor/ResourceContentBuilder.cs | Assets/_Game/Editor/T1ResourceVisualBuilder.cs | Assets/_Game/Editor/T2ResourceVisualBuilder.cs"
"Assets/_Game/Art/Resources/T2Meshes/T2_015_Kopf.asset";"567378970026d874395e3e8883b14ebf";"4300000";"TaperedBox";"24";"12";"(0,0.11,0)";"(0.2,0.22,0.2)";"Assets/_Game/Prefabs/Environment/AreaArtVariants/TwilightGrove_swamp_hemp_Active.prefab | Assets/_Game/Prefabs/Environment/AreaArtVariants/VeilMarsh_swamp_hemp_Active.prefab | Assets/_Game/Prefabs/Resources/Nodes/SwampHemp.prefab | Assets/_Game/Prefabs/Resources/Visuals/SwampHemp_Active.prefab";"Assets/_Game/Scenes/Zone_GreyRifts.unity | Assets/_Game/Scenes/Zone_TwilightGrove.unity | Assets/_Game/Scenes/Zone_VeilMarsh.unity";"Assets/_Game/Editor/ResourceContentBuilder.cs | Assets/_Game/Editor/T1ResourceVisualBuilder.cs | Assets/_Game/Editor/T2ResourceVisualBuilder.cs"
"Assets/_Game/Art/Resources/T2Meshes/T2_016_Halm.asset";"fefbcefad509e5b48a8cad7c13b7a969";"4300000";"TaperedBox";"24";"12";"(0,0.47,0)";"(0.09,0.94,0.09)";"Assets/_Game/Prefabs/Environment/AreaArtVariants/TwilightGrove_swamp_hemp_Active.prefab | Assets/_Game/Prefabs/Environment/AreaArtVariants/VeilMarsh_swamp_hemp_Active.prefab | Assets/_Game/Prefabs/Resources/Nodes/SwampHemp.prefab | Assets/_Game/Prefabs/Resources/Visuals/SwampHemp_Active.prefab";"Assets/_Game/Scenes/Zone_GreyRifts.unity | Assets/_Game/Scenes/Zone_TwilightGrove.unity | Assets/_Game/Scenes/Zone_VeilMarsh.unity";"Assets/_Game/Editor/ResourceContentBuilder.cs | Assets/_Game/Editor/T1ResourceVisualBuilder.cs | Assets/_Game/Editor/T2ResourceVisualBuilder.cs"
"Assets/_Game/Art/Resources/T2Meshes/T2_017_Kopf.asset";"045099c0d86ef5743a365976bc1354b7";"4300000";"TaperedBox";"24";"12";"(0,0.11,0)";"(0.2,0.22,0.2)";"Assets/_Game/Prefabs/Environment/AreaArtVariants/TwilightGrove_swamp_hemp_Active.prefab | Assets/_Game/Prefabs/Environment/AreaArtVariants/VeilMarsh_swamp_hemp_Active.prefab | Assets/_Game/Prefabs/Resources/Nodes/SwampHemp.prefab | Assets/_Game/Prefabs/Resources/Visuals/SwampHemp_Active.prefab";"Assets/_Game/Scenes/Zone_GreyRifts.unity | Assets/_Game/Scenes/Zone_TwilightGrove.unity | Assets/_Game/Scenes/Zone_VeilMarsh.unity";"Assets/_Game/Editor/ResourceContentBuilder.cs | Assets/_Game/Editor/T1ResourceVisualBuilder.cs | Assets/_Game/Editor/T2ResourceVisualBuilder.cs"
"Assets/_Game/Art/Resources/T2Meshes/T2_018_Halm.asset";"a028fe543bf493446864ba6c0dc8e606";"4300000";"TaperedBox";"24";"12";"(0,0.53,0)";"(0.09,1.06,0.09)";"Assets/_Game/Prefabs/Environment/AreaArtVariants/TwilightGrove_swamp_hemp_Active.prefab | Assets/_Game/Prefabs/Environment/AreaArtVariants/VeilMarsh_swamp_hemp_Active.prefab | Assets/_Game/Prefabs/Resources/Nodes/SwampHemp.prefab | Assets/_Game/Prefabs/Resources/Visuals/SwampHemp_Active.prefab";"Assets/_Game/Scenes/Zone_GreyRifts.unity | Assets/_Game/Scenes/Zone_TwilightGrove.unity | Assets/_Game/Scenes/Zone_VeilMarsh.unity";"Assets/_Game/Editor/ResourceContentBuilder.cs | Assets/_Game/Editor/T1ResourceVisualBuilder.cs | Assets/_Game/Editor/T2ResourceVisualBuilder.cs"
"Assets/_Game/Art/Resources/T2Meshes/T2_019_Kopf.asset";"86434e0765a28fa41a680f3b62384b56";"4300000";"TaperedBox";"24";"12";"(0,0.11,0)";"(0.2,0.22,0.2)";"Assets/_Game/Prefabs/Environment/AreaArtVariants/TwilightGrove_swamp_hemp_Active.prefab | Assets/_Game/Prefabs/Environment/AreaArtVariants/VeilMarsh_swamp_hemp_Active.prefab | Assets/_Game/Prefabs/Resources/Nodes/SwampHemp.prefab | Assets/_Game/Prefabs/Resources/Visuals/SwampHemp_Active.prefab";"Assets/_Game/Scenes/Zone_GreyRifts.unity | Assets/_Game/Scenes/Zone_TwilightGrove.unity | Assets/_Game/Scenes/Zone_VeilMarsh.unity";"Assets/_Game/Editor/ResourceContentBuilder.cs | Assets/_Game/Editor/T1ResourceVisualBuilder.cs | Assets/_Game/Editor/T2ResourceVisualBuilder.cs"
"Assets/_Game/Art/Resources/T2Meshes/T2_020_Halm.asset";"2e33e804004786245ad94effb6c89f22";"4300000";"TaperedBox";"24";"12";"(0,0.59,0)";"(0.09,1.18,0.09)";"Assets/_Game/Prefabs/Environment/AreaArtVariants/TwilightGrove_swamp_hemp_Active.prefab | Assets/_Game/Prefabs/Environment/AreaArtVariants/VeilMarsh_swamp_hemp_Active.prefab | Assets/_Game/Prefabs/Resources/Nodes/SwampHemp.prefab | Assets/_Game/Prefabs/Resources/Visuals/SwampHemp_Active.prefab";"Assets/_Game/Scenes/Zone_GreyRifts.unity | Assets/_Game/Scenes/Zone_TwilightGrove.unity | Assets/_Game/Scenes/Zone_VeilMarsh.unity";"Assets/_Game/Editor/ResourceContentBuilder.cs | Assets/_Game/Editor/T1ResourceVisualBuilder.cs | Assets/_Game/Editor/T2ResourceVisualBuilder.cs"
"Assets/_Game/Art/Resources/T2Meshes/T2_021_Kopf.asset";"579c59a3d18174f43a6000dc12c9b35a";"4300000";"TaperedBox";"24";"12";"(0,0.11,0)";"(0.2,0.22,0.2)";"Assets/_Game/Prefabs/Environment/AreaArtVariants/TwilightGrove_swamp_hemp_Active.prefab | Assets/_Game/Prefabs/Environment/AreaArtVariants/VeilMarsh_swamp_hemp_Active.prefab | Assets/_Game/Prefabs/Resources/Nodes/SwampHemp.prefab | Assets/_Game/Prefabs/Resources/Visuals/SwampHemp_Active.prefab";"Assets/_Game/Scenes/Zone_GreyRifts.unity | Assets/_Game/Scenes/Zone_TwilightGrove.unity | Assets/_Game/Scenes/Zone_VeilMarsh.unity";"Assets/_Game/Editor/ResourceContentBuilder.cs | Assets/_Game/Editor/T1ResourceVisualBuilder.cs | Assets/_Game/Editor/T2ResourceVisualBuilder.cs"
"Assets/_Game/Art/Resources/T2Meshes/T2_022_Halm.asset";"9ebc4ddd261384a429bab4f78bfe7411";"4300000";"TaperedBox";"24";"12";"(0,0.41,0)";"(0.09,0.82,0.09)";"Assets/_Game/Prefabs/Environment/AreaArtVariants/TwilightGrove_swamp_hemp_Active.prefab | Assets/_Game/Prefabs/Environment/AreaArtVariants/VeilMarsh_swamp_hemp_Active.prefab | Assets/_Game/Prefabs/Resources/Nodes/SwampHemp.prefab | Assets/_Game/Prefabs/Resources/Visuals/SwampHemp_Active.prefab";"Assets/_Game/Scenes/Zone_GreyRifts.unity | Assets/_Game/Scenes/Zone_TwilightGrove.unity | Assets/_Game/Scenes/Zone_VeilMarsh.unity";"Assets/_Game/Editor/ResourceContentBuilder.cs | Assets/_Game/Editor/T1ResourceVisualBuilder.cs | Assets/_Game/Editor/T2ResourceVisualBuilder.cs"
"Assets/_Game/Art/Resources/T2Meshes/T2_023_Kopf.asset";"cf54ef45e8faf1d4eb670e2d43f46c2b";"4300000";"TaperedBox";"24";"12";"(0,0.11,0)";"(0.2,0.22,0.2)";"Assets/_Game/Prefabs/Environment/AreaArtVariants/TwilightGrove_swamp_hemp_Active.prefab | Assets/_Game/Prefabs/Environment/AreaArtVariants/VeilMarsh_swamp_hemp_Active.prefab | Assets/_Game/Prefabs/Resources/Nodes/SwampHemp.prefab | Assets/_Game/Prefabs/Resources/Visuals/SwampHemp_Active.prefab";"Assets/_Game/Scenes/Zone_GreyRifts.unity | Assets/_Game/Scenes/Zone_TwilightGrove.unity | Assets/_Game/Scenes/Zone_VeilMarsh.unity";"Assets/_Game/Editor/ResourceContentBuilder.cs | Assets/_Game/Editor/T1ResourceVisualBuilder.cs | Assets/_Game/Editor/T2ResourceVisualBuilder.cs"
"Assets/_Game/Art/Resources/T2Meshes/T2_024_Halm.asset";"c1a041d9491658243a69d3b93d656c03";"4300000";"TaperedBox";"24";"12";"(0,0.47,0)";"(0.09,0.94,0.09)";"Assets/_Game/Prefabs/Environment/AreaArtVariants/TwilightGrove_swamp_hemp_Active.prefab | Assets/_Game/Prefabs/Environment/AreaArtVariants/VeilMarsh_swamp_hemp_Active.prefab | Assets/_Game/Prefabs/Resources/Nodes/SwampHemp.prefab | Assets/_Game/Prefabs/Resources/Visuals/SwampHemp_Active.prefab";"Assets/_Game/Scenes/Zone_GreyRifts.unity | Assets/_Game/Scenes/Zone_TwilightGrove.unity | Assets/_Game/Scenes/Zone_VeilMarsh.unity";"Assets/_Game/Editor/ResourceContentBuilder.cs | Assets/_Game/Editor/T1ResourceVisualBuilder.cs | Assets/_Game/Editor/T2ResourceVisualBuilder.cs"
"Assets/_Game/Art/Resources/T2Meshes/T2_025_Kopf.asset";"e1220f6c05bf2ac49bc905efdf2118c0";"4300000";"TaperedBox";"24";"12";"(0,0.11,0)";"(0.2,0.22,0.2)";"Assets/_Game/Prefabs/Environment/AreaArtVariants/TwilightGrove_swamp_hemp_Active.prefab | Assets/_Game/Prefabs/Environment/AreaArtVariants/VeilMarsh_swamp_hemp_Active.prefab | Assets/_Game/Prefabs/Resources/Nodes/SwampHemp.prefab | Assets/_Game/Prefabs/Resources/Visuals/SwampHemp_Active.prefab";"Assets/_Game/Scenes/Zone_GreyRifts.unity | Assets/_Game/Scenes/Zone_TwilightGrove.unity | Assets/_Game/Scenes/Zone_VeilMarsh.unity";"Assets/_Game/Editor/ResourceContentBuilder.cs | Assets/_Game/Editor/T1ResourceVisualBuilder.cs | Assets/_Game/Editor/T2ResourceVisualBuilder.cs"
"Assets/_Game/Art/Resources/T2Meshes/T2_026_Halm.asset";"46ab493a9adb86449a3c3f007d73b835";"4300000";"TaperedBox";"24";"12";"(0,0.53,0)";"(0.09,1.06,0.09)";"Assets/_Game/Prefabs/Environment/AreaArtVariants/TwilightGrove_swamp_hemp_Active.prefab | Assets/_Game/Prefabs/Environment/AreaArtVariants/VeilMarsh_swamp_hemp_Active.prefab | Assets/_Game/Prefabs/Resources/Nodes/SwampHemp.prefab | Assets/_Game/Prefabs/Resources/Visuals/SwampHemp_Active.prefab";"Assets/_Game/Scenes/Zone_GreyRifts.unity | Assets/_Game/Scenes/Zone_TwilightGrove.unity | Assets/_Game/Scenes/Zone_VeilMarsh.unity";"Assets/_Game/Editor/ResourceContentBuilder.cs | Assets/_Game/Editor/T1ResourceVisualBuilder.cs | Assets/_Game/Editor/T2ResourceVisualBuilder.cs"
"Assets/_Game/Art/Resources/T2Meshes/T2_027_Kopf.asset";"2aa59d4b69d81ce4a9538245dc9b2e56";"4300000";"TaperedBox";"24";"12";"(0,0.11,0)";"(0.2,0.22,0.2)";"Assets/_Game/Prefabs/Environment/AreaArtVariants/TwilightGrove_swamp_hemp_Active.prefab | Assets/_Game/Prefabs/Environment/AreaArtVariants/VeilMarsh_swamp_hemp_Active.prefab | Assets/_Game/Prefabs/Resources/Nodes/SwampHemp.prefab | Assets/_Game/Prefabs/Resources/Visuals/SwampHemp_Active.prefab";"Assets/_Game/Scenes/Zone_GreyRifts.unity | Assets/_Game/Scenes/Zone_TwilightGrove.unity | Assets/_Game/Scenes/Zone_VeilMarsh.unity";"Assets/_Game/Editor/ResourceContentBuilder.cs | Assets/_Game/Editor/T1ResourceVisualBuilder.cs | Assets/_Game/Editor/T2ResourceVisualBuilder.cs"
"Assets/_Game/Art/Resources/T2Meshes/T2_028_Halm.asset";"f4b21fb1092d0a94389eefab5534c728";"4300000";"TaperedBox";"24";"12";"(0,0.082821,0)";"(0.09,0.165641,0.09)";"Assets/_Game/Prefabs/Environment/AreaArtVariants/TwilightGrove_swamp_hemp_Exhausted.prefab | Assets/_Game/Prefabs/Environment/AreaArtVariants/VeilMarsh_swamp_hemp_Exhausted.prefab | Assets/_Game/Prefabs/Resources/Nodes/SwampHemp.prefab | Assets/_Game/Prefabs/Resources/Visuals/SwampHemp_Exhausted.prefab";"Assets/_Game/Scenes/Zone_GreyRifts.unity | Assets/_Game/Scenes/Zone_TwilightGrove.unity | Assets/_Game/Scenes/Zone_VeilMarsh.unity";"Assets/_Game/Editor/ResourceContentBuilder.cs | Assets/_Game/Editor/T1ResourceVisualBuilder.cs | Assets/_Game/Editor/T2ResourceVisualBuilder.cs"
"Assets/_Game/Art/Resources/T2Meshes/T2_029_Halm.asset";"a7a85b3e2d57b9e4499136d94d58b609";"4300000";"TaperedBox";"24";"12";"(0,0.10718,0)";"(0.09,0.214359,0.09)";"Assets/_Game/Prefabs/Environment/AreaArtVariants/TwilightGrove_swamp_hemp_Exhausted.prefab | Assets/_Game/Prefabs/Environment/AreaArtVariants/VeilMarsh_swamp_hemp_Exhausted.prefab | Assets/_Game/Prefabs/Resources/Nodes/SwampHemp.prefab | Assets/_Game/Prefabs/Resources/Visuals/SwampHemp_Exhausted.prefab";"Assets/_Game/Scenes/Zone_GreyRifts.unity | Assets/_Game/Scenes/Zone_TwilightGrove.unity | Assets/_Game/Scenes/Zone_VeilMarsh.unity";"Assets/_Game/Editor/ResourceContentBuilder.cs | Assets/_Game/Editor/T1ResourceVisualBuilder.cs | Assets/_Game/Editor/T2ResourceVisualBuilder.cs"
"Assets/_Game/Art/Resources/T2Meshes/T2_030_Halm.asset";"0656d5e1b2dbb8847983626e49b7472a";"4300000";"TaperedBox";"24";"12";"(0,0.082821,0)";"(0.09,0.165641,0.09)";"Assets/_Game/Prefabs/Environment/AreaArtVariants/TwilightGrove_swamp_hemp_Exhausted.prefab | Assets/_Game/Prefabs/Environment/AreaArtVariants/VeilMarsh_swamp_hemp_Exhausted.prefab | Assets/_Game/Prefabs/Resources/Nodes/SwampHemp.prefab | Assets/_Game/Prefabs/Resources/Visuals/SwampHemp_Exhausted.prefab";"Assets/_Game/Scenes/Zone_GreyRifts.unity | Assets/_Game/Scenes/Zone_TwilightGrove.unity | Assets/_Game/Scenes/Zone_VeilMarsh.unity";"Assets/_Game/Editor/ResourceContentBuilder.cs | Assets/_Game/Editor/T1ResourceVisualBuilder.cs | Assets/_Game/Editor/T2ResourceVisualBuilder.cs"
"Assets/_Game/Art/Resources/T2Meshes/T2_031_Halm.asset";"7da36fb0ef708f6499c74e964cd032cd";"4300000";"TaperedBox";"24";"12";"(0,0.10718,0)";"(0.09,0.214359,0.09)";"Assets/_Game/Prefabs/Environment/AreaArtVariants/TwilightGrove_swamp_hemp_Exhausted.prefab | Assets/_Game/Prefabs/Environment/AreaArtVariants/VeilMarsh_swamp_hemp_Exhausted.prefab | Assets/_Game/Prefabs/Resources/Nodes/SwampHemp.prefab | Assets/_Game/Prefabs/Resources/Visuals/SwampHemp_Exhausted.prefab";"Assets/_Game/Scenes/Zone_GreyRifts.unity | Assets/_Game/Scenes/Zone_TwilightGrove.unity | Assets/_Game/Scenes/Zone_VeilMarsh.unity";"Assets/_Game/Editor/ResourceContentBuilder.cs | Assets/_Game/Editor/T1ResourceVisualBuilder.cs | Assets/_Game/Editor/T2ResourceVisualBuilder.cs"
"Assets/_Game/Art/Resources/T2Meshes/T2_032_Halm.asset";"3a9ea5f52305f014d9641a901d3745d0";"4300000";"TaperedBox";"24";"12";"(0,0.082821,0)";"(0.09,0.165641,0.09)";"Assets/_Game/Prefabs/Environment/AreaArtVariants/TwilightGrove_swamp_hemp_Exhausted.prefab | Assets/_Game/Prefabs/Environment/AreaArtVariants/VeilMarsh_swamp_hemp_Exhausted.prefab | Assets/_Game/Prefabs/Resources/Nodes/SwampHemp.prefab | Assets/_Game/Prefabs/Resources/Visuals/SwampHemp_Exhausted.prefab";"Assets/_Game/Scenes/Zone_GreyRifts.unity | Assets/_Game/Scenes/Zone_TwilightGrove.unity | Assets/_Game/Scenes/Zone_VeilMarsh.unity";"Assets/_Game/Editor/ResourceContentBuilder.cs | Assets/_Game/Editor/T1ResourceVisualBuilder.cs | Assets/_Game/Editor/T2ResourceVisualBuilder.cs"
"Assets/_Game/Art/Resources/T2Meshes/T2_033_Halm.asset";"ff8ef2fbdf65d8546b3175f956c20814";"4300000";"TaperedBox";"24";"12";"(0,0.10718,0)";"(0.09,0.214359,0.09)";"Assets/_Game/Prefabs/Environment/AreaArtVariants/TwilightGrove_swamp_hemp_Exhausted.prefab | Assets/_Game/Prefabs/Environment/AreaArtVariants/VeilMarsh_swamp_hemp_Exhausted.prefab | Assets/_Game/Prefabs/Resources/Nodes/SwampHemp.prefab | Assets/_Game/Prefabs/Resources/Visuals/SwampHemp_Exhausted.prefab";"Assets/_Game/Scenes/Zone_GreyRifts.unity | Assets/_Game/Scenes/Zone_TwilightGrove.unity | Assets/_Game/Scenes/Zone_VeilMarsh.unity";"Assets/_Game/Editor/ResourceContentBuilder.cs | Assets/_Game/Editor/T1ResourceVisualBuilder.cs | Assets/_Game/Editor/T2ResourceVisualBuilder.cs"
"Assets/_Game/Art/Resources/T2Meshes/T2_034_Halm.asset";"aa3e4c7f9f3e09c4697deef3513fb9e0";"4300000";"TaperedBox";"24";"12";"(0,0.082821,0)";"(0.09,0.165641,0.09)";"Assets/_Game/Prefabs/Environment/AreaArtVariants/TwilightGrove_swamp_hemp_Exhausted.prefab | Assets/_Game/Prefabs/Environment/AreaArtVariants/VeilMarsh_swamp_hemp_Exhausted.prefab | Assets/_Game/Prefabs/Resources/Nodes/SwampHemp.prefab | Assets/_Game/Prefabs/Resources/Visuals/SwampHemp_Exhausted.prefab";"Assets/_Game/Scenes/Zone_GreyRifts.unity | Assets/_Game/Scenes/Zone_TwilightGrove.unity | Assets/_Game/Scenes/Zone_VeilMarsh.unity";"Assets/_Game/Editor/ResourceContentBuilder.cs | Assets/_Game/Editor/T1ResourceVisualBuilder.cs | Assets/_Game/Editor/T2ResourceVisualBuilder.cs"
"Assets/_Game/Art/Resources/T2Meshes/T2_035_Fels.asset";"1d6bee0ecf2dc4c489ff6ffdbe4beae3";"4300000";"Loft";"100";"44";"(0.011142,0.330261,-0.003452)";"(0.650522,0.660522,0.561231)";"Assets/_Game/Prefabs/Environment/AreaArtVariants/GreyRifts_granite_deposit_Active.prefab | Assets/_Game/Prefabs/Resources/Nodes/GraniteDeposit.prefab | Assets/_Game/Prefabs/Resources/Visuals/GraniteDeposit_Active.prefab";"Assets/_Game/Scenes/Zone_GreyRifts.unity | Assets/_Game/Scenes/Zone_TwilightGrove.unity | Assets/_Game/Scenes/Zone_VeilMarsh.unity";"Assets/_Game/Editor/ResourceContentBuilder.cs | Assets/_Game/Editor/T1ResourceVisualBuilder.cs | Assets/_Game/Editor/T2ResourceVisualBuilder.cs"
"Assets/_Game/Art/Resources/T2Meshes/T2_036_Fels.asset";"ab77e67569afe254194966771096906b";"4300000";"Loft";"100";"44";"(0.011142,0.48163,-0.003452)";"(0.650522,0.963261,0.561231)";"Assets/_Game/Prefabs/Environment/AreaArtVariants/GreyRifts_granite_deposit_Active.prefab | Assets/_Game/Prefabs/Resources/Nodes/GraniteDeposit.prefab | Assets/_Game/Prefabs/Resources/Visuals/GraniteDeposit_Active.prefab";"Assets/_Game/Scenes/Zone_GreyRifts.unity | Assets/_Game/Scenes/Zone_TwilightGrove.unity | Assets/_Game/Scenes/Zone_VeilMarsh.unity";"Assets/_Game/Editor/ResourceContentBuilder.cs | Assets/_Game/Editor/T1ResourceVisualBuilder.cs | Assets/_Game/Editor/T2ResourceVisualBuilder.cs"
"Assets/_Game/Art/Resources/T2Meshes/T2_037_Fels.asset";"a1ae0adac69e30c4fb8b6d70249ba5c8";"4300000";"Loft";"100";"44";"(0.011142,0.633,-0.003452)";"(0.650522,1.266,0.561231)";"Assets/_Game/Prefabs/Environment/AreaArtVariants/GreyRifts_granite_deposit_Active.prefab | Assets/_Game/Prefabs/Resources/Nodes/GraniteDeposit.prefab | Assets/_Game/Prefabs/Resources/Visuals/GraniteDeposit_Active.prefab";"Assets/_Game/Scenes/Zone_GreyRifts.unity | Assets/_Game/Scenes/Zone_TwilightGrove.unity | Assets/_Game/Scenes/Zone_VeilMarsh.unity";"Assets/_Game/Editor/ResourceContentBuilder.cs | Assets/_Game/Editor/T1ResourceVisualBuilder.cs | Assets/_Game/Editor/T2ResourceVisualBuilder.cs"
"Assets/_Game/Art/Resources/T2Meshes/T2_038_Fels.asset";"fd28818975b24684685535a6115518d7";"4300000";"Loft";"100";"44";"(0.011142,0.330261,-0.003452)";"(0.650522,0.660522,0.561231)";"Assets/_Game/Prefabs/Environment/AreaArtVariants/GreyRifts_granite_deposit_Active.prefab | Assets/_Game/Prefabs/Resources/Nodes/GraniteDeposit.prefab | Assets/_Game/Prefabs/Resources/Visuals/GraniteDeposit_Active.prefab";"Assets/_Game/Scenes/Zone_GreyRifts.unity | Assets/_Game/Scenes/Zone_TwilightGrove.unity | Assets/_Game/Scenes/Zone_VeilMarsh.unity";"Assets/_Game/Editor/ResourceContentBuilder.cs | Assets/_Game/Editor/T1ResourceVisualBuilder.cs | Assets/_Game/Editor/T2ResourceVisualBuilder.cs"
"Assets/_Game/Art/Resources/T2Meshes/T2_039_Fels.asset";"db44c2813ee2a7d43b76ace4f7f77305";"4300000";"Loft";"100";"44";"(0.011142,0.48163,-0.003452)";"(0.650522,0.963261,0.561231)";"Assets/_Game/Prefabs/Environment/AreaArtVariants/GreyRifts_granite_deposit_Active.prefab | Assets/_Game/Prefabs/Resources/Nodes/GraniteDeposit.prefab | Assets/_Game/Prefabs/Resources/Visuals/GraniteDeposit_Active.prefab";"Assets/_Game/Scenes/Zone_GreyRifts.unity | Assets/_Game/Scenes/Zone_TwilightGrove.unity | Assets/_Game/Scenes/Zone_VeilMarsh.unity";"Assets/_Game/Editor/ResourceContentBuilder.cs | Assets/_Game/Editor/T1ResourceVisualBuilder.cs | Assets/_Game/Editor/T2ResourceVisualBuilder.cs"
"Assets/_Game/Art/Resources/T2Meshes/T2_040_Fels.asset";"0d5bc36fc4934884fb64ebf5f31b81f9";"4300000";"Loft";"100";"44";"(0.011142,0.633,-0.003452)";"(0.650522,1.266,0.561231)";"Assets/_Game/Prefabs/Environment/AreaArtVariants/GreyRifts_granite_deposit_Active.prefab | Assets/_Game/Prefabs/Resources/Nodes/GraniteDeposit.prefab | Assets/_Game/Prefabs/Resources/Visuals/GraniteDeposit_Active.prefab";"Assets/_Game/Scenes/Zone_GreyRifts.unity | Assets/_Game/Scenes/Zone_TwilightGrove.unity | Assets/_Game/Scenes/Zone_VeilMarsh.unity";"Assets/_Game/Editor/ResourceContentBuilder.cs | Assets/_Game/Editor/T1ResourceVisualBuilder.cs | Assets/_Game/Editor/T2ResourceVisualBuilder.cs"
"Assets/_Game/Art/Resources/T2Meshes/T2_041_Fels.asset";"efbf63e949999b441b9fc6cf135a80a7";"4300000";"Loft";"100";"44";"(0.011142,0.330261,-0.003452)";"(0.650522,0.660522,0.561231)";"Assets/_Game/Prefabs/Environment/AreaArtVariants/GreyRifts_granite_deposit_Active.prefab | Assets/_Game/Prefabs/Resources/Nodes/GraniteDeposit.prefab | Assets/_Game/Prefabs/Resources/Visuals/GraniteDeposit_Active.prefab";"Assets/_Game/Scenes/Zone_GreyRifts.unity | Assets/_Game/Scenes/Zone_TwilightGrove.unity | Assets/_Game/Scenes/Zone_VeilMarsh.unity";"Assets/_Game/Editor/ResourceContentBuilder.cs | Assets/_Game/Editor/T1ResourceVisualBuilder.cs | Assets/_Game/Editor/T2ResourceVisualBuilder.cs"
"Assets/_Game/Art/Resources/T2Meshes/T2_042_Fels.asset";"1503b7ebfcd8c7e4d90d51c24002ae4f";"4300000";"Loft";"100";"44";"(0.011142,0.24075,-0.003452)";"(0.650522,0.4815,0.561231)";"Assets/_Game/Prefabs/Environment/AreaArtVariants/GreyRifts_granite_deposit_Exhausted.prefab | Assets/_Game/Prefabs/Resources/Nodes/GraniteDeposit.prefab | Assets/_Game/Prefabs/Resources/Visuals/GraniteDeposit_Exhausted.prefab";"Assets/_Game/Scenes/Zone_GreyRifts.unity | Assets/_Game/Scenes/Zone_TwilightGrove.unity | Assets/_Game/Scenes/Zone_VeilMarsh.unity";"Assets/_Game/Editor/ResourceContentBuilder.cs | Assets/_Game/Editor/T1ResourceVisualBuilder.cs | Assets/_Game/Editor/T2ResourceVisualBuilder.cs"
"Assets/_Game/Art/Resources/T2Meshes/T2_043_Fels.asset";"67641551fc72fa246bcc27f0c0cafec7";"4300000";"Loft";"100";"44";"(0.011142,0.3745,-0.003452)";"(0.650522,0.749,0.561231)";"Assets/_Game/Prefabs/Environment/AreaArtVariants/GreyRifts_granite_deposit_Exhausted.prefab | Assets/_Game/Prefabs/Resources/Nodes/GraniteDeposit.prefab | Assets/_Game/Prefabs/Resources/Visuals/GraniteDeposit_Exhausted.prefab";"Assets/_Game/Scenes/Zone_GreyRifts.unity | Assets/_Game/Scenes/Zone_TwilightGrove.unity | Assets/_Game/Scenes/Zone_VeilMarsh.unity";"Assets/_Game/Editor/ResourceContentBuilder.cs | Assets/_Game/Editor/T1ResourceVisualBuilder.cs | Assets/_Game/Editor/T2ResourceVisualBuilder.cs"
"Assets/_Game/Art/Resources/T2Meshes/T2_044_Fels.asset";"463980e54d59e334cbb615ac7360a35c";"4300000";"Loft";"100";"44";"(0.011142,0.24075,-0.003452)";"(0.650522,0.4815,0.561231)";"Assets/_Game/Prefabs/Environment/AreaArtVariants/GreyRifts_granite_deposit_Exhausted.prefab | Assets/_Game/Prefabs/Resources/Nodes/GraniteDeposit.prefab | Assets/_Game/Prefabs/Resources/Visuals/GraniteDeposit_Exhausted.prefab";"Assets/_Game/Scenes/Zone_GreyRifts.unity | Assets/_Game/Scenes/Zone_TwilightGrove.unity | Assets/_Game/Scenes/Zone_VeilMarsh.unity";"Assets/_Game/Editor/ResourceContentBuilder.cs | Assets/_Game/Editor/T1ResourceVisualBuilder.cs | Assets/_Game/Editor/T2ResourceVisualBuilder.cs"
"Assets/_Game/Art/Resources/T2Meshes/T2_045_Fels.asset";"1067fbef71220414aabd25f884d5a14b";"4300000";"Loft";"100";"44";"(0.011142,0.3745,-0.003452)";"(0.650522,0.749,0.561231)";"Assets/_Game/Prefabs/Environment/AreaArtVariants/GreyRifts_granite_deposit_Exhausted.prefab | Assets/_Game/Prefabs/Resources/Nodes/GraniteDeposit.prefab | Assets/_Game/Prefabs/Resources/Visuals/GraniteDeposit_Exhausted.prefab";"Assets/_Game/Scenes/Zone_GreyRifts.unity | Assets/_Game/Scenes/Zone_TwilightGrove.unity | Assets/_Game/Scenes/Zone_VeilMarsh.unity";"Assets/_Game/Editor/ResourceContentBuilder.cs | Assets/_Game/Editor/T1ResourceVisualBuilder.cs | Assets/_Game/Editor/T2ResourceVisualBuilder.cs"
"Assets/_Game/Art/Resources/T2Meshes/T2_046_Fels.asset";"b299a2c0cd786cc4cb57b32550316ae0";"4300000";"Loft";"100";"44";"(0.011142,0.330261,-0.003452)";"(0.650522,0.660522,0.561231)";"Assets/_Game/Prefabs/Environment/AreaArtVariants/GreyRifts_iron_vein_Active.prefab | Assets/_Game/Prefabs/Environment/AreaArtVariants/VeilMarsh_iron_vein_Active.prefab | Assets/_Game/Prefabs/Resources/Nodes/IronVein.prefab | Assets/_Game/Prefabs/Resources/Visuals/IronVein_Active.prefab";"Assets/_Game/Scenes/Zone_GreyRifts.unity | Assets/_Game/Scenes/Zone_TwilightGrove.unity | Assets/_Game/Scenes/Zone_VeilMarsh.unity";"Assets/_Game/Editor/ResourceContentBuilder.cs | Assets/_Game/Editor/T1ResourceVisualBuilder.cs | Assets/_Game/Editor/T2ResourceVisualBuilder.cs"
"Assets/_Game/Art/Resources/T2Meshes/T2_047_Fels.asset";"89907ecb07b9f5a4db1f09acbfa60226";"4300000";"Loft";"100";"44";"(0.011142,0.48163,-0.003452)";"(0.650522,0.963261,0.561231)";"Assets/_Game/Prefabs/Environment/AreaArtVariants/GreyRifts_iron_vein_Active.prefab | Assets/_Game/Prefabs/Environment/AreaArtVariants/VeilMarsh_iron_vein_Active.prefab | Assets/_Game/Prefabs/Resources/Nodes/IronVein.prefab | Assets/_Game/Prefabs/Resources/Visuals/IronVein_Active.prefab";"Assets/_Game/Scenes/Zone_GreyRifts.unity | Assets/_Game/Scenes/Zone_TwilightGrove.unity | Assets/_Game/Scenes/Zone_VeilMarsh.unity";"Assets/_Game/Editor/ResourceContentBuilder.cs | Assets/_Game/Editor/T1ResourceVisualBuilder.cs | Assets/_Game/Editor/T2ResourceVisualBuilder.cs"
"Assets/_Game/Art/Resources/T2Meshes/T2_048_Fels.asset";"4456e05fbfdb6514890a474cca4086c3";"4300000";"Loft";"100";"44";"(0.011142,0.633,-0.003452)";"(0.650522,1.266,0.561231)";"Assets/_Game/Prefabs/Environment/AreaArtVariants/GreyRifts_iron_vein_Active.prefab | Assets/_Game/Prefabs/Environment/AreaArtVariants/VeilMarsh_iron_vein_Active.prefab | Assets/_Game/Prefabs/Resources/Nodes/IronVein.prefab | Assets/_Game/Prefabs/Resources/Visuals/IronVein_Active.prefab";"Assets/_Game/Scenes/Zone_GreyRifts.unity | Assets/_Game/Scenes/Zone_TwilightGrove.unity | Assets/_Game/Scenes/Zone_VeilMarsh.unity";"Assets/_Game/Editor/ResourceContentBuilder.cs | Assets/_Game/Editor/T1ResourceVisualBuilder.cs | Assets/_Game/Editor/T2ResourceVisualBuilder.cs"
"Assets/_Game/Art/Resources/T2Meshes/T2_049_Fels.asset";"f8db1283b249ef8488185a905f1fc3c4";"4300000";"Loft";"100";"44";"(0.011142,0.330261,-0.003452)";"(0.650522,0.660522,0.561231)";"Assets/_Game/Prefabs/Environment/AreaArtVariants/GreyRifts_iron_vein_Active.prefab | Assets/_Game/Prefabs/Environment/AreaArtVariants/VeilMarsh_iron_vein_Active.prefab | Assets/_Game/Prefabs/Resources/Nodes/IronVein.prefab | Assets/_Game/Prefabs/Resources/Visuals/IronVein_Active.prefab";"Assets/_Game/Scenes/Zone_GreyRifts.unity | Assets/_Game/Scenes/Zone_TwilightGrove.unity | Assets/_Game/Scenes/Zone_VeilMarsh.unity";"Assets/_Game/Editor/ResourceContentBuilder.cs | Assets/_Game/Editor/T1ResourceVisualBuilder.cs | Assets/_Game/Editor/T2ResourceVisualBuilder.cs"
"Assets/_Game/Art/Resources/T2Meshes/T2_050_Fels.asset";"1e77a959dc69f0b40958b20247ad4287";"4300000";"Loft";"100";"44";"(0.011142,0.48163,-0.003452)";"(0.650522,0.963261,0.561231)";"Assets/_Game/Prefabs/Environment/AreaArtVariants/GreyRifts_iron_vein_Active.prefab | Assets/_Game/Prefabs/Environment/AreaArtVariants/VeilMarsh_iron_vein_Active.prefab | Assets/_Game/Prefabs/Resources/Nodes/IronVein.prefab | Assets/_Game/Prefabs/Resources/Visuals/IronVein_Active.prefab";"Assets/_Game/Scenes/Zone_GreyRifts.unity | Assets/_Game/Scenes/Zone_TwilightGrove.unity | Assets/_Game/Scenes/Zone_VeilMarsh.unity";"Assets/_Game/Editor/ResourceContentBuilder.cs | Assets/_Game/Editor/T1ResourceVisualBuilder.cs | Assets/_Game/Editor/T2ResourceVisualBuilder.cs"
"Assets/_Game/Art/Resources/T2Meshes/T2_051_Fels.asset";"8b0eb5090b2dc6b43bbc16bb5a187a17";"4300000";"Loft";"100";"44";"(0.011142,0.633,-0.003452)";"(0.650522,1.266,0.561231)";"Assets/_Game/Prefabs/Environment/AreaArtVariants/GreyRifts_iron_vein_Active.prefab | Assets/_Game/Prefabs/Environment/AreaArtVariants/VeilMarsh_iron_vein_Active.prefab | Assets/_Game/Prefabs/Resources/Nodes/IronVein.prefab | Assets/_Game/Prefabs/Resources/Visuals/IronVein_Active.prefab";"Assets/_Game/Scenes/Zone_GreyRifts.unity | Assets/_Game/Scenes/Zone_TwilightGrove.unity | Assets/_Game/Scenes/Zone_VeilMarsh.unity";"Assets/_Game/Editor/ResourceContentBuilder.cs | Assets/_Game/Editor/T1ResourceVisualBuilder.cs | Assets/_Game/Editor/T2ResourceVisualBuilder.cs"
"Assets/_Game/Art/Resources/T2Meshes/T2_052_Fels.asset";"22da8cd5e91f7e84b9a0cb62262ec3cf";"4300000";"Loft";"100";"44";"(0.011142,0.330261,-0.003452)";"(0.650522,0.660522,0.561231)";"Assets/_Game/Prefabs/Environment/AreaArtVariants/GreyRifts_iron_vein_Active.prefab | Assets/_Game/Prefabs/Environment/AreaArtVariants/VeilMarsh_iron_vein_Active.prefab | Assets/_Game/Prefabs/Resources/Nodes/IronVein.prefab | Assets/_Game/Prefabs/Resources/Visuals/IronVein_Active.prefab";"Assets/_Game/Scenes/Zone_GreyRifts.unity | Assets/_Game/Scenes/Zone_TwilightGrove.unity | Assets/_Game/Scenes/Zone_VeilMarsh.unity";"Assets/_Game/Editor/ResourceContentBuilder.cs | Assets/_Game/Editor/T1ResourceVisualBuilder.cs | Assets/_Game/Editor/T2ResourceVisualBuilder.cs"
"Assets/_Game/Art/Resources/T2Meshes/T2_053_Erzsplitter.asset";"c252c2220e7095b4294d9b96b1192db5";"4300000";"TaperedBox";"24";"12";"(0,0.346034,0)";"(0.16,0.692068,0.16)";"Assets/_Game/Prefabs/Environment/AreaArtVariants/GreyRifts_iron_vein_Active.prefab | Assets/_Game/Prefabs/Environment/AreaArtVariants/VeilMarsh_iron_vein_Active.prefab | Assets/_Game/Prefabs/Resources/Nodes/IronVein.prefab | Assets/_Game/Prefabs/Resources/Visuals/IronVein_Active.prefab";"Assets/_Game/Scenes/Zone_GreyRifts.unity | Assets/_Game/Scenes/Zone_TwilightGrove.unity | Assets/_Game/Scenes/Zone_VeilMarsh.unity";"Assets/_Game/Editor/ResourceContentBuilder.cs | Assets/_Game/Editor/T1ResourceVisualBuilder.cs | Assets/_Game/Editor/T2ResourceVisualBuilder.cs"
"Assets/_Game/Art/Resources/T2Meshes/T2_054_Erzsplitter.asset";"9aa116fd14f3199499f99ed2abb03f0f";"4300000";"TaperedBox";"24";"12";"(0,0.346034,0)";"(0.16,0.692068,0.16)";"Assets/_Game/Prefabs/Environment/AreaArtVariants/GreyRifts_iron_vein_Active.prefab | Assets/_Game/Prefabs/Environment/AreaArtVariants/VeilMarsh_iron_vein_Active.prefab | Assets/_Game/Prefabs/Resources/Nodes/IronVein.prefab | Assets/_Game/Prefabs/Resources/Visuals/IronVein_Active.prefab";"Assets/_Game/Scenes/Zone_GreyRifts.unity | Assets/_Game/Scenes/Zone_TwilightGrove.unity | Assets/_Game/Scenes/Zone_VeilMarsh.unity";"Assets/_Game/Editor/ResourceContentBuilder.cs | Assets/_Game/Editor/T1ResourceVisualBuilder.cs | Assets/_Game/Editor/T2ResourceVisualBuilder.cs"
"Assets/_Game/Art/Resources/T2Meshes/T2_055_Erzsplitter.asset";"399a9a7fffb5c0945954acb45ff41a21";"4300000";"TaperedBox";"24";"12";"(0,0.346034,0)";"(0.16,0.692068,0.16)";"Assets/_Game/Prefabs/Environment/AreaArtVariants/GreyRifts_iron_vein_Active.prefab | Assets/_Game/Prefabs/Environment/AreaArtVariants/VeilMarsh_iron_vein_Active.prefab | Assets/_Game/Prefabs/Resources/Nodes/IronVein.prefab | Assets/_Game/Prefabs/Resources/Visuals/IronVein_Active.prefab";"Assets/_Game/Scenes/Zone_GreyRifts.unity | Assets/_Game/Scenes/Zone_TwilightGrove.unity | Assets/_Game/Scenes/Zone_VeilMarsh.unity";"Assets/_Game/Editor/ResourceContentBuilder.cs | Assets/_Game/Editor/T1ResourceVisualBuilder.cs | Assets/_Game/Editor/T2ResourceVisualBuilder.cs"
"Assets/_Game/Art/Resources/T2Meshes/T2_056_Erzsplitter.asset";"61bfddb9b50a421488bbb4d7734f1e63";"4300000";"TaperedBox";"24";"12";"(0,0.346034,0)";"(0.16,0.692068,0.16)";"Assets/_Game/Prefabs/Environment/AreaArtVariants/GreyRifts_iron_vein_Active.prefab | Assets/_Game/Prefabs/Environment/AreaArtVariants/VeilMarsh_iron_vein_Active.prefab | Assets/_Game/Prefabs/Resources/Nodes/IronVein.prefab | Assets/_Game/Prefabs/Resources/Visuals/IronVein_Active.prefab";"Assets/_Game/Scenes/Zone_GreyRifts.unity | Assets/_Game/Scenes/Zone_TwilightGrove.unity | Assets/_Game/Scenes/Zone_VeilMarsh.unity";"Assets/_Game/Editor/ResourceContentBuilder.cs | Assets/_Game/Editor/T1ResourceVisualBuilder.cs | Assets/_Game/Editor/T2ResourceVisualBuilder.cs"
"Assets/_Game/Art/Resources/T2Meshes/T2_057_Erzsplitter.asset";"35f09f890a2092f4fb9be2350d14d0d2";"4300000";"TaperedBox";"24";"12";"(0,0.346034,0)";"(0.16,0.692068,0.16)";"Assets/_Game/Prefabs/Environment/AreaArtVariants/GreyRifts_iron_vein_Active.prefab | Assets/_Game/Prefabs/Environment/AreaArtVariants/VeilMarsh_iron_vein_Active.prefab | Assets/_Game/Prefabs/Resources/Nodes/IronVein.prefab | Assets/_Game/Prefabs/Resources/Visuals/IronVein_Active.prefab";"Assets/_Game/Scenes/Zone_GreyRifts.unity | Assets/_Game/Scenes/Zone_TwilightGrove.unity | Assets/_Game/Scenes/Zone_VeilMarsh.unity";"Assets/_Game/Editor/ResourceContentBuilder.cs | Assets/_Game/Editor/T1ResourceVisualBuilder.cs | Assets/_Game/Editor/T2ResourceVisualBuilder.cs"
"Assets/_Game/Art/Resources/T2Meshes/T2_058_Fels.asset";"31bbb6403e5aab4478b664296fea964b";"4300000";"Loft";"100";"44";"(0.011142,0.24075,-0.003452)";"(0.650522,0.4815,0.561231)";"Assets/_Game/Prefabs/Environment/AreaArtVariants/GreyRifts_iron_vein_Exhausted.prefab | Assets/_Game/Prefabs/Environment/AreaArtVariants/VeilMarsh_iron_vein_Exhausted.prefab | Assets/_Game/Prefabs/Resources/Nodes/IronVein.prefab | Assets/_Game/Prefabs/Resources/Visuals/IronVein_Exhausted.prefab";"Assets/_Game/Scenes/Zone_GreyRifts.unity | Assets/_Game/Scenes/Zone_TwilightGrove.unity | Assets/_Game/Scenes/Zone_VeilMarsh.unity";"Assets/_Game/Editor/ResourceContentBuilder.cs | Assets/_Game/Editor/T1ResourceVisualBuilder.cs | Assets/_Game/Editor/T2ResourceVisualBuilder.cs"
"Assets/_Game/Art/Resources/T2Meshes/T2_059_Fels.asset";"b1599283c96a40a44a13fdb8052e3689";"4300000";"Loft";"100";"44";"(0.011142,0.3745,-0.003452)";"(0.650522,0.749,0.561231)";"Assets/_Game/Prefabs/Environment/AreaArtVariants/GreyRifts_iron_vein_Exhausted.prefab | Assets/_Game/Prefabs/Environment/AreaArtVariants/VeilMarsh_iron_vein_Exhausted.prefab | Assets/_Game/Prefabs/Resources/Nodes/IronVein.prefab | Assets/_Game/Prefabs/Resources/Visuals/IronVein_Exhausted.prefab";"Assets/_Game/Scenes/Zone_GreyRifts.unity | Assets/_Game/Scenes/Zone_TwilightGrove.unity | Assets/_Game/Scenes/Zone_VeilMarsh.unity";"Assets/_Game/Editor/ResourceContentBuilder.cs | Assets/_Game/Editor/T1ResourceVisualBuilder.cs | Assets/_Game/Editor/T2ResourceVisualBuilder.cs"
"Assets/_Game/Art/Resources/T2Meshes/T2_060_Fels.asset";"f2a8097ec0b357245ac391707e6b7920";"4300000";"Loft";"100";"44";"(0.011142,0.24075,-0.003452)";"(0.650522,0.4815,0.561231)";"Assets/_Game/Prefabs/Environment/AreaArtVariants/GreyRifts_iron_vein_Exhausted.prefab | Assets/_Game/Prefabs/Environment/AreaArtVariants/VeilMarsh_iron_vein_Exhausted.prefab | Assets/_Game/Prefabs/Resources/Nodes/IronVein.prefab | Assets/_Game/Prefabs/Resources/Visuals/IronVein_Exhausted.prefab";"Assets/_Game/Scenes/Zone_GreyRifts.unity | Assets/_Game/Scenes/Zone_TwilightGrove.unity | Assets/_Game/Scenes/Zone_VeilMarsh.unity";"Assets/_Game/Editor/ResourceContentBuilder.cs | Assets/_Game/Editor/T1ResourceVisualBuilder.cs | Assets/_Game/Editor/T2ResourceVisualBuilder.cs"
"Assets/_Game/Art/Resources/T2Meshes/T2_061_Fels.asset";"bd03c83afc6d4d64fafa8bd972fabd94";"4300000";"Loft";"100";"44";"(0.011142,0.3745,-0.003452)";"(0.650522,0.749,0.561231)";"Assets/_Game/Prefabs/Environment/AreaArtVariants/GreyRifts_iron_vein_Exhausted.prefab | Assets/_Game/Prefabs/Environment/AreaArtVariants/VeilMarsh_iron_vein_Exhausted.prefab | Assets/_Game/Prefabs/Resources/Nodes/IronVein.prefab | Assets/_Game/Prefabs/Resources/Visuals/IronVein_Exhausted.prefab";"Assets/_Game/Scenes/Zone_GreyRifts.unity | Assets/_Game/Scenes/Zone_TwilightGrove.unity | Assets/_Game/Scenes/Zone_VeilMarsh.unity";"Assets/_Game/Editor/ResourceContentBuilder.cs | Assets/_Game/Editor/T1ResourceVisualBuilder.cs | Assets/_Game/Editor/T2ResourceVisualBuilder.cs"
"Assets/_Game/Art/StyleProof/Meshes/SP_000_TreeA_Stamm.asset";"4965b8d3be5562043acbf97d58b815a3";"4300000";"Loft";"164";"76";"(0,2.2,0)";"(1.247237,4.4,1.247237)";"Assets/_Game/Prefabs/Environment/StyleProof/SP_Tree_A.prefab";"Assets/_Game/Scenes/Zone_TwilightGrove.unity";"Assets/_Game/Editor/StyleProofContentBuilder.cs | Assets/_Game/Editor/StyleProofPropBuilder.cs"
"Assets/_Game/Art/StyleProof/Meshes/SP_001_TreeA_AstA.asset";"4d962ae21d6449b4cbb60e882489d287";"4300000";"TaperedBox";"24";"12";"(0,0.45,0)";"(0.22,0.9,0.22)";"Assets/_Game/Prefabs/Environment/StyleProof/SP_Tree_A.prefab";"Assets/_Game/Scenes/Zone_TwilightGrove.unity";"Assets/_Game/Editor/StyleProofContentBuilder.cs | Assets/_Game/Editor/StyleProofPropBuilder.cs"
"Assets/_Game/Art/StyleProof/Meshes/SP_002_TreeA_AstB.asset";"b6f852c76603cef478cceae5494a3bfe";"4300000";"TaperedBox";"24";"12";"(0,0.35,0)";"(0.18,0.7,0.18)";"Assets/_Game/Prefabs/Environment/StyleProof/SP_Tree_A.prefab";"Assets/_Game/Scenes/Zone_TwilightGrove.unity";"Assets/_Game/Editor/StyleProofContentBuilder.cs | Assets/_Game/Editor/StyleProofPropBuilder.cs"
"Assets/_Game/Art/StyleProof/Meshes/SP_003_TreeA_KroneTief.asset";"94636064fb7345f4ea3264a14052d782";"4300000";"Loft";"100";"44";"(0,0.45,0)";"(2.956415,1.7,2.679251)";"Assets/_Game/Prefabs/Environment/StyleProof/SP_Tree_A.prefab";"Assets/_Game/Scenes/Zone_TwilightGrove.unity";"Assets/_Game/Editor/StyleProofContentBuilder.cs | Assets/_Game/Editor/StyleProofPropBuilder.cs"
"Assets/_Game/Art/StyleProof/Meshes/SP_004_TreeA_KroneMitte.asset";"a358b49b942df2b40a812c1e1b906a0f";"4300000";"Loft";"132";"60";"(0,0.5,0)";"(2.032535,1,1.847759)";"Assets/_Game/Prefabs/Environment/StyleProof/SP_Tree_A.prefab";"Assets/_Game/Scenes/Zone_TwilightGrove.unity";"Assets/_Game/Editor/StyleProofContentBuilder.cs | Assets/_Game/Editor/StyleProofPropBuilder.cs"
"Assets/_Game/Art/StyleProof/Meshes/SP_005_TreeA_KroneHoch.asset";"27f9528f22706a94dafd5ce2e3f47b58";"4300000";"Loft";"132";"60";"(0,0.4,0)";"(0.970074,0.8,0.877686)";"Assets/_Game/Prefabs/Environment/StyleProof/SP_Tree_A.prefab";"Assets/_Game/Scenes/Zone_TwilightGrove.unity";"Assets/_Game/Editor/StyleProofContentBuilder.cs | Assets/_Game/Editor/StyleProofPropBuilder.cs"
"Assets/_Game/Art/StyleProof/Meshes/SP_006_TreeB_Stamm.asset";"5ce9d1c59174287498007c140d09fe38";"4300000";"Loft";"164";"76";"(0,1.4,0)";"(1.311909,2.8,1.311909)";"Assets/_Game/Prefabs/Environment/StyleProof/SP_Tree_B.prefab";"Assets/_Game/Scenes/Zone_TwilightGrove.unity";"Assets/_Game/Editor/StyleProofContentBuilder.cs | Assets/_Game/Editor/StyleProofPropBuilder.cs"
"Assets/_Game/Art/StyleProof/Meshes/SP_007_TreeB_AstA.asset";"283fed82b327aea4e8d2974033e60eed";"4300000";"TaperedBox";"24";"12";"(0,0.5,0)";"(0.26,1,0.26)";"Assets/_Game/Prefabs/Environment/StyleProof/SP_Tree_B.prefab";"Assets/_Game/Scenes/Zone_TwilightGrove.unity";"Assets/_Game/Editor/StyleProofContentBuilder.cs | Assets/_Game/Editor/StyleProofPropBuilder.cs"
"Assets/_Game/Art/StyleProof/Meshes/SP_008_TreeB_AstB.asset";"fc1e455975bb33a40afa085c56d4e056";"4300000";"TaperedBox";"24";"12";"(0,0.4,0)";"(0.22,0.8,0.22)";"Assets/_Game/Prefabs/Environment/StyleProof/SP_Tree_B.prefab";"Assets/_Game/Scenes/Zone_TwilightGrove.unity";"Assets/_Game/Editor/StyleProofContentBuilder.cs | Assets/_Game/Editor/StyleProofPropBuilder.cs"
"Assets/_Game/Art/StyleProof/Meshes/SP_009_TreeB_KroneTief.asset";"9ef26b654cab9384e80ca8e4625c8815";"4300000";"Loft";"132";"60";"(0,0.45,0)";"(3.325966,1.7,3.048803)";"Assets/_Game/Prefabs/Environment/StyleProof/SP_Tree_B.prefab";"Assets/_Game/Scenes/Zone_TwilightGrove.unity";"Assets/_Game/Editor/StyleProofContentBuilder.cs | Assets/_Game/Editor/StyleProofPropBuilder.cs"
"Assets/_Game/Art/StyleProof/Meshes/SP_010_TreeB_KroneMitte.asset";"601b5f2fccef19349864a8e17d250f54";"4300000";"Loft";"132";"60";"(0.15,0.5,0)";"(2.402087,1,2.124923)";"Assets/_Game/Prefabs/Environment/StyleProof/SP_Tree_B.prefab";"Assets/_Game/Scenes/Zone_TwilightGrove.unity";"Assets/_Game/Editor/StyleProofContentBuilder.cs | Assets/_Game/Editor/StyleProofPropBuilder.cs"
"Assets/_Game/Art/StyleProof/Meshes/SP_011_TreeB_KroneHoch.asset";"766c5c24a45f67644b18f5005b1325d8";"4300000";"Loft";"132";"60";"(-0.1,0.45,0)";"(1.385819,0.9,1.201043)";"Assets/_Game/Prefabs/Environment/StyleProof/SP_Tree_B.prefab";"Assets/_Game/Scenes/Zone_TwilightGrove.unity";"Assets/_Game/Editor/StyleProofContentBuilder.cs | Assets/_Game/Editor/StyleProofPropBuilder.cs"
"Assets/_Game/Art/StyleProof/Meshes/SP_012_TreeC_Stamm.asset";"919f86fcde0191945bea4d3772d482fe";"4300000";"Loft";"164";"76";"(0.025224,1.3,0)";"(1.233014,2.6,1.182566)";"Assets/_Game/Prefabs/Environment/StyleProof/SP_Tree_C.prefab";"Assets/_Game/Scenes/Zone_Marsh.unity | Assets/_Game/Scenes/Zone_TwilightGrove.unity | Assets/_Game/Scenes/Zone_VeilMarsh.unity";"Assets/_Game/Editor/StyleProofContentBuilder.cs | Assets/_Game/Editor/StyleProofPropBuilder.cs"
"Assets/_Game/Art/StyleProof/Meshes/SP_013_TreeC_KroneA.asset";"1cad90dd955597b4fa4d6e43c9b1197b";"4300000";"Loft";"132";"60";"(0.15,0.4,0)";"(2.217311,1.6,1.940147)";"Assets/_Game/Prefabs/Environment/StyleProof/SP_Tree_C.prefab";"Assets/_Game/Scenes/Zone_Marsh.unity | Assets/_Game/Scenes/Zone_TwilightGrove.unity | Assets/_Game/Scenes/Zone_VeilMarsh.unity";"Assets/_Game/Editor/StyleProofContentBuilder.cs | Assets/_Game/Editor/StyleProofPropBuilder.cs"
"Assets/_Game/Art/StyleProof/Meshes/SP_014_TreeC_KroneB.asset";"8029421c667bd764aa54bec104ff1c54";"4300000";"Loft";"68";"28";"(-0.15,0.1,0)";"(0.785298,0.2,0.646716)";"Assets/_Game/Prefabs/Environment/StyleProof/SP_Tree_C.prefab";"Assets/_Game/Scenes/Zone_Marsh.unity | Assets/_Game/Scenes/Zone_TwilightGrove.unity | Assets/_Game/Scenes/Zone_VeilMarsh.unity";"Assets/_Game/Editor/StyleProofContentBuilder.cs | Assets/_Game/Editor/StyleProofPropBuilder.cs"
"Assets/_Game/Art/StyleProof/Meshes/SP_015_Bush_Kuppel.asset";"d114b01d1e8fc2b459fd3dc70a77970f";"4300000";"Loft";"100";"44";"(0,0.45,0)";"(1.247237,0.9,1.108656)";"Assets/_Game/Prefabs/Environment/StyleProof/SP_Plant_Bush.prefab";"Assets/_Game/Scenes/HomeBase.unity | Assets/_Game/Scenes/Zone_EmberRuins.unity | Assets/_Game/Scenes/Zone_Greenwood.unity | Assets/_Game/Scenes/Zone_Marsh.unity | Assets/_Game/Scenes/Zone_Quarry.unity | Assets/_Game/Scenes/Zone_TwilightGrove.unity | Assets/_Game/Scenes/Zone_VeilMarsh.unity";"Assets/_Game/Editor/StyleProofContentBuilder.cs | Assets/_Game/Editor/StyleProofPropBuilder.cs"
"Assets/_Game/Art/StyleProof/Meshes/SP_016_Fern_Wedel.asset";"c6b48fdf08c6ea84ea232e04f2f7a5db";"4300000";"TaperedBox";"24";"12";"(0,0.392919,0)";"(0.14,0.785838,0.03)";"Assets/_Game/Prefabs/Environment/StyleProof/SP_Plant_Fern.prefab";"Assets/_Game/Scenes/Zone_Greenwood.unity | Assets/_Game/Scenes/Zone_Marsh.unity | Assets/_Game/Scenes/Zone_TwilightGrove.unity | Assets/_Game/Scenes/Zone_VeilMarsh.unity";"Assets/_Game/Editor/StyleProofContentBuilder.cs | Assets/_Game/Editor/StyleProofPropBuilder.cs"
"Assets/_Game/Art/StyleProof/Meshes/SP_017_Fern_Wedel.asset";"3c6132030c1afd94b8d8cfdf090b4f37";"4300000";"TaperedBox";"24";"12";"(0,0.392919,0)";"(0.14,0.785838,0.03)";"Assets/_Game/Prefabs/Environment/StyleProof/SP_Plant_Fern.prefab";"Assets/_Game/Scenes/Zone_Greenwood.unity | Assets/_Game/Scenes/Zone_Marsh.unity | Assets/_Game/Scenes/Zone_TwilightGrove.unity | Assets/_Game/Scenes/Zone_VeilMarsh.unity";"Assets/_Game/Editor/StyleProofContentBuilder.cs | Assets/_Game/Editor/StyleProofPropBuilder.cs"
"Assets/_Game/Art/StyleProof/Meshes/SP_018_Fern_Wedel.asset";"b2e0fb4dccd3bb04780be394b86baa31";"4300000";"TaperedBox";"24";"12";"(0,0.392919,0)";"(0.14,0.785838,0.03)";"Assets/_Game/Prefabs/Environment/StyleProof/SP_Plant_Fern.prefab";"Assets/_Game/Scenes/Zone_Greenwood.unity | Assets/_Game/Scenes/Zone_Marsh.unity | Assets/_Game/Scenes/Zone_TwilightGrove.unity | Assets/_Game/Scenes/Zone_VeilMarsh.unity";"Assets/_Game/Editor/StyleProofContentBuilder.cs | Assets/_Game/Editor/StyleProofPropBuilder.cs"
"Assets/_Game/Art/StyleProof/Meshes/SP_019_Fern_Wedel.asset";"726a331cd8b90a642aebdc987be5338a";"4300000";"TaperedBox";"24";"12";"(0,0.392919,0)";"(0.14,0.785838,0.03)";"Assets/_Game/Prefabs/Environment/StyleProof/SP_Plant_Fern.prefab";"Assets/_Game/Scenes/Zone_Greenwood.unity | Assets/_Game/Scenes/Zone_Marsh.unity | Assets/_Game/Scenes/Zone_TwilightGrove.unity | Assets/_Game/Scenes/Zone_VeilMarsh.unity";"Assets/_Game/Editor/StyleProofContentBuilder.cs | Assets/_Game/Editor/StyleProofPropBuilder.cs"
"Assets/_Game/Art/StyleProof/Meshes/SP_020_Fern_Wedel.asset";"66f4d515750b7c54daa3e81568db99bb";"4300000";"TaperedBox";"24";"12";"(0,0.392919,0)";"(0.14,0.785838,0.03)";"Assets/_Game/Prefabs/Environment/StyleProof/SP_Plant_Fern.prefab";"Assets/_Game/Scenes/Zone_Greenwood.unity | Assets/_Game/Scenes/Zone_Marsh.unity | Assets/_Game/Scenes/Zone_TwilightGrove.unity | Assets/_Game/Scenes/Zone_VeilMarsh.unity";"Assets/_Game/Editor/StyleProofContentBuilder.cs | Assets/_Game/Editor/StyleProofPropBuilder.cs"
"Assets/_Game/Art/StyleProof/Meshes/SP_021_Fern_Wedel.asset";"58faa0cd0ff0b4840b7ed4c89e67a2da";"4300000";"TaperedBox";"24";"12";"(0,0.392919,0)";"(0.14,0.785838,0.03)";"Assets/_Game/Prefabs/Environment/StyleProof/SP_Plant_Fern.prefab";"Assets/_Game/Scenes/Zone_Greenwood.unity | Assets/_Game/Scenes/Zone_Marsh.unity | Assets/_Game/Scenes/Zone_TwilightGrove.unity | Assets/_Game/Scenes/Zone_VeilMarsh.unity";"Assets/_Game/Editor/StyleProofContentBuilder.cs | Assets/_Game/Editor/StyleProofPropBuilder.cs"
"Assets/_Game/Art/StyleProof/Meshes/SP_022_Flowers_Stiel.asset";"a20bbb27fb1e0f841a9023f3828ab325";"4300000";"TaperedBox";"24";"12";"(0,0.16,0)";"(0.04,0.32,0.04)";"Assets/_Game/Prefabs/Environment/StyleProof/SP_Plant_Flowers.prefab";"Assets/_Game/Scenes/Zone_Greenwood.unity | Assets/_Game/Scenes/Zone_Marsh.unity";"Assets/_Game/Editor/StyleProofContentBuilder.cs | Assets/_Game/Editor/StyleProofPropBuilder.cs"
"Assets/_Game/Art/StyleProof/Meshes/SP_023_Flowers_Bluete.asset";"4b907877234ca2545a00200c6ae8f857";"4300000";"TaperedBox";"24";"12";"(0,0.04,0)";"(0.12,0.08,0.12)";"Assets/_Game/Prefabs/Environment/StyleProof/SP_Plant_Flowers.prefab";"Assets/_Game/Scenes/Zone_Greenwood.unity | Assets/_Game/Scenes/Zone_Marsh.unity";"Assets/_Game/Editor/StyleProofContentBuilder.cs | Assets/_Game/Editor/StyleProofPropBuilder.cs"
"Assets/_Game/Art/StyleProof/Meshes/SP_024_Flowers_Stiel.asset";"a6a7b38efa01015469f8eac425d1f631";"4300000";"TaperedBox";"24";"12";"(0,0.16,0)";"(0.04,0.32,0.04)";"Assets/_Game/Prefabs/Environment/StyleProof/SP_Plant_Flowers.prefab";"Assets/_Game/Scenes/Zone_Greenwood.unity | Assets/_Game/Scenes/Zone_Marsh.unity";"Assets/_Game/Editor/StyleProofContentBuilder.cs | Assets/_Game/Editor/StyleProofPropBuilder.cs"
"Assets/_Game/Art/StyleProof/Meshes/SP_025_Flowers_Bluete.asset";"b3995ed7168721f478226b5183cced46";"4300000";"TaperedBox";"24";"12";"(0,0.04,0)";"(0.12,0.08,0.12)";"Assets/_Game/Prefabs/Environment/StyleProof/SP_Plant_Flowers.prefab";"Assets/_Game/Scenes/Zone_Greenwood.unity | Assets/_Game/Scenes/Zone_Marsh.unity";"Assets/_Game/Editor/StyleProofContentBuilder.cs | Assets/_Game/Editor/StyleProofPropBuilder.cs"
"Assets/_Game/Art/StyleProof/Meshes/SP_026_Flowers_Stiel.asset";"2defb817df518e54f84f7304f0c9992b";"4300000";"TaperedBox";"24";"12";"(0,0.16,0)";"(0.04,0.32,0.04)";"Assets/_Game/Prefabs/Environment/StyleProof/SP_Plant_Flowers.prefab";"Assets/_Game/Scenes/Zone_Greenwood.unity | Assets/_Game/Scenes/Zone_Marsh.unity";"Assets/_Game/Editor/StyleProofContentBuilder.cs | Assets/_Game/Editor/StyleProofPropBuilder.cs"
"Assets/_Game/Art/StyleProof/Meshes/SP_027_Flowers_Bluete.asset";"ad187da20a83a8444b3df4eec6da165d";"4300000";"TaperedBox";"24";"12";"(0,0.04,0)";"(0.12,0.08,0.12)";"Assets/_Game/Prefabs/Environment/StyleProof/SP_Plant_Flowers.prefab";"Assets/_Game/Scenes/Zone_Greenwood.unity | Assets/_Game/Scenes/Zone_Marsh.unity";"Assets/_Game/Editor/StyleProofContentBuilder.cs | Assets/_Game/Editor/StyleProofPropBuilder.cs"
"Assets/_Game/Art/StyleProof/Meshes/SP_028_Flowers_Stiel.asset";"056551c52f966bd419a79080f06044b4";"4300000";"TaperedBox";"24";"12";"(0,0.16,0)";"(0.04,0.32,0.04)";"Assets/_Game/Prefabs/Environment/StyleProof/SP_Plant_Flowers.prefab";"Assets/_Game/Scenes/Zone_Greenwood.unity | Assets/_Game/Scenes/Zone_Marsh.unity";"Assets/_Game/Editor/StyleProofContentBuilder.cs | Assets/_Game/Editor/StyleProofPropBuilder.cs"
"Assets/_Game/Art/StyleProof/Meshes/SP_029_Flowers_Bluete.asset";"93dde051cc69788479daf4177fba1b11";"4300000";"TaperedBox";"24";"12";"(0,0.04,0)";"(0.12,0.08,0.12)";"Assets/_Game/Prefabs/Environment/StyleProof/SP_Plant_Flowers.prefab";"Assets/_Game/Scenes/Zone_Greenwood.unity | Assets/_Game/Scenes/Zone_Marsh.unity";"Assets/_Game/Editor/StyleProofContentBuilder.cs | Assets/_Game/Editor/StyleProofPropBuilder.cs"
"Assets/_Game/Art/StyleProof/Meshes/SP_030_Flowers_Stiel.asset";"44c372c3de7a044459b0cb6874cf2f66";"4300000";"TaperedBox";"24";"12";"(0,0.16,0)";"(0.04,0.32,0.04)";"Assets/_Game/Prefabs/Environment/StyleProof/SP_Plant_Flowers.prefab";"Assets/_Game/Scenes/Zone_Greenwood.unity | Assets/_Game/Scenes/Zone_Marsh.unity";"Assets/_Game/Editor/StyleProofContentBuilder.cs | Assets/_Game/Editor/StyleProofPropBuilder.cs"
"Assets/_Game/Art/StyleProof/Meshes/SP_031_Flowers_Bluete.asset";"bcf98e596baf8f4488eaff1911130b48";"4300000";"TaperedBox";"24";"12";"(0,0.04,0)";"(0.12,0.08,0.12)";"Assets/_Game/Prefabs/Environment/StyleProof/SP_Plant_Flowers.prefab";"Assets/_Game/Scenes/Zone_Greenwood.unity | Assets/_Game/Scenes/Zone_Marsh.unity";"Assets/_Game/Editor/StyleProofContentBuilder.cs | Assets/_Game/Editor/StyleProofPropBuilder.cs"
"Assets/_Game/Art/StyleProof/Meshes/SP_032_Grass_Kegel.asset";"7021d051480eba24899af3047774df97";"4300000";"Loft";"68";"28";"(0,0.075,0)";"(0.109407,0.15,0.109407)";"Assets/_Game/Prefabs/Environment/StyleProof/SP_GroundCover_Grass.prefab";"Assets/_Game/Scenes/HomeBase.unity | Assets/_Game/Scenes/Zone_EmberRuins.unity | Assets/_Game/Scenes/Zone_GreyRifts.unity | Assets/_Game/Scenes/Zone_Quarry.unity";"Assets/_Game/Editor/StyleProofContentBuilder.cs | Assets/_Game/Editor/StyleProofPropBuilder.cs"
"Assets/_Game/Art/StyleProof/Meshes/SP_033_Grass_Kegel.asset";"faf1a25beb276b940b516dfb2bb9e47f";"4300000";"Loft";"68";"28";"(0,0.075,0)";"(0.109407,0.15,0.109407)";"Assets/_Game/Prefabs/Environment/StyleProof/SP_GroundCover_Grass.prefab";"Assets/_Game/Scenes/HomeBase.unity | Assets/_Game/Scenes/Zone_EmberRuins.unity | Assets/_Game/Scenes/Zone_GreyRifts.unity | Assets/_Game/Scenes/Zone_Quarry.unity";"Assets/_Game/Editor/StyleProofContentBuilder.cs | Assets/_Game/Editor/StyleProofPropBuilder.cs"
"Assets/_Game/Art/StyleProof/Meshes/SP_034_Grass_Kegel.asset";"428299516177ed842b795230fec868a7";"4300000";"Loft";"68";"28";"(0,0.075,0)";"(0.109407,0.15,0.109407)";"Assets/_Game/Prefabs/Environment/StyleProof/SP_GroundCover_Grass.prefab";"Assets/_Game/Scenes/HomeBase.unity | Assets/_Game/Scenes/Zone_EmberRuins.unity | Assets/_Game/Scenes/Zone_GreyRifts.unity | Assets/_Game/Scenes/Zone_Quarry.unity";"Assets/_Game/Editor/StyleProofContentBuilder.cs | Assets/_Game/Editor/StyleProofPropBuilder.cs"
"Assets/_Game/Art/StyleProof/Meshes/SP_035_Grass_Kegel.asset";"6d2ccabac0860f94daa184398e972f6a";"4300000";"Loft";"68";"28";"(0,0.075,0)";"(0.109407,0.15,0.109407)";"Assets/_Game/Prefabs/Environment/StyleProof/SP_GroundCover_Grass.prefab";"Assets/_Game/Scenes/HomeBase.unity | Assets/_Game/Scenes/Zone_EmberRuins.unity | Assets/_Game/Scenes/Zone_GreyRifts.unity | Assets/_Game/Scenes/Zone_Quarry.unity";"Assets/_Game/Editor/StyleProofContentBuilder.cs | Assets/_Game/Editor/StyleProofPropBuilder.cs"
"Assets/_Game/Art/StyleProof/Meshes/SP_036_Grass_Kegel.asset";"a2d7aae598409ed4eabc1c46fd8343a0";"4300000";"Loft";"68";"28";"(0,0.075,0)";"(0.109407,0.15,0.109407)";"Assets/_Game/Prefabs/Environment/StyleProof/SP_GroundCover_Grass.prefab";"Assets/_Game/Scenes/HomeBase.unity | Assets/_Game/Scenes/Zone_EmberRuins.unity | Assets/_Game/Scenes/Zone_GreyRifts.unity | Assets/_Game/Scenes/Zone_Quarry.unity";"Assets/_Game/Editor/StyleProofContentBuilder.cs | Assets/_Game/Editor/StyleProofPropBuilder.cs"
"Assets/_Game/Art/StyleProof/Meshes/SP_037_Grass_Kegel.asset";"5e85b9ffc76db8e479f874fce52c6253";"4300000";"Loft";"68";"28";"(0,0.075,0)";"(0.109407,0.15,0.109407)";"Assets/_Game/Prefabs/Environment/StyleProof/SP_GroundCover_Grass.prefab";"Assets/_Game/Scenes/HomeBase.unity | Assets/_Game/Scenes/Zone_EmberRuins.unity | Assets/_Game/Scenes/Zone_GreyRifts.unity | Assets/_Game/Scenes/Zone_Quarry.unity";"Assets/_Game/Editor/StyleProofContentBuilder.cs | Assets/_Game/Editor/StyleProofPropBuilder.cs"
"Assets/_Game/Art/StyleProof/Meshes/SP_038_Grass_Kegel.asset";"832b6afbecb84a3449b644060e0f0e1b";"4300000";"Loft";"68";"28";"(0,0.075,0)";"(0.109407,0.15,0.109407)";"Assets/_Game/Prefabs/Environment/StyleProof/SP_GroundCover_Grass.prefab";"Assets/_Game/Scenes/HomeBase.unity | Assets/_Game/Scenes/Zone_EmberRuins.unity | Assets/_Game/Scenes/Zone_GreyRifts.unity | Assets/_Game/Scenes/Zone_Quarry.unity";"Assets/_Game/Editor/StyleProofContentBuilder.cs | Assets/_Game/Editor/StyleProofPropBuilder.cs"
"Assets/_Game/Art/StyleProof/Meshes/SP_039_Grass_Kegel.asset";"1fdd8830c7c567c4da98c974a09b50d4";"4300000";"Loft";"68";"28";"(0,0.075,0)";"(0.109407,0.15,0.109407)";"Assets/_Game/Prefabs/Environment/StyleProof/SP_GroundCover_Grass.prefab";"Assets/_Game/Scenes/HomeBase.unity | Assets/_Game/Scenes/Zone_EmberRuins.unity | Assets/_Game/Scenes/Zone_GreyRifts.unity | Assets/_Game/Scenes/Zone_Quarry.unity";"Assets/_Game/Editor/StyleProofContentBuilder.cs | Assets/_Game/Editor/StyleProofPropBuilder.cs"
"Assets/_Game/Art/StyleProof/Meshes/SP_040_Moss_Kuppel.asset";"6a697e8e09102de4ab57d0cd5fc5ce6e";"4300000";"Loft";"100";"44";"(0,0.06,0)";"(0.273968,0.12,0.25479)";"Assets/_Game/Prefabs/Environment/StyleProof/SP_GroundCover_Moss.prefab";"Assets/_Game/Scenes/Zone_Greenwood.unity | Assets/_Game/Scenes/Zone_Marsh.unity | Assets/_Game/Scenes/Zone_TwilightGrove.unity | Assets/_Game/Scenes/Zone_VeilMarsh.unity";"Assets/_Game/Editor/StyleProofContentBuilder.cs | Assets/_Game/Editor/StyleProofPropBuilder.cs"
"Assets/_Game/Art/StyleProof/Meshes/SP_041_Moss_Kuppel.asset";"fa3eaf924c053d8438c9b90a1a5596fc";"4300000";"Loft";"100";"44";"(0,0.06,0)";"(0.273968,0.12,0.25479)";"Assets/_Game/Prefabs/Environment/StyleProof/SP_GroundCover_Moss.prefab";"Assets/_Game/Scenes/Zone_Greenwood.unity | Assets/_Game/Scenes/Zone_Marsh.unity | Assets/_Game/Scenes/Zone_TwilightGrove.unity | Assets/_Game/Scenes/Zone_VeilMarsh.unity";"Assets/_Game/Editor/StyleProofContentBuilder.cs | Assets/_Game/Editor/StyleProofPropBuilder.cs"
"Assets/_Game/Art/StyleProof/Meshes/SP_042_Moss_Kuppel.asset";"fa1b53e40279e2a41896dc9d2bb2c693";"4300000";"Loft";"100";"44";"(0,0.06,0)";"(0.273968,0.12,0.25479)";"Assets/_Game/Prefabs/Environment/StyleProof/SP_GroundCover_Moss.prefab";"Assets/_Game/Scenes/Zone_Greenwood.unity | Assets/_Game/Scenes/Zone_Marsh.unity | Assets/_Game/Scenes/Zone_TwilightGrove.unity | Assets/_Game/Scenes/Zone_VeilMarsh.unity";"Assets/_Game/Editor/StyleProofContentBuilder.cs | Assets/_Game/Editor/StyleProofPropBuilder.cs"
"Assets/_Game/Art/StyleProof/Meshes/SP_043_Moss_Kuppel.asset";"92420175830bbd34dab29c578640ae84";"4300000";"Loft";"100";"44";"(0,0.06,0)";"(0.273968,0.12,0.25479)";"Assets/_Game/Prefabs/Environment/StyleProof/SP_GroundCover_Moss.prefab";"Assets/_Game/Scenes/Zone_Greenwood.unity | Assets/_Game/Scenes/Zone_Marsh.unity | Assets/_Game/Scenes/Zone_TwilightGrove.unity | Assets/_Game/Scenes/Zone_VeilMarsh.unity";"Assets/_Game/Editor/StyleProofContentBuilder.cs | Assets/_Game/Editor/StyleProofPropBuilder.cs"
"Assets/_Game/Art/StyleProof/Meshes/SP_044_Moss_Kuppel.asset";"15c2b5f8553eb2145bacf77881ae3af4";"4300000";"Loft";"100";"44";"(0,0.06,0)";"(0.273968,0.12,0.25479)";"Assets/_Game/Prefabs/Environment/StyleProof/SP_GroundCover_Moss.prefab";"Assets/_Game/Scenes/Zone_Greenwood.unity | Assets/_Game/Scenes/Zone_Marsh.unity | Assets/_Game/Scenes/Zone_TwilightGrove.unity | Assets/_Game/Scenes/Zone_VeilMarsh.unity";"Assets/_Game/Editor/StyleProofContentBuilder.cs | Assets/_Game/Editor/StyleProofPropBuilder.cs"
"Assets/_Game/Art/StyleProof/Meshes/SP_045_Moss_Kuppel.asset";"911589207fc5ca6428b95250e05e395a";"4300000";"Loft";"100";"44";"(0,0.06,0)";"(0.273968,0.12,0.25479)";"Assets/_Game/Prefabs/Environment/StyleProof/SP_GroundCover_Moss.prefab";"Assets/_Game/Scenes/Zone_Greenwood.unity | Assets/_Game/Scenes/Zone_Marsh.unity | Assets/_Game/Scenes/Zone_TwilightGrove.unity | Assets/_Game/Scenes/Zone_VeilMarsh.unity";"Assets/_Game/Editor/StyleProofContentBuilder.cs | Assets/_Game/Editor/StyleProofPropBuilder.cs"
"Assets/_Game/Art/StyleProof/Meshes/SP_046_Mushroom_Stiel.asset";"c2379a2f03845d1458d2f7dbf40b2e73";"4300000";"TaperedBox";"24";"12";"(0,0.11,0)";"(0.06,0.22,0.06)";"Assets/_Game/Prefabs/Environment/StyleProof/SP_Accent_GlowMushrooms.prefab";"Assets/_Game/Scenes/Zone_Marsh.unity | Assets/_Game/Scenes/Zone_TwilightGrove.unity | Assets/_Game/Scenes/Zone_VeilMarsh.unity";"Assets/_Game/Editor/StyleProofContentBuilder.cs | Assets/_Game/Editor/StyleProofPropBuilder.cs"
"Assets/_Game/Art/StyleProof/Meshes/SP_047_Mushroom_Kappe.asset";"b8353332ce2e6554a9eabba29b9a0833";"4300000";"Loft";"100";"44";"(0,0.065,0)";"(0.203254,0.13,0.184776)";"Assets/_Game/Prefabs/Environment/StyleProof/SP_Accent_GlowMushrooms.prefab";"Assets/_Game/Scenes/Zone_Marsh.unity | Assets/_Game/Scenes/Zone_TwilightGrove.unity | Assets/_Game/Scenes/Zone_VeilMarsh.unity";"Assets/_Game/Editor/StyleProofContentBuilder.cs | Assets/_Game/Editor/StyleProofPropBuilder.cs"
"Assets/_Game/Art/StyleProof/Meshes/SP_048_Mushroom_Stiel.asset";"daa82e26ae9e8064598a39f76c33f235";"4300000";"TaperedBox";"24";"12";"(0,0.11,0)";"(0.06,0.22,0.06)";"Assets/_Game/Prefabs/Environment/StyleProof/SP_Accent_GlowMushrooms.prefab";"Assets/_Game/Scenes/Zone_Marsh.unity | Assets/_Game/Scenes/Zone_TwilightGrove.unity | Assets/_Game/Scenes/Zone_VeilMarsh.unity";"Assets/_Game/Editor/StyleProofContentBuilder.cs | Assets/_Game/Editor/StyleProofPropBuilder.cs"
"Assets/_Game/Art/StyleProof/Meshes/SP_049_Mushroom_Kappe.asset";"f056f0cf7ddf2a44e909f0a6446432f9";"4300000";"Loft";"100";"44";"(0,0.065,0)";"(0.203254,0.13,0.184776)";"Assets/_Game/Prefabs/Environment/StyleProof/SP_Accent_GlowMushrooms.prefab";"Assets/_Game/Scenes/Zone_Marsh.unity | Assets/_Game/Scenes/Zone_TwilightGrove.unity | Assets/_Game/Scenes/Zone_VeilMarsh.unity";"Assets/_Game/Editor/StyleProofContentBuilder.cs | Assets/_Game/Editor/StyleProofPropBuilder.cs"
"Assets/_Game/Art/StyleProof/Meshes/SP_050_Mushroom_Stiel.asset";"467a595ec8aa9bf449299851fdc0d099";"4300000";"TaperedBox";"24";"12";"(0,0.11,0)";"(0.06,0.22,0.06)";"Assets/_Game/Prefabs/Environment/StyleProof/SP_Accent_GlowMushrooms.prefab";"Assets/_Game/Scenes/Zone_Marsh.unity | Assets/_Game/Scenes/Zone_TwilightGrove.unity | Assets/_Game/Scenes/Zone_VeilMarsh.unity";"Assets/_Game/Editor/StyleProofContentBuilder.cs | Assets/_Game/Editor/StyleProofPropBuilder.cs"
"Assets/_Game/Art/StyleProof/Meshes/SP_051_Mushroom_Kappe.asset";"b40f33e26af72de47a6a5437f73cccf0";"4300000";"Loft";"100";"44";"(0,0.065,0)";"(0.203254,0.13,0.184776)";"Assets/_Game/Prefabs/Environment/StyleProof/SP_Accent_GlowMushrooms.prefab";"Assets/_Game/Scenes/Zone_Marsh.unity | Assets/_Game/Scenes/Zone_TwilightGrove.unity | Assets/_Game/Scenes/Zone_VeilMarsh.unity";"Assets/_Game/Editor/StyleProofContentBuilder.cs | Assets/_Game/Editor/StyleProofPropBuilder.cs"
"Assets/_Game/Art/StyleProof/Meshes/SP_052_Mushroom_Stiel.asset";"639e8837d63f63849ab32025724934b2";"4300000";"TaperedBox";"24";"12";"(0,0.11,0)";"(0.06,0.22,0.06)";"Assets/_Game/Prefabs/Environment/StyleProof/SP_Accent_GlowMushrooms.prefab";"Assets/_Game/Scenes/Zone_Marsh.unity | Assets/_Game/Scenes/Zone_TwilightGrove.unity | Assets/_Game/Scenes/Zone_VeilMarsh.unity";"Assets/_Game/Editor/StyleProofContentBuilder.cs | Assets/_Game/Editor/StyleProofPropBuilder.cs"
"Assets/_Game/Art/StyleProof/Meshes/SP_053_Mushroom_Kappe.asset";"adb22e17a21b15a47bb63be09248955b";"4300000";"Loft";"100";"44";"(0,0.065,0)";"(0.203254,0.13,0.184776)";"Assets/_Game/Prefabs/Environment/StyleProof/SP_Accent_GlowMushrooms.prefab";"Assets/_Game/Scenes/Zone_Marsh.unity | Assets/_Game/Scenes/Zone_TwilightGrove.unity | Assets/_Game/Scenes/Zone_VeilMarsh.unity";"Assets/_Game/Editor/StyleProofContentBuilder.cs | Assets/_Game/Editor/StyleProofPropBuilder.cs"
"Assets/_Game/Art/StyleProof/Meshes/SP_054_Rock_Fels.asset";"acf1b9045f12ba64b9ed85a0d6018711";"4300000";"Loft";"100";"44";"(0.011142,0.136932,-0.003452)";"(0.668999,0.273863,0.579708)";"Assets/_Game/Prefabs/Environment/StyleProof/SP_Rock_Small.prefab";"Assets/_Game/Scenes/HomeBase.unity | Assets/_Game/Scenes/Zone_Greenwood.unity | Assets/_Game/Scenes/Zone_GreyRifts.unity | Assets/_Game/Scenes/Zone_Marsh.unity | Assets/_Game/Scenes/Zone_Quarry.unity | Assets/_Game/Scenes/Zone_VeilMarsh.unity";"Assets/_Game/Editor/StyleProofContentBuilder.cs | Assets/_Game/Editor/StyleProofPropBuilder.cs"
"Assets/_Game/Art/StyleProof/Meshes/SP_055_Rock_Fels.asset";"d7e73a57baa0560409a5d696d43b186f";"4300000";"Loft";"100";"44";"(0.011142,0.205398,-0.003452)";"(0.668999,0.410795,0.579708)";"Assets/_Game/Prefabs/Environment/StyleProof/SP_Rock_Small.prefab";"Assets/_Game/Scenes/HomeBase.unity | Assets/_Game/Scenes/Zone_Greenwood.unity | Assets/_Game/Scenes/Zone_GreyRifts.unity | Assets/_Game/Scenes/Zone_Marsh.unity | Assets/_Game/Scenes/Zone_Quarry.unity | Assets/_Game/Scenes/Zone_VeilMarsh.unity";"Assets/_Game/Editor/StyleProofContentBuilder.cs | Assets/_Game/Editor/StyleProofPropBuilder.cs"
"Assets/_Game/Art/StyleProof/Meshes/SP_056_Rock_Fels.asset";"da96853ff7612a54eab834e9d7ededa6";"4300000";"Loft";"100";"44";"(0.011142,0.255059,-0.003452)";"(0.668999,0.510118,0.579708)";"Assets/_Game/Prefabs/Environment/StyleProof/SP_Rock_Medium.prefab";"Assets/_Game/Scenes/Zone_EmberRuins.unity | Assets/_Game/Scenes/Zone_Greenwood.unity | Assets/_Game/Scenes/Zone_GreyRifts.unity | Assets/_Game/Scenes/Zone_Marsh.unity | Assets/_Game/Scenes/Zone_Quarry.unity";"Assets/_Game/Editor/StyleProofContentBuilder.cs | Assets/_Game/Editor/StyleProofPropBuilder.cs"
"Assets/_Game/Art/StyleProof/Meshes/SP_057_Rock_Fels.asset";"cd4eee73cac702f40929ba7e159e3bb7";"4300000";"Loft";"100";"44";"(0.011142,0.382589,-0.003452)";"(0.668999,0.765177,0.579708)";"Assets/_Game/Prefabs/Environment/StyleProof/SP_Rock_Medium.prefab";"Assets/_Game/Scenes/Zone_EmberRuins.unity | Assets/_Game/Scenes/Zone_Greenwood.unity | Assets/_Game/Scenes/Zone_GreyRifts.unity | Assets/_Game/Scenes/Zone_Marsh.unity | Assets/_Game/Scenes/Zone_Quarry.unity";"Assets/_Game/Editor/StyleProofContentBuilder.cs | Assets/_Game/Editor/StyleProofPropBuilder.cs"
"Assets/_Game/Art/StyleProof/Meshes/SP_058_Rock_Fels.asset";"46f7de018128ed943b37db276ac320ac";"4300000";"Loft";"100";"44";"(0.011142,0.510118,-0.003452)";"(0.668999,1.020236,0.579708)";"Assets/_Game/Prefabs/Environment/StyleProof/SP_Rock_Medium.prefab";"Assets/_Game/Scenes/Zone_EmberRuins.unity | Assets/_Game/Scenes/Zone_Greenwood.unity | Assets/_Game/Scenes/Zone_GreyRifts.unity | Assets/_Game/Scenes/Zone_Marsh.unity | Assets/_Game/Scenes/Zone_Quarry.unity";"Assets/_Game/Editor/StyleProofContentBuilder.cs | Assets/_Game/Editor/StyleProofPropBuilder.cs"
"Assets/_Game/Art/StyleProof/Meshes/SP_059_Rock_Fels.asset";"f4e9f7b70572fcd458d3b1daade9b901";"4300000";"Loft";"100";"44";"(0.011142,0.579944,-0.003452)";"(0.668999,1.159887,0.579708)";"Assets/_Game/Prefabs/Environment/StyleProof/SP_Rock_Large.prefab";"Assets/_Game/Scenes/Zone_EmberRuins.unity | Assets/_Game/Scenes/Zone_Greenwood.unity | Assets/_Game/Scenes/Zone_GreyRifts.unity | Assets/_Game/Scenes/Zone_Quarry.unity";"Assets/_Game/Editor/StyleProofContentBuilder.cs | Assets/_Game/Editor/StyleProofPropBuilder.cs"
"Assets/_Game/Art/StyleProof/Meshes/SP_060_Rock_Fels.asset";"56a188e152328874a8d2dfbc781b6c92";"4300000";"Loft";"100";"44";"(0.011142,0.869916,-0.003452)";"(0.668999,1.739831,0.579708)";"Assets/_Game/Prefabs/Environment/StyleProof/SP_Rock_Large.prefab";"Assets/_Game/Scenes/Zone_EmberRuins.unity | Assets/_Game/Scenes/Zone_Greenwood.unity | Assets/_Game/Scenes/Zone_GreyRifts.unity | Assets/_Game/Scenes/Zone_Quarry.unity";"Assets/_Game/Editor/StyleProofContentBuilder.cs | Assets/_Game/Editor/StyleProofPropBuilder.cs"
"Assets/_Game/Art/StyleProof/Meshes/SP_061_Rock_Fels.asset";"d8a29e2a5e50ceb41865a4be8ea12f1e";"4300000";"Loft";"100";"44";"(0.011142,1.159887,-0.003452)";"(0.668999,2.319775,0.579708)";"Assets/_Game/Prefabs/Environment/StyleProof/SP_Rock_Large.prefab";"Assets/_Game/Scenes/Zone_EmberRuins.unity | Assets/_Game/Scenes/Zone_Greenwood.unity | Assets/_Game/Scenes/Zone_GreyRifts.unity | Assets/_Game/Scenes/Zone_Quarry.unity";"Assets/_Game/Editor/StyleProofContentBuilder.cs | Assets/_Game/Editor/StyleProofPropBuilder.cs"
"Assets/_Game/Art/StyleProof/Meshes/SP_062_Rock_Fels.asset";"09d4565fe4f822747b86193f6c48cd59";"4300000";"Loft";"100";"44";"(0.011142,0.579944,-0.003452)";"(0.668999,1.159887,0.579708)";"Assets/_Game/Prefabs/Environment/StyleProof/SP_Rock_Large.prefab";"Assets/_Game/Scenes/Zone_EmberRuins.unity | Assets/_Game/Scenes/Zone_Greenwood.unity | Assets/_Game/Scenes/Zone_GreyRifts.unity | Assets/_Game/Scenes/Zone_Quarry.unity";"Assets/_Game/Editor/StyleProofContentBuilder.cs | Assets/_Game/Editor/StyleProofPropBuilder.cs"
"Assets/_Game/Art/StyleProof/Meshes/SP_063_Rock_Fels.asset";"465fd27d00b15534ea6626b754c8846a";"4300000";"Loft";"100";"44";"(0.011142,0.869916,-0.003452)";"(0.668999,1.739831,0.579708)";"Assets/_Game/Prefabs/Environment/StyleProof/SP_Rock_Large.prefab";"Assets/_Game/Scenes/Zone_EmberRuins.unity | Assets/_Game/Scenes/Zone_Greenwood.unity | Assets/_Game/Scenes/Zone_GreyRifts.unity | Assets/_Game/Scenes/Zone_Quarry.unity";"Assets/_Game/Editor/StyleProofContentBuilder.cs | Assets/_Game/Editor/StyleProofPropBuilder.cs"
"Assets/_Game/Art/StyleProof/Meshes/SP_064_RuinA_LagenTief.asset";"4c20a812c362ec645824a547459349ae";"4300000";"TaperedBox";"24";"12";"(0,0.65,0)";"(2.6,1.3,0.7)";"Assets/_Game/Prefabs/Environment/StyleProof/SP_RuinWall_A.prefab";"Assets/_Game/Scenes/Zone_EmberRuins.unity | Assets/_Game/Scenes/Zone_GreyRifts.unity | Assets/_Game/Scenes/Zone_Quarry.unity | Assets/_Game/Scenes/Zone_VeilMarsh.unity";"Assets/_Game/Editor/StyleProofContentBuilder.cs | Assets/_Game/Editor/StyleProofPropBuilder.cs"
"Assets/_Game/Art/StyleProof/Meshes/SP_065_RuinA_LagenHoch.asset";"939a51246fa721a4c968a7b07c11213b";"4300000";"TaperedBox";"24";"12";"(0,0.5,0)";"(2.3,1,0.6)";"Assets/_Game/Prefabs/Environment/StyleProof/SP_RuinWall_A.prefab";"Assets/_Game/Scenes/Zone_EmberRuins.unity | Assets/_Game/Scenes/Zone_GreyRifts.unity | Assets/_Game/Scenes/Zone_Quarry.unity | Assets/_Game/Scenes/Zone_VeilMarsh.unity";"Assets/_Game/Editor/StyleProofContentBuilder.cs | Assets/_Game/Editor/StyleProofPropBuilder.cs"
"Assets/_Game/Art/StyleProof/Meshes/SP_066_RuinA_ZinneA.asset";"cfca0b97c8012394e85d745b830b0290";"4300000";"Wedge";"18";"8";"(0,0.15,0)";"(0.5,0.3,0.5)";"Assets/_Game/Prefabs/Environment/StyleProof/SP_RuinWall_A.prefab";"Assets/_Game/Scenes/Zone_EmberRuins.unity | Assets/_Game/Scenes/Zone_GreyRifts.unity | Assets/_Game/Scenes/Zone_Quarry.unity | Assets/_Game/Scenes/Zone_VeilMarsh.unity";"Assets/_Game/Editor/StyleProofContentBuilder.cs | Assets/_Game/Editor/StyleProofPropBuilder.cs"
"Assets/_Game/Art/StyleProof/Meshes/SP_067_RuinA_ZinneB.asset";"610c50f6fc8448c4ca0f7ea5588c4d9a";"4300000";"Wedge";"18";"8";"(0,0.09,0)";"(0.45,0.18,0.45)";"Assets/_Game/Prefabs/Environment/StyleProof/SP_RuinWall_A.prefab";"Assets/_Game/Scenes/Zone_EmberRuins.unity | Assets/_Game/Scenes/Zone_GreyRifts.unity | Assets/_Game/Scenes/Zone_Quarry.unity | Assets/_Game/Scenes/Zone_VeilMarsh.unity";"Assets/_Game/Editor/StyleProofContentBuilder.cs | Assets/_Game/Editor/StyleProofPropBuilder.cs"
"Assets/_Game/Art/StyleProof/Meshes/SP_068_RuinA_ZinneC.asset";"db4f81c9cd42581409d9a1fcc58629a8";"4300000";"Wedge";"18";"8";"(0,0.12,0)";"(0.4,0.24,0.4)";"Assets/_Game/Prefabs/Environment/StyleProof/SP_RuinWall_A.prefab";"Assets/_Game/Scenes/Zone_EmberRuins.unity | Assets/_Game/Scenes/Zone_GreyRifts.unity | Assets/_Game/Scenes/Zone_Quarry.unity | Assets/_Game/Scenes/Zone_VeilMarsh.unity";"Assets/_Game/Editor/StyleProofContentBuilder.cs | Assets/_Game/Editor/StyleProofPropBuilder.cs"
"Assets/_Game/Art/StyleProof/Meshes/SP_069_RuinB_LagenTief.asset";"bab1665c0c6d55644b263c019f5ab743";"4300000";"TaperedBox";"24";"12";"(0,0.65,0)";"(2,1.3,0.7)";"Assets/_Game/Prefabs/Environment/StyleProof/SP_RuinWall_B.prefab";"Assets/_Game/Scenes/Zone_EmberRuins.unity | Assets/_Game/Scenes/Zone_GreyRifts.unity | Assets/_Game/Scenes/Zone_Quarry.unity";"Assets/_Game/Editor/StyleProofContentBuilder.cs | Assets/_Game/Editor/StyleProofPropBuilder.cs"
"Assets/_Game/Art/StyleProof/Meshes/SP_070_RuinB_LagenHoch.asset";"4c5eba0b5389f6a41a8445a166e38513";"4300000";"TaperedBox";"24";"12";"(0,0.5,0)";"(1.75,1,0.6)";"Assets/_Game/Prefabs/Environment/StyleProof/SP_RuinWall_B.prefab";"Assets/_Game/Scenes/Zone_EmberRuins.unity | Assets/_Game/Scenes/Zone_GreyRifts.unity | Assets/_Game/Scenes/Zone_Quarry.unity";"Assets/_Game/Editor/StyleProofContentBuilder.cs | Assets/_Game/Editor/StyleProofPropBuilder.cs"
"Assets/_Game/Art/StyleProof/Meshes/SP_071_RuinB_ZinneA.asset";"44a9aea90024da14aa6d1bf5c365c640";"4300000";"Wedge";"18";"8";"(0,0.12,0)";"(0.4,0.24,0.4)";"Assets/_Game/Prefabs/Environment/StyleProof/SP_RuinWall_B.prefab";"Assets/_Game/Scenes/Zone_EmberRuins.unity | Assets/_Game/Scenes/Zone_GreyRifts.unity | Assets/_Game/Scenes/Zone_Quarry.unity";"Assets/_Game/Editor/StyleProofContentBuilder.cs | Assets/_Game/Editor/StyleProofPropBuilder.cs"
"Assets/_Game/Art/StyleProof/Meshes/SP_072_RuinB_ZinneB.asset";"844ae712f5b12e241999abc4d7c5a4bb";"4300000";"Wedge";"18";"8";"(0,0.15,0)";"(0.45,0.3,0.45)";"Assets/_Game/Prefabs/Environment/StyleProof/SP_RuinWall_B.prefab";"Assets/_Game/Scenes/Zone_EmberRuins.unity | Assets/_Game/Scenes/Zone_GreyRifts.unity | Assets/_Game/Scenes/Zone_Quarry.unity";"Assets/_Game/Editor/StyleProofContentBuilder.cs | Assets/_Game/Editor/StyleProofPropBuilder.cs"
"Assets/_Game/Art/StyleProof/Meshes/SP_073_Monument_Sockel.asset";"2778638ea8fdfae4c876831a12cf9243";"4300000";"Loft";"100";"44";"(0,0.5,0)";"(1.478207,1,1.385819)";"Assets/_Game/Prefabs/Environment/StyleProof/SP_RuinMonument.prefab";"Assets/_Game/Scenes/Zone_EmberRuins.unity | Assets/_Game/Scenes/Zone_GreyRifts.unity | Assets/_Game/Scenes/Zone_TwilightGrove.unity";"Assets/_Game/Editor/StyleProofContentBuilder.cs | Assets/_Game/Editor/StyleProofPropBuilder.cs"
"Assets/_Game/Art/StyleProof/Meshes/SP_074_Monument_KoerperTief.asset";"cfb4a9015ec5dc249a8a266bee4e6686";"4300000";"TaperedBox";"24";"12";"(0,0.9,0)";"(1,1.8,0.9)";"Assets/_Game/Prefabs/Environment/StyleProof/SP_RuinMonument.prefab";"Assets/_Game/Scenes/Zone_EmberRuins.unity | Assets/_Game/Scenes/Zone_GreyRifts.unity | Assets/_Game/Scenes/Zone_TwilightGrove.unity";"Assets/_Game/Editor/StyleProofContentBuilder.cs | Assets/_Game/Editor/StyleProofPropBuilder.cs"
"Assets/_Game/Art/StyleProof/Meshes/SP_075_Monument_KoerperHoch.asset";"5997694136e6acf438842a3c9e4cf2a5";"4300000";"TaperedBox";"24";"12";"(0,0.8,0)";"(0.8,1.6,0.7)";"Assets/_Game/Prefabs/Environment/StyleProof/SP_RuinMonument.prefab";"Assets/_Game/Scenes/Zone_EmberRuins.unity | Assets/_Game/Scenes/Zone_GreyRifts.unity | Assets/_Game/Scenes/Zone_TwilightGrove.unity";"Assets/_Game/Editor/StyleProofContentBuilder.cs | Assets/_Game/Editor/StyleProofPropBuilder.cs"
"Assets/_Game/Art/StyleProof/Meshes/SP_076_Monument_Spitze.asset";"076c9ad74435445429c00b74ed4c6567";"4300000";"Wedge";"18";"8";"(0,0.3,0)";"(0.6,0.6,0.5)";"Assets/_Game/Prefabs/Environment/StyleProof/SP_RuinMonument.prefab";"Assets/_Game/Scenes/Zone_EmberRuins.unity | Assets/_Game/Scenes/Zone_GreyRifts.unity | Assets/_Game/Scenes/Zone_TwilightGrove.unity";"Assets/_Game/Editor/StyleProofContentBuilder.cs | Assets/_Game/Editor/StyleProofPropBuilder.cs"
"Assets/_Game/Art/StyleProof/Meshes/SP_077_Rune_Platte.asset";"4100581c7c35269409f5c6e63ccd7b2e";"4300000";"TaperedBox";"24";"12";"(0,0.4,0)";"(0.65,0.8,0.13)";"Assets/_Game/Prefabs/Environment/StyleProof/SP_EidrenRune.prefab";"Assets/_Game/Scenes/HomeBase.unity | Assets/_Game/Scenes/Zone_EmberRuins.unity | Assets/_Game/Scenes/Zone_Greenwood.unity | Assets/_Game/Scenes/Zone_GreyRifts.unity | Assets/_Game/Scenes/Zone_Quarry.unity | Assets/_Game/Scenes/Zone_VeilMarsh.unity";"Assets/_Game/Editor/StyleProofContentBuilder.cs | Assets/_Game/Editor/StyleProofPropBuilder.cs"
"Assets/_Game/Art/StyleProof/Meshes/SP_078_Rune_ZeichenA.asset";"ca37c5e7475db0048a0b1c45c0e4971b";"4300000";"TaperedBox";"24";"12";"(0,0.08,0)";"(0.16,0.16,0.05)";"Assets/_Game/Prefabs/Environment/StyleProof/SP_EidrenRune.prefab";"Assets/_Game/Scenes/HomeBase.unity | Assets/_Game/Scenes/Zone_EmberRuins.unity | Assets/_Game/Scenes/Zone_Greenwood.unity | Assets/_Game/Scenes/Zone_GreyRifts.unity | Assets/_Game/Scenes/Zone_Quarry.unity | Assets/_Game/Scenes/Zone_VeilMarsh.unity";"Assets/_Game/Editor/StyleProofContentBuilder.cs | Assets/_Game/Editor/StyleProofPropBuilder.cs"
"Assets/_Game/Art/StyleProof/Meshes/SP_079_Rune_ZeichenB.asset";"71f6db2ee9eaca04487b895147bed2ff";"4300000";"TaperedBox";"24";"12";"(0,0.07,0)";"(0.2,0.14,0.05)";"Assets/_Game/Prefabs/Environment/StyleProof/SP_EidrenRune.prefab";"Assets/_Game/Scenes/HomeBase.unity | Assets/_Game/Scenes/Zone_EmberRuins.unity | Assets/_Game/Scenes/Zone_Greenwood.unity | Assets/_Game/Scenes/Zone_GreyRifts.unity | Assets/_Game/Scenes/Zone_Quarry.unity | Assets/_Game/Scenes/Zone_VeilMarsh.unity";"Assets/_Game/Editor/StyleProofContentBuilder.cs | Assets/_Game/Editor/StyleProofPropBuilder.cs"
"Assets/_Game/Art/StyleProof/Meshes/SP_080_Rune_ZeichenC.asset";"6d34ef8f99f96914b9832d45f3733813";"4300000";"TaperedBox";"24";"12";"(0,0.09,0)";"(0.14,0.18,0.05)";"Assets/_Game/Prefabs/Environment/StyleProof/SP_EidrenRune.prefab";"Assets/_Game/Scenes/HomeBase.unity | Assets/_Game/Scenes/Zone_EmberRuins.unity | Assets/_Game/Scenes/Zone_Greenwood.unity | Assets/_Game/Scenes/Zone_GreyRifts.unity | Assets/_Game/Scenes/Zone_Quarry.unity | Assets/_Game/Scenes/Zone_VeilMarsh.unity";"Assets/_Game/Editor/StyleProofContentBuilder.cs | Assets/_Game/Editor/StyleProofPropBuilder.cs"
"Assets/_Game/Art/Zones/Meshes/Ast_000_Ast.asset";"a5ec9c70fc35ff04ab31a57cc2a49cb0";"4300000";"TaperedBox";"24";"12";"(0,1.5,0)";"(0.16,3,0.16)";"Assets/_Game/Prefabs/Environment/AreaArtVariants/Marsh_tree_Active.prefab";"Assets/_Game/Scenes/Zone_Marsh.unity";""
"Assets/_Game/Art/Zones/Meshes/Ast_001_Ast.asset";"bd033ec35f46bb74aa52998a849bbaf9";"4300000";"TaperedBox";"24";"12";"(0,1.25,0)";"(0.13,2.5,0.13)";"Assets/_Game/Prefabs/Environment/AreaArtVariants/Marsh_tree_Active.prefab";"Assets/_Game/Scenes/Zone_Marsh.unity";""
"Assets/_Game/Art/Zones/Meshes/Ast_002_Ast.asset";"20ae897a5a88b6b46aac8f7f530cd57e";"4300000";"TaperedBox";"24";"12";"(0,1.4,0)";"(0.28,2.8,0.28)";"Assets/_Game/Prefabs/Environment/AreaArtVariants/Quarry_tree_Active.prefab";"Assets/_Game/Scenes/Zone_Quarry.unity";""
"Assets/_Game/Art/Zones/Meshes/Ast_003_Ast.asset";"7a37d696c39470144ba8f073e1476e59";"4300000";"TaperedBox";"24";"12";"(0,1.35,0)";"(0.18,2.7,0.18)";"Assets/_Game/Prefabs/Environment/AreaArtVariants/EmberRuins_tree_Active.prefab";"Assets/_Game/Scenes/Zone_EmberRuins.unity";""
"Assets/_Game/Art/Zones/Meshes/Ast_004_Ast.asset";"a96ebfbcdf7e7de4e9affd4a7a376d79";"4300000";"TaperedBox";"24";"12";"(0,1.2,0)";"(0.14,2.4,0.14)";"Assets/_Game/Prefabs/Environment/AreaArtVariants/EmberRuins_tree_Active.prefab";"Assets/_Game/Scenes/Zone_EmberRuins.unity";""
